mu_rad_s,g_rad_s,ki_rad_s,Delta_MHz,delta_r_MHz,eps_raw_MHz,eps_resid_MHz,Qa,P_uW_IDT10,eta_shift,IL_dB,eta_abs_onchip,eta_abs_fiber
10620311500.871708,3716714844.700721,1021931912.8501343,16.37523118076098,19.652909508705804,85.5501450788763,50.5501450788763,1958.4743515857053,34.457178681253275,0.951265553517183,4.914467264614145,0.3067997802722934,0.1537641331521257
10710208342.488764,3782016456.030677,1288995039.6044598,2.542728561542467,12.688313051355243,114.16519850228362,79.16519850228362,3286.7863952191083,20.531757333972298,0.944633424369501,6.2558230516214275,0.22370773628678595,0.1121194614905936
10268551591.86959,3819936244.07131,798084332.1918834,-5.047698811078567,26.237173653420225,-96.41851151960819,-61.41851151960819,2794.9086405222392,24.14515440570206,0.9691855200528415,3.774894273433389,0.4063661175282519,0.20366551028383956
10461503536.454012,3929901518.043251,1287890450.937787,-29.800125917513444,-76.46435355021245,-29.94663651447475,-0.0,3470.5718108373903,19.444490520124887,0.9580857881075848,5.854269756117598,0.2488727934018611,0.12473186685017042
10196840005.436115,3650340447.971524,900169764.8630029,21.09095578451798,51.51267402586266,-119.24501843530685,-84.24501843530685,2403.0190615760034,28.08279874025706,0.9664472648874213,4.350647830431635,0.35490603001988663,0.1778743713833046
10243422084.066256,3733629380.2759385,968052451.9837443,30.871264978393523,52.960707853121384,-104.4174822883425,-69.4174822883425,2994.469921383422,22.53604225353629,0.9787223493850209,4.664963293522689,0.3343206298312889,0.167557231609671
10461503536.454012,3812618342.5117884,1214253089.3911138,62.31825035979415,73.51444172421493,26.92866871679606,0.0,3261.2948776394555,20.69224133577435,0.9479637769886181,5.5470341718248015,0.2642946216950632,0.13246109030991515
10646958631.828993,3847245290.946888,959451169.7070107,-15.06947596004554,-82.1455799486293,94.03219030101424,59.032190301014225,1596.1408791227313,42.279163172821235,0.9211608573012989,4.5202098256413485,0.3253227933994629,0.16304763085977345
10709188594.147833,3752705279.7863717,1044929080.459005,18.274359360651612,-32.94814148115906,113.84060252394579,78.84060252394578,2225.393505386387,30.324300179676932,0.8786328411319931,4.818860107879202,0.28968194067645264,0.14518489047941088
9833139055.174917,3778675289.340033,727093207.5696627,-0.7667882311618563,-21.55762209930805,-235.01462651788532,-200.01462651788532,2455.5464772591777,27.48207020319313,0.8821064254817319,4.269006902941134,0.3300808243942979,0.16543229525158762
10244752690.565092,3566487123.774968,1169083514.5670307,35.151013527207084,68.03712725261643,-103.99393708514243,-68.99393708514243,3455.064991369901,19.5317601387532,0.9537594551331362,5.43799614175247,0.27267118290333303,0.13665931584919747
10371990329.455042,3671298251.5003047,1037957626.9620767,-2.6252644335274113,23.076747655160773,-63.49293873178826,-28.492938731788254,3337.0923792907524,20.222245297741164,0.970566035349045,4.826339715636025,0.3194413390474863,0.1600999210234012
10475841337.516903,3842829810.121811,911068173.6415758,-17.93740255000005,70.8181814056604,39.56386382445468,4.563863824454674,1741.5517327800276,38.749064644503456,0.9671357374663069,4.473951780764525,0.34521706308539857,0.17301838484870244
10461503536.454012,3908646951.8717966,1190341548.1907182,-46.99537060189753,18.663526013826242,23.771643808626003,0.0,3509.582007542515,19.228358400006073,0.9446348821356433,5.557421324401098,0.2627373686660968,0.13168061497226982
10477521681.65885,3796957229.142577,894911437.8189447,20.0449717256943,-24.423774478288074,40.09873397702736,5.098733977027357,2842.6147321038634,23.73993911770615,0.9570255041845778,4.226883418148598,0.3616056185393153,0.1812321196197981
10470357334.855965,3883433286.6678987,986422051.6231627,4.590279646131879,-50.3716718019596,37.81825156161981,2.8182515616198103,1716.0251553730975,39.32547286031367,0.9576214666567471,4.623999055334309,0.3302128483871015,0.16549846399131327
11229846230.272734,3757648540.904474,791924133.8955845,31.446858812639015,-21.59431556269426,279.5710754195845,244.57107541958447,2970.9481651201168,22.714465862285387,0.6177789500237871,4.302707616696712,0.2293835895312435,0.11496412667665765
10461503536.454012,3716749719.5510917,955745674.1943493,-15.241716417597493,56.178446491665966,8.468886095989186,0.0,3306.386138965684,20.41004826385787,0.9740937940220054,4.623954416988442,0.3358963887678051,0.16834698187192698
10490955659.021484,3688046537.128366,834185921.2306155,72.43028269240345,-32.65816982227843,44.37490178232322,9.374901782323215,2095.476224908962,32.204374295953706,0.854065501929433,3.867684137845827,0.35052804129789183,0.17568017932687666
10461503536.454012,3715134893.6255817,870021125.3185163,-19.635346783463618,-69.2846670567314,-30.380716380606643,-0.0,2225.002961188717,30.32962286000148,0.9722984658488585,4.139429966057598,0.37484921344324373,0.18786964031297823
10461503536.454012,3790939078.2504683,1167166618.699332,14.420293907508743,12.11319293189206,-21.55711276380887,-0.0,2133.716160637889,31.627215428253415,0.9641568709711487,5.38699508771514,0.27889979290589917,0.13978101566572673
10283034803.526808,3692221480.7936945,881038351.2115232,11.683026485055212,55.16467657356029,-91.8083620654237,-56.80836206542369,2996.090017033489,22.5238561897608,0.9706130711411022,4.150631655352752,0.37323552188409526,0.18706087870452093
10461503536.454012,3880095308.1648555,1005718090.2638043,30.893893307775084,97.19177000131437,3.070484855620079,0.0,3028.1067170813185,22.285707532885493,0.9836849755391153,4.788323755325724,0.3266056268778411,0.16369057062200626
10302139519.230038,3776555088.781613,1307426779.327825,-4.502012841142535,50.43006679563636,-85.7271421843549,-50.727142184354896,3141.9289382021757,21.478366316538853,0.9323376727726402,5.781262255889569,0.24629012969389488,0.12343746877098527
11289325340.590342,3665986845.1044183,1295810095.8695455,-25.469609096659045,39.35329749719742,298.5038642550954,263.5038642550954,3439.71349676401,19.61893068673509,0.9178323418945373,9.194289860060623,0.11049289967902322,0.05537763072558537
10747927974.115149,3730570867.8836417,1151595682.1719897,-27.460425882490625,-69.47304752019738,126.17173015217266,91.17173015217266,1939.1113446355944,34.801251027656726,0.919807001432462,5.630833364916308,0.25154365934156836,0.1260704707618816
9991354700.19286,3929513442.1035867,1039835012.8967743,22.796939377155194,-13.851130503449616,-184.65302255972904,-149.65302255972904,3007.7433014635817,22.43658913392061,0.9682205110705626,5.637549545186023,0.2643743543573971,0.13250105130238005
10790662274.094183,3914269373.80394,878896721.3618361,2.997955097425744,-13.879799578235655,139.77448031464309,104.77448031464307,2880.777068305987,23.425450520863563,0.9056826622891931,4.494933051535969,0.32172347344610164,0.16124369764940885
10461503536.454012,3974663676.198847,808125573.4297037,9.658107296852604,6.4063322610863755,32.716500518523034,0.0,2103.1207971035747,32.08731555894403,0.9794141105225889,3.873774814875228,0.40141063558740786,0.20118188599861803
10332703458.334585,3546458392.5236473,1300844124.0879445,-22.67342540402068,-35.74240879901557,-75.99833820665808,-40.998338206658076,3549.8762174976373,19.010099659984895,0.9205275091288977,5.773414145572278,0.24361013753930777,0.12209429091688496
10668969304.774801,3965869374.526859,1024517635.2797351,3.939178867487075,32.30397762304045,101.03840510122315,66.03840510122315,2538.229257092254,26.58684218010633,0.9681693568635927,5.158985167863159,0.2951568155274321,0.14792882786042882
10327330785.785267,3783511362.7994533,780857794.5119835,6.112227199710486,50.46968268744966,-77.70851299433437,-42.70851299433436,3496.119775655203,19.302399518790317,0.977596569771482,3.7034491680866117,0.41669160626592106,0.20884051342012153
10866772360.23245,3542419313.2210474,1089920010.913046,17.203963013222058,5.275016588915398,164.00107317075353,129.0010731707535,3542.7008000004344,19.048602883775004,0.8617370941921523,5.520262854128425,0.24173999150107553,0.12115699759750435
11045764537.328894,3633177639.412585,1183190356.0233061,-40.77664878502424,-10.571186173544712,220.97605269011126,185.97605269011123,3397.09763455242,19.865045970081898,0.9575799182896108,7.53705253890913,0.16883783550424677,0.08461936770798989
10830680285.902184,3604168196.3597665,1083535431.082827,-21.403557249365527,8.382838278309189,152.51260909854932,117.51260909854932,2502.7552807595894,26.96368326301522,0.9650545081861427,6.102296503107678,0.2367675572582381,0.11866487703494313
10949632547.596031,3829049193.1359878,1268802235.5525675,48.24194888976746,15.869894858344795,190.37628997962247,155.37628997962244,2137.9468839994697,31.56462921520226,0.7767773538688195,5.900214995705638,0.1996526394866311,0.10006335407068774
10461503536.454012,3674203109.06088,734419851.9883324,-10.962701534172298,32.17487650717413,3.538269053568521,0.0,2759.0967368913807,24.458548253466677,0.9861640593312185,3.6025284469545014,0.4302256763057117,0.21562361654308193
10467943360.718342,3402278432.530785,1032140732.9148875,-2.341397494834827,-33.22883661129661,37.04985972862247,2.0498597286224722,2482.5577408938566,27.183053817287064,0.9343092042569703,4.753702506351015,0.31269459659753907,0.15671853983891645
10461503536.454012,3770342011.4450946,989976459.358987,-11.114274751646054,57.90874965430581,-34.702723806099094,-0.0,2520.4492111444815,26.77439417420258,0.9751539472018667,4.7597435252798554,0.32591085867283764,0.16334236166732838
10724145392.360847,3714179858.474905,748275057.6641527,-41.756067306737485,2.1126418588724327,118.60149926080439,83.60149926080439,2065.485127714916,32.67198575760191,0.9567100755508541,4.307703255715248,0.3548215773198779,0.17783204476821488
9725781691.656635,3805464183.307699,1100780762.3571503,-30.010839258081248,-6.174563892262995,-269.18753668038147,-234.18753668038147,3279.7737430666352,20.575657335478958,0.8174395652258973,5.520905133914863,0.22927945511925354,0.114911935838787
10461503536.454012,3767299245.4200497,1229431635.9109035,10.342023737435381,27.984788816793706,12.190169989708703,0.0,3053.369909271681,22.10131843846496,0.9630549835862219,5.646567432557813,0.2624184341326803,0.1315207690557586
10461503536.454012,3718984301.9269547,1071320697.566118,-18.75002781286725,-26.97747125361632,6.657476242932534,0.0,3326.578483696143,20.286159189083598,0.9719914447762923,5.01394716201891,0.30638516007525857,0.1535563308025678
10418573133.461422,3595461136.3349786,868671999.7500173,56.55376351135158,35.27643325069015,-48.66517169039558,-13.66517169039558,2649.0238166146114,25.474856153419783,0.9596955525065319,4.1675601041726775,0.367601666656206,0.1842372623881986
10461503536.454012,3880253942.4590116,1221668115.426851,-41.79685808341789,85.4332072709431,28.71668640500706,0.0,1758.1073752313994,38.384174724458006,0.8855006817859381,5.6671154762684575,0.24014710319925708,0.12035866231603871
10579091011.075598,3949139540.8358593,1020515905.8468802,-54.18848182922183,17.81653729805847,72.42925566343638,37.42925566343637,3320.4871472370655,20.32337355420648,0.9498491105418344,5.191663363257904,0.2874010060506307,0.14404171516421052
10461503536.454012,3762241385.595813,1021364022.6741085,-10.935251640486298,8.688899528469076,-7.9601091078498705,-0.0,1710.579939265483,39.45065595953234,0.979863711495988,4.83527454818156,0.3218386659541693,0.16130143066386188
10260658468.797398,3739743840.9312563,1168789504.8219438,-33.74448256666273,-18.33509253002558,-98.93097062635265,-63.93097062635264,1883.6674992444675,35.82559061103284,0.9405621491976335,5.259804849396855,0.280160570185184,0.14041290114255162
10346631032.103504,3592364597.9367466,800375048.3201238,38.51824788566946,59.55706010414988,-71.56505378545712,-36.565053785457124,3486.5638639507206,19.355303189190085,0.9840962306898832,3.870831068435263,0.40360307045516824,0.20228070636489884
10252776879.263075,3676370079.975501,1209336168.538137,-11.89093539766552,45.25497804069439,-101.43975849397027,-66.43975849397027,2709.854691747258,24.902996046525406,0.9196127914984122,5.344730807853661,0.26861602787525235,0.13462692391874398
10554982341.922892,3844544040.17851,1126326947.2454362,14.405462283898405,-59.39955645741081,64.75522792939582,29.75522792939581,2940.2447430437733,22.951661025803126,0.9032567189827145,5.072197026579628,0.2809257171090295,0.14079638301263217
10630085332.18275,3694872992.550357,1189530717.4176042,-39.575251121286826,38.890565193640555,88.6612522110739,53.661252211073894,3236.615114391281,20.850023339253944,0.958303358023615,6.109829582918307,0.23470376245820215,0.11763052942833876
9899647338.577793,3627813159.40984,826977867.8696501,18.4324766743492,-26.122239728635343,-213.8443823976366,-178.8443823976366,2919.0509854407937,23.11830146572445,0.9466713416433504,5.011344276238447,0.29858281101625583,0.14964589306189188
10461503536.454012,3729569130.5953817,1198826021.4058788,17.675934424121486,-46.31427736280504,28.077472786934276,0.0,2471.2617148180957,27.307306332873615,0.9153023435811254,5.412534912420158,0.2632152715499113,0.1319201337965513
10410317997.578773,3808212915.3147073,826799883.6766486,34.40916720662523,-2.767068099372747,-51.29286305363314,-16.29286305363314,2672.288818429992,25.253071527982453,0.9681965457713038,3.9907896383808907,0.3862642948151088,0.1935907333673735
10321356273.521425,3681344813.7775607,759966648.0524389,5.944914383689643,-26.140506250289683,-79.61025931304145,-44.61025931304145,2378.9221011547065,28.367259542666165,0.9860379885862577,3.7468101238010627,0.416114294160632,0.20855117196313216
10091642716.210428,3810146724.5090556,1231011051.2577226,14.21528879497074,45.947011243495574,-152.7303555955786,-117.73035559557859,2741.6965626902957,24.613774402890876,0.9425941349528593,5.775759010076501,0.24931524316819806,0.12495361702457987
10837894706.051584,4007171999.335986,1234698508.0202818,4.449181149543652,-49.86678501011978,154.8090303551871,119.8090303551871,1574.4802723412436,42.86081055489676,0.8604241929185493,5.814442142621097,0.225563278789729,0.11304943570452146
10524555577.668324,3602010379.080264,1243985520.000156,25.572186913921467,-50.99699027658828,55.07008806258321,20.07008806258321,2601.7801752996866,25.93743365250571,0.8573450516059329,5.4128845422599,0.2465285329621921,0.12355695344551086
10507987194.525896,3930879766.6169276,997631922.2092212,-11.738573218614118,-37.52853770568368,49.7962079102677,14.796207910267693,1618.3582186693563,41.69874129024812,0.9741665581095146,4.723289405948236,0.3283252443289378,0.16455242093521857
10461503536.454012,3807788583.2004256,877165899.7487866,14.959345129942685,-5.645948853213769,34.93392488610317,0.0,1792.6340561126706,37.64488376483172,0.973767062740714,4.1736608334893,0.3724680260033223,0.186676219567216
11232014511.926105,3805494126.8774223,714631892.5575278,-16.12174518925436,23.23121777940261,280.26126090588366,245.26126090588366,3288.1275974534947,20.523382586339775,0.704110472127494,5.160852221411605,0.214563369848494,0.10753642177211198
10461503536.454012,3808012785.1225157,1103455232.8029802,19.460734365134705,-43.16831754606044,11.964609462493094,0.0,2908.553818130058,23.201736978216275,0.9328658135964695,5.073451010233696,0.29005080618350193,0.14536976116246944
11415305991.173925,3801686913.434269,1148624200.483922,-7.986908057752673,-28.778910908500784,338.60475080371583,303.60475080371583,1939.8007777821292,34.788882161598856,0.7353260301506404,7.579738598488795,0.12838257441023684,0.06434370731461403
10461503536.454012,3951059622.709777,1219042609.1060975,-18.38947134427691,-62.182322708960164,-31.715370565760768,-0.0,3086.821126261214,21.86181120153759,0.963536350937816,5.594687033876378,0.2657048001716088,0.13316785375949577
10389342449.2334,3700515730.1329336,881932780.3760303,-19.19896257503119,-8.03626129188212,-57.96958746009147,-22.969587460091468,2535.8400372633205,26.611891792697033,0.980807487375524,4.178052191277616,0.37478185239741774,0.18783587981676647
10368607723.151228,3762589003.900829,841347669.1124586,40.766766187237565,-40.65452169899854,-64.56965575935985,-29.56965575935984,1843.7379402254517,36.60146011151045,0.938871104741598,4.15142231415891,0.36096387627644333,0.1809104865903676
10783965090.806076,3761182281.926876,1099565035.9876504,-43.74320154039548,85.4933211375986,137.64270066445377,102.64270066445377,3457.261961140355,19.519348384286538,0.8659330813676346,6.313810462044031,0.20235003561725573,0.10141525457539241
10247041902.635736,3634001920.226968,1200464211.918535,-41.64667376471769,75.81412594122062,-103.26525825148506,-68.26525825148505,1798.9943499253654,37.51179133944471,0.8396319006233584,5.032647680956757,0.2635264202092702,0.1320760775323822
10660776006.319792,3630710858.115104,1297036105.6237261,17.48960004121039,-37.10128635570127,98.43039720253925,63.430397202539254,1610.0780017771328,41.913187187673515,0.8476792568272152,5.671006072173349,0.22968410881676227,0.11511474310601845
10791864407.769953,3601920923.1428494,801959735.5145653,-28.071634420119185,5.126033806981249,140.15713134815508,105.15713134815506,2090.9015087668877,32.2748347506042,0.9525169125451571,4.698930923640744,0.32283424980642966,0.16180040458062023
10702475237.838696,3541051170.4235625,1003904605.8673877,-13.292195543179638,16.25790180870021,111.70367484127304,76.70367484127304,1746.325611056194,38.64313748134613,0.9688908188481057,5.291228987658341,0.28651802035103663,0.14359917400409855
10654721323.543112,3709915049.154357,1255053491.6875038,-14.055662584250584,-21.9083003771782,96.50313181701529,61.50313181701529,1603.9445609205852,42.073462088058754,0.9430708099531875,5.976702586044996,0.2381628639403797,0.11936418693102734
10461503536.454012,3964548530.938973,967681338.0159198,63.310343962608655,-15.81712474902361,-18.100177019737167,-0.0,2896.0810092223687,23.301661956396863,0.8915772667777312,4.484644249770061,0.31746405660709665,0.15910893230700252
10290737820.036198,3739781263.600267,1069226921.3258886,-19.063038820311036,24.88960186360404,-89.35641575704794,-54.356415757047934,1837.8831421523223,36.718058470361285,0.9485767911228682,4.857824261763958,0.30994887785632036,0.1553424206586865
11113853995.744123,3764785939.033555,725225019.1341031,-20.431332797020143,-11.104101054296242,242.649600448579,207.64960044857898,2714.6760834458355,24.858767160751302,0.7799339331383685,4.830582096429982,0.25644817115488866,0.1285285494698919
10544854161.685698,3757758321.464618,1120343858.639473,-11.14046307007941,-12.295312575603766,61.53132803084566,26.531328030845653,2062.4573532173063,32.71994961251936,0.9682016014037625,5.300429807420974,0.2857082728962897,0.1431933389173172
10264315386.393417,3842542709.468185,1269892617.320847,6.191195856103429,-1.614523753061423,-97.7669376025801,-62.76693760258009,3479.519775608045,19.39448689106748,0.9659583988606184,5.861769943792048,0.2504848297497576,0.12553979888787928
10461503536.454012,3879671878.528311,1213718975.2410715,13.708231413977927,48.35029209388152,-21.706582586610487,-0.0,2008.187656238456,33.60418059816377,0.9743212192278007,5.620004732622449,0.2671170978948594,0.13387567934846983
10397937698.057613,3667733507.8821325,1249454839.2969155,-41.290181034890495,-10.723227716074506,-55.23363478513486,-20.233634785134857,2626.9290944733903,25.689121498259716,0.9346986201828867,5.619091940027806,0.2563081450554516,0.1284583701764794
10889633041.135328,3646579699.126256,1112365302.221355,12.234261804727904,14.877742191470835,171.2778539070325,136.2778539070325,3062.0241336824624,22.038853297371972,0.8919625518154595,5.872685155182582,0.23071620835915652,0.115632018220499
10245795254.624674,3909388733.6024933,859816302.5125194,54.295693109359725,9.005726198013408,-103.66207863799765,-68.66207863799765,2201.5937348178354,30.652113334081605,0.9598222673852453,4.417483240592296,0.347090316211593,0.17395723540090344
10913224264.300001,3699266936.2663345,1178218492.9359953,-50.050081073461826,27.803089226173107,178.78717346751594,143.7871734675159,3258.4309618075795,20.71042826017236,0.9331021115113697,7.1684400759995786,0.17909570239810713,0.08976047963944053
10461503536.454012,3787682904.36699,839190288.1806824,15.892788798599181,-8.081006237734469,-21.031238184993423,-0.0,2207.3772728267604,30.57180188723296,0.9730560440817708,4.005057340747201,0.38692974800560176,0.19392425001102512
10107374580.900572,3815410807.053623,1216428014.8509257,21.2973879873367,-19.826229884350397,-147.7227475366002,-112.7227475366002,2357.3559294614283,28.62677622494532,0.9765680864626805,6.1258108520542764,0.23829857347789557,0.11943220281871175
9936203784.710806,3681480260.865263,748499320.1142602,4.151653070791795,-27.570184350207374,-202.2081041897534,-167.2081041897534,2443.688213531309,27.615429947882625,0.9323772437597032,4.330931105367219,0.34395256677062136,0.17238463543876736
10394590101.189363,3772879294.1563897,1212904641.022524,-5.622885997248558,8.98193284776272,-56.2992079632567,-21.299207963256695,2420.3550675215647,27.88165322550925,0.9639583425930562,5.542049367891416,0.26906259687937595,0.13485073860254437
10268717391.831537,3836707690.758615,810472811.0572207,-65.86383276027469,5.111324547647331,-96.36573575259173,-61.365735752591725,2804.125618453141,24.06579085870863,0.9137782289328772,3.6366707040262893,0.3955248151422384,0.19823198793207672
10565136972.031178,3759537997.5725617,938718842.5197747,33.31915289773616,-10.532496277579071,67.9875470834028,32.987547083402795,2029.2785915476566,33.254921702876246,0.9244041607441468,4.345094291687256,0.33990101573832715,0.1703540497849921
10520789820.754452,4025824765.1942463,903157172.1675894,-9.2064689435187,8.380801256712624,53.87141040793287,18.871410407932867,2238.3046441992155,30.149381519682926,0.9806279469165403,4.379248106496064,0.35774984592903825,0.17929965561175754
10171507578.561392,3841811907.0261493,1131228193.2359369,-5.908556366367124,92.9634261836459,-127.30858035055927,-92.30858035055925,2034.8132235745552,33.16446929546294,0.8930525175655657,4.912735311099653,0.2881399443778502,0.14441206162025083
10461503536.454012,3822427417.1970654,819035918.4749357,34.087949760644314,30.743873125186013,-0.17830368066923608,-0.0,2132.19885448929,31.649721850828083,0.9746094832020438,3.916284858512671,0.3955506905259688,0.19824495634406758
10461503536.454012,3946637336.38701,951570960.8301706,-65.45084247631075,-72.78003404652245,14.161863210201242,0.0,3118.448122112931,21.640090850546613,0.9812941940732111,4.558584337265048,0.3435111161667704,0.1721633860318402
10855180347.99916,3744905245.332447,713860349.2846773,-2.059246934248322,51.033635923329264,160.31122107613396,125.31122107613395,2847.411510258393,23.699946576782786,0.9007780955726257,4.310942243967525,0.3338286394167437,0.16731065229483394
10461503536.454012,3733609361.1329603,870131552.1537008,16.472430361999223,5.31782258627267,-16.673715017674613,-0.0,3524.46228392079,19.14717628930568,0.9752775726630554,4.1442842705562395,0.3755777106068369,0.18823475379110483
10348642956.575274,3843808554.6021137,966750973.0435821,19.93187414541331,-40.456484021631695,-70.92463833583784,-35.92463833583784,3498.763982472908,19.287811642425595,0.9654925027897273,4.678412337063314,0.3287817267671121,0.1647812041056066
10632186204.996828,3789027951.3301606,774803254.2460144,16.842283986115397,52.697608140805436,89.32998079740949,54.32998079740948,1986.3234572229135,33.974074277705625,0.9644060364435821,3.948935152324877,0.3884779782138301,0.19470020322610526
10529877919.863007,3684132370.0859256,1095807616.0427065,56.753606176962,-3.459799930192367,56.76424220080397,21.764242200803967,1996.1904530011257,33.80614338365551,0.8788321666296218,4.89379768992545,0.284790944161557,0.1427335854664297
10034593256.084887,3637071706.479302,941931861.113769,7.776895415049581,39.81320337058629,-170.88976275498646,-135.88976275498646,3412.525361288386,19.775237846074834,0.9249368976976928,4.6433166005029705,0.31752684242918666,0.15914039975948685
10461503536.454012,3864651763.6913285,1151902536.220525,28.287677806886855,-24.533940320581006,-19.72886801489135,-0.0,1852.088445274706,36.4364352293289,0.9330440117301979,5.270435046706372,0.27724174599190265,0.13895002371967657
10461503536.454012,3725740278.6865754,1108414310.2653701,21.430832700387676,41.38538946464195,32.18846956231303,0.0,3115.205645403227,21.662615042707827,0.9696923150335729,5.16433709545872,0.2952570282101679,0.14797905317766355
10755641875.120783,3640153701.3002496,972862475.7016131,-41.419245395704735,-11.448064581203312,128.62714110330916,93.62714110330914,1959.2723190056054,34.4431450496327,0.9762061040180732,5.456585631361332,0.2778964223881143,0.13927813917161497
10569851919.379988,3772123969.969232,1238374084.8245492,-21.516195349857306,37.450125715362205,69.48836143736513,34.488361437365135,1860.3644270735101,36.27434479673254,0.9684125403013447,6.011175781747552,0.2426290660298878,0.12160259040108824
10461503536.454012,3866648181.569481,1095183658.7640507,58.04431780589594,32.003215690116065,27.865527234156403,0.0,2461.6650952524815,27.41376184980956,0.9383507423198817,5.054393663362009,0.2930392779558784,0.14686754506284
10104752115.304993,3866159595.0920267,1203642067.2683177,-7.643882827671158,-45.773165777474,-148.5575042618499,-113.5575042618499,2958.641144671823,22.80895092558637,0.9747308640434919,5.922808238668602,0.24923205247028796,0.12491192290883078
10566618444.629557,3809434088.167409,918412623.008505,-1.9023769702154039,14.193520257115217,68.45911445757726,33.45911445757726,3283.6624297631306,20.551290553977033,0.9779163540467237,4.50156059970833,0.34685315488441176,0.17383837317141013
9964089102.602398,3900899480.512476,1041322066.0899025,-36.78325775187264,18.24005339010191,-193.33193182548194,-158.33193182548194,1992.5466221261236,33.867965710751,0.842739638325689,4.628638275160052,0.29028834138220655,0.1454888107715973
10680461526.757854,3524419964.511584,829827623.3328317,-9.604473689242768,-2.676929807769365,104.69649297264768,69.69649297264766,1772.3990001582479,38.07466640932152,0.9547752969055899,4.30096477496603,0.3546538643995429,0.17774798919362864
10476990439.743418,3841403973.4752765,1316805354.901775,-36.66758752252165,-70.61561132731984,39.92963442339015,4.929634423390146,3179.2072274784146,21.22651838859991,0.9523411511402025,5.965834346281202,0.24110660964158814,0.12083955469551817
10281398542.94358,3721998663.170794,858393561.8788837,-17.017321172880738,10.750511239476621,-92.32919998543775,-57.32919998543775,2485.564966970636,27.150165685465076,0.9658857237686551,4.019522406541116,0.3828013902686059,0.1918551698173964
10461503536.454012,3746364207.061407,866705456.2965101,15.419391469402282,-12.958044490811815,26.76865594917957,0.0,2807.426426900909,24.037495703755514,0.9699271764552916,4.122580921619404,0.37538856219767286,0.18813995502317088
10645117698.27347,3690215508.9269743,754875190.6833022,-23.210990344677704,46.83315016662915,93.44620295048381,58.44620295048381,2755.9290592229527,24.486661022496563,0.9704654273698337,4.174008321809603,0.37117544353997217,0.18602839373817442
10461503536.454012,3818236618.6267357,867275119.1339701,-17.17343683882135,-42.340591051127184,14.666823802867803,0.0,3114.459517806145,21.667804731260826,0.9813369497727173,4.144974773325047,0.37785108539383044,0.1893741402115961
10416150083.109535,3936403372.175536,1174937775.5458555,37.304747270783096,38.422104973454466,-49.43645257212225,-14.436452572122244,3578.804594138983,18.856436248505492,0.9698608541107943,5.436349989332676,0.2773795451070209,0.13901908687697898
10967292869.90818,3569388126.483848,1135220078.5549533,13.101185593637995,5.044670526013248,195.9977451647717,160.9977451647717,2885.6257229409075,23.386089241838324,0.8493180103417343,6.064279466094813,0.21020468296794897,0.10535190355220414
10461503536.454012,3779665143.704883,788655582.0076536,14.376018094051268,99.97828268317522,27.7021256881729,0.0,2311.3794211221766,29.19620208545294,0.9822861992639005,3.87368580700181,0.4025960056445574,0.2017759783383854
10461503536.454012,3755237395.968981,939383395.0985572,27.724549229688584,-40.11647387136662,12.158508026341607,0.0,1925.026345705393,35.05588420947669,0.9357066971639842,4.407185278419036,0.3391729510003564,0.16998915303306697
10493293097.210163,3744817066.1702285,966588157.1118228,-15.397283333603545,37.359308812461244,45.11893146612319,10.118931466123191,1778.8440024808797,37.93671653114262,0.9810164153098433,4.703766900454739,0.3321234835194593,0.16645604992777074
10318145555.867435,3614651549.206732,1115183543.9380217,-10.91344467228516,-21.458702147141494,-80.63226248405124,-45.63226248405123,2973.854941448694,22.692263746518233,0.9599640861049811,5.157222095392323,0.29277418190452736,0.14673468230621786
10551702123.565687,3674495509.2747335,987902188.0467492,-57.452012731470575,-37.80021263957319,63.71110199745609,28.711101997456087,2087.86032500728,32.32184637399295,0.9802121060026562,4.931731432325165,0.3148813354739338,0.15781450544704195
10479435616.285416,3625223586.8082585,1067410301.9929701,20.441360240940213,42.089706600821884,40.707958290172776,5.707958290172775,2133.530313517564,31.629970405238748,0.9656159753597954,4.99842132505152,0.30546560030540315,0.15309545918535905
10461503536.454012,3667916101.457264,1221548224.0941262,-5.800242947971544,23.439297174519613,-4.175706909184113,-0.0,2469.9941581750873,27.321319952067952,0.9569387362389964,5.620532921888946,0.26231966117088323,0.13147126530827835
10320359942.872406,3750627724.9495773,1152620768.6389496,-0.14141036951415126,41.0138854844234,-79.92740120853219,-44.92740120853219,2641.0250328194247,25.55201099445783,0.958259586825117,5.253117850509742,0.2858718470873656,0.14327532021363537
10461503536.454012,3737969250.635712,932545360.8329512,-30.430890278989402,-63.858736309378116,24.639762204647468,0.0,2414.780480918975,27.946018782443776,0.977848379805335,4.42665536357897,0.35286288790365145,0.17685037463816133
10055741778.727242,3864286066.7266316,983316002.2250667,17.27182060764838,-47.640691143683334,-164.15797891974316,-129.15797891974313,3510.0798299654602,19.22563130876267,0.9697126572943168,5.35804632846224,0.2823829243675671,0.14152671668736022
10672921834.207127,4021372776.1750145,934184546.2953321,17.458643215486973,22.895978669302526,102.29653429496472,67.29653429496472,2175.1249481832065,31.025114548755703,0.9455757364615338,4.598391626813896,0.32798739761719314,0.16438309647636923
10132313550.294563,3799908726.356186,777125023.8255857,5.045063585446694,-33.744666906438674,-139.78442702725772,-104.78442702725772,2792.0978131722504,24.16946152705471,0.9726006872523438,4.101365809465046,0.37826659590714123,0.18958238877630537
10655002389.204699,3906971430.121183,834055814.0592773,-44.35208102289745,51.80706040246771,96.59259779576514,61.592597795765144,1602.9782127341555,42.098825884935486,0.9219844032613312,4.605651547064039,0.3192702259962013,0.16001416134659016
10461503536.454012,3458252688.626223,883107027.9578615,-23.5227207568079,65.56596971808591,18.149661503908078,0.0,1699.4568385706891,39.70886411684136,0.9652421552318324,4.369739606901015,0.3529086635650941,0.17687331681528723
10445277412.999702,3578835207.598614,901571586.1304593,-0.9797767576711899,-5.23675704265468,-40.16493550994539,-5.164935509945387,1973.8621689741758,34.18855770983834,0.9742925081861042,4.277044563037608,0.3639023890328663,0.1823832316697377
9878891474.095833,3625450610.5934668,900910362.7831559,-23.37114664903273,1.1636985080497022,-220.45117925853555,-185.45117925853555,2141.1260336862724,31.51776196894736,0.8540024144901268,4.506143530598846,0.3025831540180257,0.15165081390450916
10263687698.699337,3839558917.510519,1061432332.6883435,10.753944389981182,1.0049602380941671,-97.96673680104179,-62.966736801041776,2516.6363382297404,26.814959177896053,0.980850421501826,5.069225976046652,0.3052672296721091,0.15299603835642553
10494040684.286068,3519694515.1481977,1301918461.4197876,28.050430796678377,-11.55875603812003,45.35689582316694,10.356895823166937,2735.641025916153,24.66825875030164,0.8777525327254198,5.695654318588702,0.23648666643590838,0.11852409814074841
10128103453.229584,3990058463.3415313,1181961119.2691195,-21.088192234464888,-1.4933526156259198,-141.12454254483407,-106.12454254483407,1906.8198505738999,35.39060108637407,0.938139562285034,5.414076657369219,0.2696868590578072,0.13516361083681047
10461503536.454012,3924665406.151009,1191988611.1762588,-5.069761977247655,-9.194954880994992,23.805934525073944,0.0,2744.65900694139,24.587207556410796,0.9739910793214722,5.514624932671288,0.27358512824758924,0.13711737358797174
10631210999.22318,3869126906.6158185,1172587631.1270456,-19.128252088672525,16.886677167870808,89.01956315859404,54.01956315859403,1736.1007709903877,38.87072789947741,0.9801723232106969,5.835100997936927,0.2557362752860497,0.1281717563487578
10416159634.084894,3892039090.6694975,1073784500.611308,28.759713620763304,-13.158359829698593,-49.43341240224279,-14.433412402242789,2366.3176734998406,28.518360586569337,0.956879378993861,5.02404828899914,0.30092091009936983,0.15081771847330425
10461503536.454012,3753100806.3106604,1269042455.0825438,25.012365555629245,-20.56554560668411,-10.469770677935538,-0.0,3190.137074443533,21.153793426576094,0.9181072175833627,5.689387506105717,0.24771633785875016,0.12415226609570572
10244130088.487772,3745435398.7294936,1130188975.399671,74.25444284668919,-11.837973143409892,-104.19211748151199,-69.19211748151199,2534.2337987774263,26.62875884134918,0.8777534361683688,5.587185106635712,0.24246777524338636,0.12152175351799202
10545018007.812119,3537192124.3007283,1014951436.6332529,0.19855950047855903,-24.15647306305369,61.58348187269837,26.583481872698368,2922.118760854887,23.094030803695848,0.9423687466906971,4.746043867341808,0.31594863814332913,0.1583494239193592
10439264931.263958,3646447724.075755,757245855.5315799,-26.05754658357183,-3.180734501786193,-42.07876788693233,-7.078767886932331,2023.8489083120755,33.344139672720274,0.9848734496489867,3.671822345878311,0.4228615479383242,0.21193280941855488
10352505060.3762,3619381864.9991417,1007701846.9478774,11.427794376409894,21.274263683967792,-69.69529251453504,-34.69529251453504,3006.275191540487,22.44754600814177,0.9726904222532156,4.729058086989802,0.32739257885314293,0.1640849809055053
10461503536.454012,3717496656.3687253,839894261.8533438,-6.483354201015393,81.12443600721357,-30.72047567412454,-0.0,3568.138016497457,18.912805604275142,0.9764481427594659,4.136439026433671,0.376708379770038,0.18880143074115724
10461503536.454012,3788259721.417138,791104999.859067,5.335041364540121,-64.26101663874768,3.2187266462331197,0.0,2891.4266158078062,23.339171157344683,0.9576342159320017,3.7844114021108983,0.4006438814316089,0.20079759860440094
10597669590.616558,3856958228.311092,1018426998.5224873,34.70669237232916,-54.368595003478305,78.34300120257595,43.34300120257595,3560.4541518293668,18.953621588012073,0.8657189029682271,4.527466408179873,0.3052321386399721,0.15297845117910366
10261005557.280464,3964197007.3044777,1188305943.7459352,-7.939085984307316,-2.6981582567459768,-98.82048893081203,-63.82048893081202,3262.7652571435437,20.682916286266988,0.9708667282531744,5.483493901620617,0.2746693677612964,0.13766078059043602
10461503536.454012,3880598919.7358212,889926015.216975,20.178697881648162,1.2456460464345809,-15.197136047403571,-0.0,3129.473795240072,21.56384909753284,0.9728205180570643,4.228663806426954,0.3674230020045899,0.1841477179457081
10399813476.845299,3817875133.682093,1178373601.7982879,-59.032875498355246,-1.7715041971574388,-54.636555852720754,-19.63655585272075,2542.7643094561345,26.539424210210885,0.9282816112527194,5.355759104256251,0.270460494021354,0.13555134680402783
10474587982.3657,3675067000.602232,1030338722.8113868,29.550092323440108,73.8674532363392,39.16490848892733,4.16490848892733,2735.374939772279,24.670658378137485,0.9754247103644241,4.873694798071909,0.31755888875918775,0.159156460970968
10461503536.454012,3987696097.654695,801060595.3407824,3.787466680060344,-72.03372823570108,-1.4439845050785827,-0.0,2071.698276470539,32.57400049113762,0.952404003222811,3.8243250332792966,0.3948105133106912,0.19787398897314867
10719572027.64205,3945366582.3860846,1297825693.4965084,-6.626246280068123,-6.118473668908017,117.14575205768693,82.14575205768692,3345.357722269903,20.172282391806867,0.9534119096644951,6.316191643192537,0.22266984578927268,0.1115992840233369
10461503536.454012,3742233468.155391,954846561.1090156,-13.892081915682999,-50.20817002222767,-9.479788644285295,-0.0,1597.2454005522795,42.249926437043754,0.972218108621253,4.509029757053619,0.34423952222891163,0.17252845385108212
10307992011.314474,3903853935.0231547,890064716.9464439,39.59717870395461,-11.935139401649012,-83.86423609506642,-48.8642360950664,3188.7230455605168,21.16317400759964,0.9646894729361412,4.4257599338218965,0.3481861933209873,0.17450647501775626
10461503536.454012,3727805423.3524785,1226001142.8092723,-14.038889891617854,20.30836923138631,-10.30627293265962,-0.0,3478.2805574295103,19.401396627163216,0.960696732268027,5.659394148547835,0.26100384103412066,0.13081179305398327
10276026333.78916,3821809226.1028786,786090609.5044245,35.48169361501475,-56.95521976063868,-94.03922726993697,-59.039227269936966,2243.6358593796276,30.077742069027057,0.9389974793591486,4.087133833876616,0.36639626937835884,0.18363313266109252
10461503536.454012,3865383711.5353484,1156953796.7270246,-14.02305910460139,40.3926194142303,-34.55255266365661,-0.0,3193.8993154042537,21.12887539997449,0.971007749601193,5.42684888989533,0.27831576480534886,0.13948830823765135
10106508429.014843,3941010246.562269,824669438.5031484,1.426856480768736,-33.38150695371155,-147.99845224476442,-112.99845224476441,2441.433933582931,27.64092845068503,0.9646649124384052,4.30290933680796,0.35816698295736205,0.17950871936502666
10461503536.454012,3781550218.9407525,949279049.4630438,10.07188608962954,-41.35326077044499,21.162470389747305,0.0,3309.599486848868,20.39023179191166,0.9577711861885776,4.467449950174619,0.3423866103549616,0.17159979807482198
10938859422.849508,3862415681.188157,851504173.167477,56.664171579870526,-64.93481680446862,186.94709786771298,151.94709786771298,2846.912235976251,23.704102930345215,0.6709585930860834,3.4903130853591686,0.3003754336598906,0.1505443326455928
10421725271.240753,3847547509.854707,1222487902.1165643,7.158086339077615,-27.607807933754362,-47.66181507262104,-12.661815072621035,1683.205376840276,40.09225588497154,0.9556768231438381,5.595142617048938,0.26350981252581684,0.13206775397345527
10461503536.454012,3850674103.3276234,947807345.1722673,6.826772617187766,-29.276616216305595,18.386607937490673,0.0,2332.5979949072375,28.93061763003186,0.968937158416472,4.475712882400814,0.3457198556806715,0.17327037807861553
10696877437.202665,3746400401.403157,1303746710.829368,-1.6225062680822429,32.686856449888914,109.92183955793872,74.92183955793871,1609.0631921671895,41.93962114337423,0.9614246786765296,6.447990636371771,0.21782925299308412,0.10917324071069905
10346799493.052048,3751204997.7406526,1090998711.4856126,-8.145258656657838,-61.62684618850893,-71.51143100009982,-36.51143100009981,3091.1168821945053,21.83142962466405,0.9678931240493613,5.137953067406719,0.2965050522702062,0.1486045469038144
10461503536.454012,3991427019.5260363,1132619880.8580515,-16.635938452143048,8.406551916653575,-29.211653952201168,-0.0,3337.814365268431,20.21787112472122,0.9803087466645284,5.309648634613685,0.28866758181659413,0.14467650676853308
10417309214.335472,3790132972.3623343,1027839796.5948036,50.74780576971407,33.19280434499309,-49.067489643522194,-14.067489643522196,3592.099946959999,18.786643376209984,0.9594382685843479,4.8351882352454,0.31513614162204734,0.1579422110355262
10468097311.824862,3720136450.3878965,898426500.0670671,41.31825043706533,-9.940891383265043,37.09886388781663,2.098863887816626,2638.481741370474,25.57664114824921,0.9402150322710345,4.232742021974193,0.3547749832861263,0.17780869243333539
10461503536.454012,3641525607.2217464,951144929.9603251,-18.853267400934353,30.317981489664405,-21.800561209252173,-0.0,2364.3239295841286,28.542409028998943,0.9767644568665944,4.577833014470738,0.3404133209236064,0.1706108106035751
10461503536.454012,3672755547.6545877,1283193087.2955596,4.826706315179879,-27.34377950761344,-28.112297935194196,-0.0,2634.858096977714,25.61181596559091,0.927302545059672,5.754103538290148,0.24649669342927796,0.12354099587808964
9970555752.081278,3743670881.396284,832814787.7486166,-32.47812281445927,16.341277356898562,-191.2735333658692,-156.27353336586918,2470.297993765548,27.317959552067318,0.849927980353827,3.8446573020997308,0.35068435934077336,0.17575852393435445
10592795657.735882,3916244245.6781306,1311981943.3297372,26.624221779658438,-13.170627135701432,76.79158018206046,41.79158018206045,2165.073598736525,31.169148575190114,0.9040215154676237,5.842769977556958,0.23545166663963102,0.11800536945604738
10461503536.454012,3867916933.4253955,1172001537.649186,19.54666348872499,85.1774960335869,1.1650599118442313,0.0,3417.824723755708,19.74457619379774,0.976642762495488,5.484842058091383,0.27621771624852964,0.13843679308544343
10445341620.729729,3656719671.167163,929367007.4182329,3.5319020482118884,-11.201052307307297,-40.144497554708614,-5.144497554708613,2370.1925583513807,28.47173763897873,0.9736553393689467,4.397624729194122,0.3537062850174837,0.17727307450449215
10970636012.061007,3859188708.798045,1100893653.8146098,-22.11939025996092,-11.807715365973888,197.06190036293407,162.06190036293404,3388.194227056729,19.9172468143487,0.9247237803575256,6.411580886199401,0.21127783481163298,0.10588975355600214
10925733183.165874,3643127886.636367,942271149.3849729,21.774487633377728,15.933121086943764,182.76888600799435,147.76888600799433,2719.996036934366,24.810146690985302,0.8473419541806492,5.032859801876642,0.2659333043001585,0.13328237711155602
9842820169.973482,3613171285.7467203,942582506.4458683,17.628401386963585,-20.866725682113106,-231.9330319682219,-196.9330319682219,3289.2383998027944,20.516451674432066,0.9537725647250324,5.696453401587803,0.2569209301388244,0.12876549023722306
10986282512.45363,3905779225.272263,1017049817.8016863,-4.581268393587095,-7.734118439161941,202.0423361220848,167.0423361220848,2921.1847462149176,23.101414849807448,0.8744908117911532,5.755286535065091,0.23239490223564288,0.11647335816056224
10372880724.276873,3714946538.2333484,720495632.6757494,20.99325999121799,13.352019659132884,-63.20951725739267,-28.20951725739267,2522.5629535488706,26.751958986910935,0.9858786093439789,3.5079212367958585,0.4395733151179304,0.22030853378032475
10651559536.547594,3784021050.7227764,1010820531.4466757,-37.07302347397103,34.53156936005136,95.49670375833466,60.49670375833465,3024.1133310165824,22.315136136963204,0.9694618202350115,5.399142832940242,0.27965103234397254,0.14015752728148642
10621088372.232271,3523522928.5709505,1301862714.6463704,-16.279971320184146,-23.509014695695264,85.79743091323665,50.79743091323664,3042.693825909447,22.178866667621346,0.9163057849126524,6.034953627030436,0.22832058352063261,0.11443136163487043
11066242424.592304,3666056559.2318,884116936.2115026,-26.120578105803773,2.395483920645404,227.49436665421197,192.49436665421194,3334.831314789113,20.235956276399484,0.8706238635159854,5.907274288491856,0.22341027235617292,0.11197037636610575
10670413407.710909,3834606246.432373,1165859612.210641,3.591889546576537,-6.746973000325883,101.49807734245324,66.49807734245324,2505.430768595964,26.934889409479815,0.942449145499096,5.57766109871161,0.2609106550414417,0.13076508942409967
10301478128.020218,3719073186.4247556,979901977.3943342,46.93972287710334,27.526677649955797,-85.93766954507561,-50.93766954507559,2645.132525349036,25.51233256879467,0.9763377998528772,4.796644085457988,0.3235457468590492,0.16215699782015658
10847209670.165136,3887012627.696362,837732906.308035,1.7563900921750133,32.411107391193326,157.77407552197798,122.77407552197796,3121.403015152863,21.619605141547368,0.9111148049015184,4.724163614539051,0.3070129835841158,0.15387098793017814
10365870895.188663,3788995180.604822,1261316458.1157095,32.120585361943895,15.9381475892852,-65.44081515662835,-30.44081515662835,2614.974664250667,25.806560039685127,0.953561455667466,5.782863433932217,0.25180383753498625,0.12620086875089087
10461503536.454012,3744239262.1266775,720559234.0245228,-0.4892801844593428,10.506776894902266,-34.595093015450395,-0.0,2829.332896124587,23.8513823409307,0.9855978209028119,3.4955347488657713,0.44070325657178716,0.22087484601174398
9890796492.098051,3751187282.830139,895102673.029997,-10.95405886904741,70.70727622658471,-216.6616943332335,-181.66169433323347,2047.9763078195333,32.951309259573186,0.8092365393784091,4.094198562577633,0.3152503866781335,0.1579994691991416
10518341293.180033,3731433557.7907014,1318561672.7971802,28.630334865008383,-34.396216906813805,53.09201987440168,18.092019874401675,3551.4808449013217,19.001510531057175,0.8739086302365846,5.74791014002643,0.23263497813656484,0.11659368113720589
10140033842.388023,3885620884.7524843,869919726.4069166,15.492719359608824,64.61167493005433,-137.32698172968284,-102.32698172968283,2861.022823461938,23.587194104793227,0.9445937762236816,4.148126114912057,0.3634397861476011,0.18215138100940362
10266042687.321033,4010145138.29931,1227246922.8642504,39.93068547624195,21.253174047242954,-97.21712064090546,-62.21712064090545,2890.6111612586737,23.345755243626613,0.9739699190714133,5.824270145636317,0.2547525438599136,0.12767872271666042
10461503536.454012,3815793363.8551736,1079078624.6932678,27.505870420341463,-60.46463674466879,31.97271047615634,0.0,3082.734261304985,21.89079400138536,0.9044110879110409,4.939549015123149,0.29000866662814745,0.14534864135529504
10947822084.49599,3883732523.9480824,1201061408.1210556,-22.351512062430267,5.133380477824553,189.80000167630863,154.80000167630863,3169.067579832645,21.294434080450888,0.9524764930147739,6.928705383147282,0.19318959313147394,0.09682415774714169
10058114758.758768,3858933746.3468194,1094077174.8567836,-70.7720438517799,-55.78016156152987,-163.4026359159915,-128.4026359159915,1764.6768221180987,38.241280119632044,0.8752957203724578,4.82315413856886,0.28829651409565166,0.14449053236398554
10838318276.492071,3510670021.7273784,931138691.4532602,4.120088028624143,-4.8348730441341345,154.94385701388933,119.94385701388931,2321.219873900154,29.072429300656182,0.8890507023698602,4.91340059483563,0.28680483595953044,0.14374292232548067
10517945350.209892,3626574394.630567,1173513241.8620455,-32.544772476591994,-80.02388995141342,52.965987312641,17.965987312640994,2785.239590057435,24.22897510007342,0.9382003336916698,5.377558088250063,0.2719817565379896,0.13631378415636128
10267969958.627628,3791897226.297064,726438969.1122478,-39.05231509841798,28.81087620045513,-96.60365113065797,-61.60365113065796,3588.212364315491,18.80699741920483,0.9380978270718073,3.326709927810019,0.4360910134338828,0.21856324863264134
10189455870.317165,3954414797.1754985,982351989.7386713,-41.06048605266496,-31.102981694920288,-121.59546164458551,-86.59546164458551,2618.440213701174,25.772404625520224,0.9459933104850201,4.531821761392049,0.33320068778433726,0.16699593095333642
10650562811.737898,3936628457.41946,936714279.3317678,-17.645491429372726,65.21051133744979,95.1794363976037,60.179436397603695,1575.1166843141257,42.84349302326484,0.9607705468193087,4.993588598214869,0.3042711816784985,0.15249683181794782
10461503536.454012,3724794093.7812686,1000776149.6562033,-5.343948064911193,-28.51468517930928,3.554082408169424,0.0,3539.503005850738,19.065812506357872,0.9708224694516723,4.703636208233793,0.3286822101244741,0.164731327634783
10461503536.454012,3637899599.888115,788014761.4959985,0.37306310782646,2.2172375635038652,28.826259427408484,0.0,2686.87637344123,25.115967873434563,0.9819153250380436,3.7936447383848018,0.40992986960175154,0.2054516173268903
10167438435.41351,3806341939.3427615,845785325.2630053,57.25755445869553,-53.49313527895486,-128.60382884282728,-93.60382884282728,1701.9821489947476,39.64994622011665,0.8731334458764087,4.603881299764056,0.30247709574165565,0.15159765885037196
9733517206.724146,3752972228.6887746,1052513957.9481406,-33.61275317041443,-4.995270488352528,-266.7252457596692,-231.72524575966918,2270.1355408922623,29.726639427316456,0.8014822862727007,5.221374129297997,0.24085547084999961,0.12071368713930541
11009523058.666637,3738026948.102636,946403701.8321941,-0.09217410795574064,1.811885201017053,209.4400317419962,174.4400317419962,3516.403581533566,19.1910567460546,0.8576819420678562,5.540237579664533,0.2394983404535381,0.12003351071023138
10256718957.397583,3638282281.564748,1192306582.7250905,-34.514306693270704,20.076682082949475,-100.18495605164738,-65.18495605164738,2242.387714433782,30.09448376873592,0.9019932621165733,5.2016459829479995,0.27229439080871903,0.13647047246164523
11397264693.817572,4013781526.32076,1078745857.1227627,-27.579626182205377,97.60084795055083,332.862027495607,297.8620274956069,2697.844004275307,25.01386313230059,0.5830105694688088,7.505432387836947,0.10354596727436759,0.05189591689150035
10461503536.454012,3750364492.169411,1234688272.562151,2.03937666153048,65.14268982915002,-1.561001321251822,-0.0,2233.756260876429,30.210771809437567,0.961852077744337,5.722572820892431,0.2575437442885943,0.12907763673801015
10745433639.939274,3719293551.181665,1156205151.7972724,11.848740090220724,31.091489396444402,125.37775892454565,90.37775892454563,2813.547048239303,23.985204269987584,0.9432365048770914,5.8203080782063505,0.246939061087387,0.12376270490090348
9899434670.571056,3652389847.447005,1076728681.8660643,-35.696560479462185,-12.63094219528177,-213.9120767266559,-178.9120767266559,2557.490977785591,26.386603613229962,0.8502572064433802,5.09792088801344,0.26288041562359643,0.13175230828117784
10461503536.454012,3720458237.6971817,885426170.9699173,32.074401746018495,-10.92706111119959,-18.415795963818365,-0.0,2237.9704685729994,30.153883450602414,0.9536134813548852,4.191590066563638,0.36325648434879826,0.18205951248794272
10611653369.096312,3910797584.7655244,1186890495.9676685,-25.79555766250232,-11.792495185568669,82.79417613888563,47.794176138885625,1763.2373495464599,38.27249955463932,0.9783143774948675,5.7848042972197256,0.2582248336522802,0.12941899003204888
10527123634.92521,3843576173.7776823,863296016.1686273,26.883107656215227,-33.266703109732696,55.88752607573651,20.887526075736506,2144.4441337548906,31.468994511448365,0.933301197829075,4.037034735188313,0.36839892114567196,0.18463683616027093
10554098985.269175,3966394632.6363087,756105681.6522073,-1.3131593117497664,26.973320820530656,64.47404677349145,29.474046773491448,2830.028166285738,23.845522627362687,0.9746261595429336,3.756375589722114,0.410393529621735,0.20568399780964935
10461503536.454012,3745710655.4390984,1296545200.8110256,25.415592244151675,-1.6438304633482994,-20.837122265988082,-0.0,2614.3265431343098,25.81295777777419,0.9271826948179542,5.813067116070085,0.24314122790993753,0.1218592793969197
10461503536.454012,3745815841.711113,1039094875.4784191,15.941381502379906,21.466135298479387,17.600831862280383,0.0,2470.891213349058,27.31140096765848,0.9729370756125884,4.874713101010621,0.3166747549992368,0.1587133444176617
10345223066.782812,3706138091.078096,1181492410.9771636,-7.865248822673417,-9.042203720424476,-72.01322306643733,-37.01322306643734,2731.0093036413955,24.710095489334684,0.960903694935569,5.411114858588758,0.27641930933776915,0.13853782896815775
10047899698.651302,3893780392.0822024,1032526460.485098,13.461198364974875,15.520759219423063,-166.65419053615952,-131.65419053615952,2331.2678050470126,28.947125048929937,0.9603546960224725,5.217131949591432,0.28888066117363764,0.1447832994220328
10329702325.814274,3915954603.601074,1082668703.375033,-37.338380033767926,70.2955834065431,-76.95362835762086,-41.95362835762086,2624.0394856254643,25.717410521036797,0.9041639104122243,4.8330839734449516,0.297124710023765,0.14891511145911623
10787931702.482094,3582991827.517257,730949079.0234433,-36.16036742342337,14.881421478983922,138.9053123755823,103.90531237558228,2732.7638796362767,24.694230327803574,0.9453260493999412,4.465825525499675,0.3380641145503406,0.16943341836013848
10933401397.122578,3747086879.484213,824041685.30071,-9.827055056594153,37.67656835322127,185.2097543197855,150.20975431978547,3021.31838232504,22.335779330647277,0.895064006174239,5.134240112028853,0.27442904967621506,0.1375403362341835
10618319913.59584,3556764661.1144342,1121092433.2686718,38.39389163991488,-32.21902674334774,84.91620315976985,49.916203159769836,3526.426276632894,19.136512543138988,0.8389614931930982,4.874629643440921,0.2730731899349086,0.13686079664125153
10210557625.035933,3715091487.4193377,1057697023.2360276,-20.740627385243084,-4.4927304582982295,-114.87856450177648,-79.87856450177647,2026.8133290683118,33.29537047511978,0.9482513492959298,4.8785686701006075,0.30836608166462864,0.15454914341397674
10469039577.250423,3958143152.732828,806848849.923353,-16.60648199028285,-13.508415167790043,37.39879628818216,2.398796288182157,3551.184317314793,19.003097176963077,0.9834611568689262,3.8931347099562412,0.40127651266450165,0.20111466530192065
10586951074.0411,3670046075.266508,1289948223.7320588,46.53868420888985,21.37466538087974,74.93119141138267,39.93119141138267,3569.9264993533616,18.903330555254826,0.8788316127509781,5.678366451366839,0.23772180849785712,0.11914313557391319
10461503536.454012,3617851826.6358085,804290865.9138088,1.2948979113068404,13.384996805370783,-15.314042386147928,-0.0,3208.076054451458,21.035505246704368,0.9822711473145384,3.873215132329289,0.40263347029317176,0.20179475514198325
10856996269.842033,3826978380.307166,1021007464.4420737,0.10434609720298992,-24.74745873278914,160.8892469512574,125.88924695125739,3021.483542625698,22.334558412519595,0.8870878897727191,5.238794510286734,0.265513861800254,0.13307215788536317
10756491211.35224,4019697821.246625,797988903.9075248,-29.212577809605467,15.806865210151066,128.8974932224759,93.8974932224759,1708.752437358483,39.49284823234039,0.9299561462101059,4.469566969270785,0.33228120149132395,0.1665350961617829
10395005308.774082,3687234540.7958364,1147079171.4856315,1.770730892840957,7.022484902267733,-56.16704328422224,-21.16704328422224,3153.6389754027678,21.398613221610642,0.9643627634082551,5.283114356319166,0.2857123393728714,0.1431953769834658
10461503536.454012,3787589730.2365046,878544695.813099,16.630423214993424,-59.50789783723462,33.82063062349711,0.0,2810.864822076923,24.008091796238475,0.9418834623751042,4.15551284781985,0.3617811099277917,0.181320073663314
10510798821.80646,3735188711.501365,791980316.4173261,-1.4854648288080088,1.2250266637790377,50.69117666993506,15.691176669935055,2076.8480222171397,32.493230103182164,0.9800681529762042,3.8456963230916594,0.4042840845908746,0.20262202195563456
10461278929.56444,4123085703.918337,738312964.2358984,21.39966319300193,49.402032891182444,-35.07149459345581,-0.071494593455809,2061.5994758673282,32.733565110579754,0.9733362099252183,3.54722632195156,0.43007108842940645,0.21554613907300418
10557503299.703999,3712902592.0537786,816761082.6088084,9.244229051710576,-32.38350282920596,65.55767371377411,30.557673713774108,2247.212889560324,30.02986543408609,0.9479864871335633,3.8764675342063724,0.3882892735794215,0.19460562687241334
10593627394.47914,4131891543.086577,827088955.5375478,29.369674800734277,45.88793494271004,77.05633021014164,42.05633021014163,2221.9770638188834,30.37092586331979,0.9540925082238403,4.010442438824323,0.378918877236361,0.18990930385124374
10513126410.005291,3880503786.7158833,1037244532.299501,23.129810802318683,30.443528214084186,51.43207100458787,16.432071004587865,2380.6762906463305,28.346357268471465,0.9714052839701234,4.890367889183391,0.3150385301710731,0.15789328942244207
10363411921.127045,3660213194.2516513,984924910.4345933,-3.653829111487049,9.818798588500767,-66.22353091031113,-31.223530910311126,2647.4415704047633,25.49008122771255,0.9745204569897048,4.613739240289652,0.33683486359746573,0.16881733347563344
10461503536.454012,4006296897.6535583,1293153829.7747557,24.325965618371374,20.723983085091174,-6.633397177293487,-0.0,3174.4558341290976,21.258289357726785,0.9632106101444585,5.891511660954915,0.24806762673449115,0.12432832759554238
10776529231.813065,4011552002.7607327,1291240225.0913355,50.42354257032913,-28.472052054974768,135.27579323470957,100.27579323470957,2377.6871472163584,28.38199329724501,0.7802491360729842,5.44506465308694,0.22270339165427772,0.1116160967826184
10461503536.454012,3826857903.493333,1195283755.6201437,8.541597501676113,31.213893280588483,33.809801562801034,0.0,1627.1869224557333,41.47249448968955,0.9715946154852543,5.532547174382433,0.2717880651133088,0.13621670848704817
10347837367.619905,3568562213.5051775,1119203954.7893934,-33.98821994808591,-52.658230290023326,-71.18106526453197,-36.181065264531966,2972.119002560393,22.70551771887507,0.9510844102100282,5.120340183332893,0.2925398569038549,0.14661724160736112
9939020537.351524,3572252563.114822,1224798512.6067965,5.3918097580625854,-40.809254572613725,-201.31150397727845,-166.31150397727842,1573.3515691792393,42.891558375884166,0.9688696731972162,6.588107507877842,0.21254681984811338,0.10652575265595014
10757587426.886822,3847130427.1710224,1281864378.2989728,-5.501964191248555,24.8162703067646,129.24642946452167,94.24642946452165,2526.887342301125,26.7061770208505,0.9664711918831248,6.540050151158873,0.21437981815273657,0.10744442800548773
10454069926.479921,3646376804.8733273,724084691.8754547,72.34408632062919,-39.90230860167425,-37.36619154478747,-2.3661915447874673,2899.382162727654,23.275131351347557,0.8652543770643595,3.493869753370914,0.3870408721071557,0.19397994399207225
10461503536.454012,3697859868.006232,782221362.9835907,21.091036432031935,82.91997850894329,28.84527432805317,0.0,2818.509791246047,23.942971879975705,0.9861811948177447,3.8104821983418913,0.4101176847885264,0.20554574790078317
10287511453.50642,3737257502.0750127,929657398.9562726,-30.86345456279713,17.0716331825372,-90.38340011992862,-55.38340011992861,3220.5448004192813,20.95406363123862,0.9480587068077388,4.253803752143943,0.35600398212331813,0.1784246509606787
10415860660.41781,3725639448.761083,767293580.0009505,-5.2620278478946085,39.57364050842102,-49.52857867618417,-14.528578676184164,3487.4799942999516,19.350218721121692,0.9839088260412753,3.6946706670749885,0.42023071258793293,0.21061426832716343
10070479200.9833,3862269910.12106,1075328972.5977585,40.74966302536572,42.15516408983191,-159.46691171877495,-124.46691171877494,2245.8646795166696,30.047892595988177,0.9759136781952387,5.525023087919349,0.2734696257096926,0.13705948519052638
10391877251.750832,3670703405.5499077,868834422.9791838,-32.462219887752134,-11.545781380151805,-57.16273475926954,-22.162734759269537,3042.3711601453474,22.18121889901701,0.9765462591633901,4.114519240298706,0.37865255941574405,0.1897758287594631
10543375474.202553,3639037309.408228,871254873.1386751,-13.799693957424601,5.019981025283271,61.06064718638445,26.060647186384447,3325.689101426183,20.291584275361394,0.9810886784489385,4.298669063140791,0.36462073129234895,0.18274325563956534
10541060354.2062,3445449614.836033,885859900.8047886,-0.06914605717101432,22.79701158388808,60.32372160384346,25.32372160384346,3282.1771087450807,20.560590863739886,0.9686567279054568,4.326506808182547,0.3577002292033806,0.17927478834228355
10430988752.246115,3656640777.3924465,769807364.0677668,-4.267399999579496,4.363720754211274,-44.71315748813869,-9.713157488138691,3188.215786123658,21.166541163541837,0.9852142623245772,3.7045049731936386,0.41983650005372086,0.21041669403768049
10434638543.241032,4091351819.991075,1161431206.1426046,-16.700417517024558,66.35544973673706,-43.551392931952066,-8.551392931952064,2629.060756603812,25.668292566359188,0.9539844561038711,5.391632141193231,0.27566275003513996,0.13815865110419803
9767804694.265348,3924693147.590031,1106469928.028102,3.4766445931396515,45.039557903430925,-255.81119950290085,-220.81119950290085,3161.9016389147064,21.34269448634822,0.8532525662684618,5.619730963030754,0.2339400114602839,0.11724774717851205
10002926026.113983,3728656397.567218,1079580882.9131362,-39.57008219994866,12.95642067295064,-180.96975512278067,-145.96975512278067,2049.552388610766,32.92597010461498,0.84450931507222,4.739314183151743,0.283578320429959,0.14212583393295933
10768904384.711288,3761743218.662118,731042433.6336008,-16.381407925198417,54.3469609504304,132.84872902157443,97.84872902157441,2611.760519972131,25.838318696983894,0.93183982809956,4.328487702213125,0.34394777047158603,0.1723822315949222
10450040126.950277,4011633141.3993497,971789330.6411748,-16.963356917912257,7.222793204093208,-38.64891657441195,-3.6489165744119463,2677.9646654646976,25.199548577139318,0.982495309417917,4.617940266980307,0.33926296942906725,0.17003426912032804
10826135964.607368,3788046044.810939,1127493902.3268874,-8.69203097832728,35.09762131509056,151.06610670441418,116.06610670441417,1874.256856448606,36.005470884663005,0.9660512206626657,6.241945700833396,0.22951209831150104,0.11502853363673175
10945139390.11631,3815768073.637536,805504295.9088956,-8.660161783926279,10.831741748672393,188.9460735336466,153.9460735336466,3323.9411514196736,20.302254944079777,0.8737375719460355,4.82570439771561,0.28761436392304013,0.144148647406056
10315359122.506996,3776738222.216846,945118274.2119716,-0.4293903003495243,-6.155573451367877,-81.51921176987139,-46.51921176987138,2470.162272761113,27.31946051455485,0.9821881186092039,4.49899444328008,0.34857419405462414,0.17470093603209305
10380814160.409454,3785937814.000026,722389933.121038,-10.091773995436887,-32.68631927337804,-60.68422610498421,-25.684226104984212,2378.407831993459,28.37339322864536,0.9865340305944281,3.496435823395257,0.44103036176033195,0.2210387869562959
10720055686.102531,3656577581.3409796,760152575.6377561,-12.066202741880957,-24.059187498471157,117.29970532719467,82.29970532719467,2759.903958019267,24.45139457811857,0.9355076319896187,3.952838141872805,0.3764987344292025,0.18869635917274105
10013697409.941349,3590894419.941805,842099838.6743368,9.631329441875469,6.196411516247991,-177.5411171626499,-142.5411171626499,2770.2564700400208,24.36001915528976,0.9480811006481928,4.500651057409064,0.33634144335657923,0.16857003755008781
10698057804.96659,3685588395.342046,962769975.206569,24.638609809625862,20.958495004593754,110.29756228652887,75.29756228652887,2257.861890187134,29.888232300004493,0.9224127291823949,4.689056011332669,0.3133427758196191,0.15704339899012543
10766783224.238672,3912701286.946127,992353466.6784081,26.349435233433795,-80.18544206365861,132.1735426729584,97.17354267295839,2978.084487608696,22.660035655814227,0.7946860551959867,4.302546871473381,0.29508076800695915,0.14789071381401875
10346337868.386152,3880603468.7537537,1248846768.768168,-32.64695662716608,-12.401814491786872,-71.65837069496062,-36.65837069496063,2184.605266777972,30.890477882427835,0.9535149719005084,5.6199359761870245,0.2614170557399772,0.1310188909893056
10461503536.454012,3854660520.8868427,903108632.7219533,6.377136663212518,26.6003533720906,-24.434094249814002,-0.0,2668.784093993381,25.28623459167232,0.9844223330159785,4.317472231674652,0.36427908292081895,0.18257202583736495
10461503536.454012,3777577547.341351,723382179.4952632,20.30484141200926,-2.7455001490042865,17.864134435417718,0.0,1597.102396229228,42.25370948949134,0.9743542289949938,3.485748458018765,0.43665861070465345,0.21884772113859327
10461503536.454012,3824490562.1832585,1213352463.6468532,-7.983891933864205,-40.12398100318035,7.4526346340604865,0.0,1712.1254692488128,39.41504398322418,0.9570701858181251,5.554035252373523,0.2664037061033321,0.13351813648998187
10461503536.454012,3814711136.9988837,747969027.6975206,12.48097279806668,-36.64827503322993,-24.749457248161065,-0.0,1739.6935292945911,38.79045334071193,0.9663939298752354,3.5949080132141638,0.42234114409924023,0.21167198965807538
10461503536.454012,3888201993.361513,766931404.8165786,-6.6962059508668,69.6463992273683,15.529477140488959,0.0,2826.0269623621666,23.879284088228744,0.9754992122023194,3.7679477499485166,0.4096681003223568,0.20532042190590183
10461503536.454012,3653019430.1033416,1296738287.4995978,9.938835545223172,-59.74369335615905,19.203198220418916,0.0,2616.1179310363414,25.795282343601222,0.8900918159905717,5.722238503492031,0.23834769567168537,0.11945682223512696
11034038792.700174,3664940326.9981265,1168993594.557807,-43.06412963649242,-10.079971564683225,217.2436322519234,182.2436322519234,2301.6705029143022,29.31935765340644,0.9561418664164992,7.436256999037196,0.1725427180200427,0.0864762075269957
10830136573.408266,3652352170.44459,916013473.5188993,12.275439136807254,35.578086261620264,152.33954003649376,117.33954003649374,2323.502370336354,29.04386995115106,0.9198069578772686,5.011440761452171,0.2901032634490315,0.14539605207426384
10360565621.462996,3780527318.086422,790789951.6525235,-14.049693246122601,-75.87145586749493,-67.12953623241957,-32.129536232419575,3394.438433200392,19.880608237049262,0.9817609803578019,3.8609534283414204,0.4035621475282739,0.20226019631637673
10600054985.66144,3713675775.7502213,945771394.9446194,-21.12163548336923,29.41274742430703,79.10229602781567,44.102296027815655,3044.8342194798574,22.163275834034852,0.9835091234012902,4.865949398051763,0.32076239916176497,0.16076201948753185
10383058339.536615,3886665507.9777975,916829740.0989075,-8.96980165974646,-58.55441391161341,-59.96988170244155,-24.969881702441548,2121.062254114917,31.815898163441698,0.9794283352298606,4.386930728775144,0.356680684394092,0.17876380549975715
10149382933.073732,3899729546.21913,1242709453.9286563,26.88351282643586,42.536687399234374,-134.35107373759286,-99.35107373759286,2283.198273920278,29.55656608804733,0.9697325781345554,5.90522864114956,0.24895974005332275,0.12477544340188963
10476060248.56933,3839355218.9225283,965267960.8513751,25.674645733142185,107.8530556339181,39.63354537663718,4.633545376637179,3504.5014688646597,19.256234096287216,0.9830223341311553,4.661893344485039,0.3360269040223344,0.16841239445129072
10461503536.454012,3697580293.6807785,760266434.282527,6.2896874985404905,-46.695938364980414,-31.261977369431527,-0.0,2345.4462066278356,28.772137465588976,0.9662795750574821,3.649049363639896,0.4170593511974829,0.20902482248505144
9871848467.065588,3789112199.7485914,1274590786.6111205,23.454426639511986,-0.013908795081323694,-222.69303802472442,-187.69303802472442,2599.529651253822,25.95988879861063,0.9713096041952005,6.900557012228376,0.1982905337493447,0.09938068406430933
10331908804.430462,3916637089.1549883,1089203775.7439675,-12.012292996988348,17.139812503437415,-76.25128440043507,-41.25128440043507,3059.622380768881,22.056153432333613,0.9706165350861313,5.018699782578783,0.3056171400317852,0.1531714089616091
9948486587.24734,3758621453.8977776,781371804.7718737,-35.39138665890534,-19.85869046796495,-198.29836671233153,-163.2983667123315,2029.382590728452,33.253217497552754,0.870868748398986,3.844358864384204,0.3593493134827838,0.18010128833029587
10050170456.246721,3717518415.1731567,779219128.8516356,-52.7176998603798,24.19038838249014,-165.93138594441075,-130.93138594441075,2887.924532926197,23.367473736186056,0.8390138085817523,3.341857031905895,0.388672134472523,0.19479751186429098
10312021022.523071,3749817442.3918495,993993199.3031085,-1.5591258157717385,-25.49048364177978,-82.58176199582462,-47.58176199582462,2045.319265063038,32.994115797936516,0.9805631620905578,4.742599419415974,0.32901494961393274,0.1648980924190233
10461503536.454012,3854929729.94027,766381605.2816434,-4.7847816485277175,-19.70074947939858,12.443398737494894,0.0,3316.260274053644,20.349277529037725,0.9819809748469961,3.6914869294463717,0.4197148939364757,0.21035574660418624
10649324288.896318,3762117654.2071037,1094950518.2746756,0.30120542921082755,-29.617288892596818,94.78520233286453,59.785202332864515,2414.6288322564387,27.947773907834048,0.9310146682563211,5.171859652038505,0.28298965402125487,0.1418308018440516
10746487917.906832,3823557502.9603796,1085593610.8584187,1.1706289288296028,0.5410560244989161,125.71334602440507,90.71334602440507,3552.7896886716617,18.99451039570863,0.940360001644474,5.458098416039114,0.2675988892690741,0.134117147034498
10403235436.387932,3811328425.958394,729846528.3232176,33.26618438281631,21.2723053932575,-53.54731230017969,-18.547312300179687,1700.1472316924328,39.692739203570625,0.9800238812172671,3.543542894244455,0.43339347581335014,0.21721127721500108
10409463229.769682,3781451291.301887,1201905914.869712,-26.395077267917994,40.920285246695336,-51.564944097658646,-16.564944097658646,2654.19826880837,25.425192031919195,0.9442815040565872,5.494609940678617,0.26646519401872126,0.13354895344819728
10461503536.454012,3676663644.8181915,1189346737.5734725,-22.322021862735586,-1.760458403200247,19.43958659782923,0.0,2492.8927824797297,27.070358239840992,0.959930470067802,5.501143897727818,0.270473915105381,0.13555807328000358
10279729636.576456,3547613584.63719,1267590985.92582,52.730249269663965,-39.768596914783544,-92.86042938120858,-57.86042938120857,2161.3901682914197,31.222266884181327,0.8585254439793871,5.94565167159082,0.2183675007919875,0.1094430036360374
10564498435.610834,3579273943.497257,1118424037.6761684,20.704799705166288,-16.605477166270557,67.78429462811908,32.78429462811908,1822.5656191612452,37.02665076404578,0.908326743126317,5.0720279897912866,0.28251356272354544,0.1415921909635986
10191383423.246645,3691969300.037262,1132156795.2133486,-9.165201480615407,-17.8976800037858,-120.98190249098964,-85.98190249098963,1733.1127568942618,38.937743898539374,0.9602922994455523,5.34438355704563,0.28052081408944096,0.14059345078835725
10461503536.454012,3820715009.8098445,810006675.3319508,-57.61594648798958,-13.031113638138436,-4.437824461392572,-0.0,3229.455314463853,20.8962484704464,0.9702421417225437,3.9805231185420897,0.3879965126158354,0.1944588988149596
10461503536.454012,3809072315.7574577,724858580.1569211,-24.500252558366125,25.385759212316028,4.034692194517993,0.0,1925.240198666969,35.05199025138042,0.9809008854712922,3.5705047956276936,0.4310966490047301,0.21606013694066784
10461503536.454012,3803615416.987707,750231611.7219312,-10.834292704599271,-3.1750131456015107,0.030336102899951995,0.0,1635.330848517802,41.265962013989174,0.9858049606220284,3.6352608238275903,0.42683980893737367,0.21392666304331573
10461503536.454012,3628006832.2948995,1297517374.2627826,-3.1533925628069888,5.964954013663549,10.961633882037846,0.0,2704.667016149502,24.950761137063427,0.9383377819921961,5.853546048113888,0.24378366319610442,0.12218125976077823
9738769603.00278,4133930935.9933643,1103455518.9487646,4.4680252587771765,4.244376168649746,-265.0533560980247,-230.0533560980247,2021.6980011543787,33.37961487655801,0.8909913844205634,6.001138806764667,0.22374823796740864,0.11213976041586214
10928879340.595264,3737653659.2908072,1286829375.2268665,-7.184605515281515,-1.3843658956813707,183.77033902125976,148.77033902125973,2320.6404237646393,29.079688513641315,0.9233893311667887,6.929422286849718,0.18725896718165064,0.09385180373367165
10461503536.454012,4028796745.147225,923033501.3213104,31.12993462375735,-16.52369771634404,-19.61371212128831,-0.0,3214.5767150711963,20.992966308394873,0.9510415321202882,4.351374049924134,0.3491902251688992,0.17500968296208488
10146491228.204626,3770397556.8219714,1170123699.3372056,-33.97141133472559,30.851641158966338,-135.2715319853552,-100.2715319853552,2790.8483696701505,24.180282027724836,0.8785451871930177,5.0375922400682684,0.2754259651407704,0.13803997753802422
10324218857.514229,3607084915.5756164,750131647.9665473,-8.805126530472883,-1.510954705423835,-78.6990705281006,-43.699070528100606,1872.7963817272043,36.033549260172634,0.980355696752004,3.595462695532908,0.4283881088918073,0.21470265121430357
10461503536.454012,3886139090.2806067,811506561.0710264,-19.851379610309873,-2.477997595442529,33.70048593173873,0.0,1831.259317451056,36.85087089095121,0.9849253544734359,3.9247593451159974,0.398958188181857,0.19995275066781362
9981913180.216106,4067981923.7252903,879044140.453217,20.665309719968693,-42.338520513832115,-187.65835170893135,-152.65835170893132,2781.441607889807,24.262059100510086,0.9292636912499339,4.949057231845037,0.2973262444473354,0.14901611793934616
10730864035.180038,3610383814.0677714,1045370224.4971255,3.997768985895189,-25.966570595899388,120.74010969189061,85.74010969189061,3280.14964985426,20.573299354875058,0.899572697797728,5.033330047760943,0.2822950489211881,0.14148267463548575
10817138268.815586,3585354533.3684754,1049687287.3395318,21.055752755437883,-21.909949209296116,148.20205118101555,113.20205118101553,2529.967672749255,26.67366124955565,0.8338010443107363,4.951978374417048,0.26660273308967486,0.13361788627468418
10375227296.159248,3707775894.0936246,1014117338.0669495,1.2032767643480426,24.068643837076564,-62.46258022859158,-27.462580228591573,2938.849789418895,22.962555254851576,0.9755263918316724,4.740010691165619,0.32752009715695374,0.16414889145142908
10871242025.989893,3615424102.6404567,968744786.4049386,103.71611061871724,-67.61900007194038,165.42381196928463,130.4238119692846,3177.3581390782506,21.238871326861883,0.5676156860282869,3.372330623702542,0.2611086902391049,0.1308643421369773
11214529097.28941,3872115900.645286,1060826806.6130601,19.15150485146584,30.27161930070987,274.6954805630006,239.69548056300061,1897.1613870217536,35.570774915031784,0.7819510705216698,6.534616076136027,0.17366726743317062,0.08703981733643845
10268068120.14865,3625398728.2225184,1298857466.1719592,-21.95071828171402,6.215998160669578,-96.57240534807418,-61.57240534807417,2900.999761595517,23.262153126867247,0.9131770164519775,5.6998725523523355,0.2457919850751626,0.12318780504757652
10309304246.817389,3562148839.319376,989211559.2049253,-1.1070695762159313,-26.7813353816951,-83.44653856148739,-48.44653856148739,3552.8378851434672,18.99425272327483,0.9712633489826477,4.714178515093719,0.32803421870308674,0.16440656260688366
10319189976.333662,3690316198.1918097,1220200749.0281634,-12.143919037016081,-32.40386352035464,-80.29981312431863,-45.299813124318625,2963.593202813951,22.770837985174307,0.9551655517752862,5.582945447907632,0.26410955067916025,0.1323683350794302
10522925756.497314,3734756552.7671037,744331222.833511,20.200235638177208,21.220144582335305,54.551299871139385,19.55129987113938,3003.922246864701,22.465128964531356,0.9720516607788016,3.6005355261833847,0.42426362074139146,0.2126355104080682
10461503536.454012,3612048867.5368943,945075297.7162925,26.15579484837848,9.592059651482838,-20.245227666671436,-0.0,1792.8275366141925,37.64082115934301,0.9609699754161267,4.4472608923145085,0.3451308090681864,0.1729751554364266
10693647828.033886,3630316584.0760894,1051567121.5584826,9.788564766850511,-77.07563595680458,108.89382303100643,73.89382303100642,2739.683678956288,24.631858485556574,0.8387748272015626,4.658376838937819,0.28695097472634545,0.14381616520974638
9983812009.268866,3865195858.301717,1087990473.1767092,-5.869708712873401,-26.15304057701475,-187.0539356492651,-152.0539356492651,1868.1690439268189,36.12280210649064,0.9574231410959617,5.604121789802661,0.2634460802961147,0.13203581219355798
10299220739.79028,3602821256.9236374,862535429.1393193,-19.447724154740854,-35.097180379669844,-86.65621853561996,-51.65621853561995,3012.601438282909,22.400407773058703,0.9767993262036461,4.122479861408709,0.37805707091956914,0.18947737752740834
10315797940.158184,3677491221.975094,953418701.6688281,43.97450580634146,-1.7828484357594094,-81.37953177326634,-46.37953177326632,2540.895851852071,26.558940078575535,0.9649011952747406,4.703592184555888,0.326680811644776,0.1637282522673573
11054126486.217855,3750021661.09613,1286889956.2373579,30.42890945512145,-24.05863676891754,223.63774368923134,188.63774368923134,1686.3162788117052,40.01829403129159,0.722551697834275,6.075392529660077,0.17837322846630566,0.08939838492819314
10293693614.70917,3609589833.0146084,1105360817.8677828,-82.41727466271963,19.135909391425503,-88.41555709111165,-53.41555709111165,2014.64428693443,33.49648427411775,0.8361477375507704,4.722587500533702,0.28185404305267653,0.14126164812423303
10063245470.74558,3655390860.649868,1066465333.5532794,1.2187635324435173,-19.554302494172635,-161.7694795674274,-126.76947956742738,2362.0170993950974,28.570284564206812,0.9670447858503182,5.429325639189405,0.2770218490239872,0.138839814166644
10155810830.29368,3677330049.405862,750070608.7428561,-24.050234059809828,-9.863025422705228,-132.30501050511018,-97.30501050511016,1864.1196276145342,36.201271461101015,0.9432310186079423,3.5939921900015843,0.4123052409562753,0.20664212312490152
10299864013.729513,3834272496.9641085,742081125.9215945,-11.0904445205423,49.964817146174475,-86.45145808123745,-51.45145808123745,2245.1664268822233,30.057237569222007,0.961867410573782,3.4704582543034554,0.432582937112867,0.2168050455659581
10461503536.454012,3666615228.023978,839022068.6882771,46.659045020154366,-8.464147138724455,0.10624745722996944,0.0,3598.4980524477237,18.75324084984221,0.9388890579024591,3.9880087958054617,0.37481192342848485,0.1878509510336393
10471432355.869183,3911816808.7752624,794226208.2726946,-32.165876736851686,-18.639802250553924,38.160441377982394,3.1604413779823917,2016.1708993176653,33.47112127155432,0.9837678243939398,3.862982815697907,0.40419816042166634,0.20257895785896735
10363746498.0545,3785834784.8943934,1309261051.5167387,-29.5548537325356,2.4452885890766316,-66.11703176661291,-31.117031766612914,2734.898588632456,24.674955391667517,0.9377519190892912,5.8257460089651705,0.24519598851163205,0.12288909917864929
10438829092.456528,3988812171.5321856,711986674.125917,67.97988096880673,-50.253270029907824,-42.21749968811994,-7.217499688119939,1578.981998438775,42.73861306966443,0.8520293424711015,3.418362136116986,0.3878094055205227,0.19436512312746776
10461503536.454012,3990292378.2083383,933054513.3734787,-13.704503029207995,-62.06646679554124,-26.134478915367435,-0.0,3493.9570160796357,19.314347705101298,0.9732136554550402,4.4211560392417235,0.3516353999991423,0.17623517337098946
10461503536.454012,3714644222.928334,745884061.5462574,-6.971196299428802,-0.3476865176419879,34.50145314721175,0.0,3281.6712282496164,20.5637603469604,0.9855666422529727,3.613254259320856,0.42890446748684524,0.2149614435501103
10001302456.393564,3780230547.959715,1099978547.3197646,31.556988037745608,-22.503417405006,-181.48655341569867,-146.48655341569867,1726.161316228218,39.09455045759942,0.9728262845810928,6.050004036142342,0.24156549079402878,0.12106954007087359
10766824886.234722,3759275662.6636443,738645404.2660539,-14.517167347440378,-55.688155198715435,132.18680409817924,97.18680409817922,1903.077495771398,35.460195827646196,0.9005017470446429,3.7744212949206695,0.3776090812341238,0.18925285081626642
10461503536.454012,3696253639.2082257,751964666.3747718,0.7502412586765009,37.05035186876159,2.5131504553898174,0.0,2765.4870845057603,24.402030677825692,0.9865244432647742,3.6620203882055984,0.42452748368045756,0.21276775514455548
10555835633.160927,3726186481.7907014,758986346.5546238,6.642294862102584,27.471981739061597,65.02683896625642,30.026838966256424,1891.1948197619727,35.68299784351875,0.9770291810674451,3.7586912582811864,0.4111860849969459,0.20608121644564775
10217688545.262701,3882959372.1656933,875787936.6823573,39.12072755223187,9.214375094207904,-112.60872209600811,-77.6087220960081,2216.8295414813197,30.441447757930355,0.9766623390137728,4.4764889246606625,0.348413960884853,0.17462062921300012
10084332426.157589,3760694758.5817595,1061224323.339765,-45.22702700811919,-20.70566034120974,-155.05729319026835,-120.05729319026835,3167.322960982323,21.306163440406078,0.8955928385558338,4.779100081531315,0.29798925472145027,0.14934841022449624
10146497032.177132,3778348903.6862655,1200703963.9233236,-23.38145491469079,-7.593026041748365,-135.26968452352753,-100.26968452352753,2971.997437619395,22.706446452825805,0.9299408185525658,5.4611466820416155,0.2644482167067913,0.13253807016894215
10311324982.397898,3835822138.7088127,872991198.6330726,-3.677549178007874,-22.46163276402611,-82.80331844884797,-47.80331844884797,2867.992806821808,23.529870965758366,0.9850015947899933,4.209108319539371,0.3737025847493164,0.18729496464987114
10852272734.264984,3785594936.7638016,882720150.8938582,25.331549958531706,34.06374763772189,159.38569887934176,124.38569887934176,1655.2461462534304,40.76946551302109,0.8842052492021518,4.669434378100586,0.3017238571783175,0.15122014529855113
9870300919.498426,3816111517.3371987,1212292348.5797024,-17.96894536163972,-56.56284477889655,-223.18563771469164,-188.1856377146916,2001.2614805112971,33.72048147251558,0.9543630500267267,6.436623400863702,0.21679600568517704,0.10865539035079627
10392821454.033598,3852369462.8917584,1164477800.3035417,12.871327493217223,10.800938142033049,-56.862185838107706,-21.862185838107706,1812.8447633971896,37.22519547055934,0.9730526658496287,5.387547358190334,0.28143727104193267,0.14105276731311506
10461503536.454012,3812150484.7247868,787524073.5907017,-14.345002235459136,0.7636138162087431,12.061210356788056,0.0,2714.004333744373,24.86492001364521,0.9860236479519222,3.813312220794672,0.40978504862996934,0.20537903490467155
10461503536.454012,3740497785.2250113,1201252113.5624201,-11.01955346067446,-44.574630244453516,-2.3857111630823065,-0.0,3085.463257248359,21.871432277376275,0.9515056335202512,5.490266363151148,0.26877243605580803,0.13470531370207334
10470616310.61826,3519353348.0085187,1216413569.4797492,35.544485613827284,24.438826900905298,37.90068610704022,2.900686107040219,2547.642660134893,26.488605223649053,0.9162250804723064,5.469610652044778,0.2600405707897405,0.1303290143049669
10424684368.021317,3873986928.8561645,818581665.7446116,-6.580837388369702,-13.3752544579951,-46.719905313193095,-11.719905313193093,3206.1637957044422,21.048051495576555,0.985179714222757,3.9215748646321806,0.3993539406925798,0.2001510967738638
10461503536.454012,3704892329.007183,1092025529.872034,82.62384454627953,73.76576438762689,-34.25126095571906,-0.0,1723.5039653672447,39.154827625163534,0.926459402927927,5.02399144560441,0.2913582023485453,0.14602501142968244
10477877395.079237,3958093227.5086694,830099614.8023858,10.023176973268978,46.335091515085566,40.21196107538488,5.211961075384876,1872.2230738695932,36.04458337102022,0.9826378660778621,4.010063941238992,0.3902897103114947,0.19560822022420749
11287216066.606415,3575305457.7621293,858562361.5637455,31.40937559204173,-2.1652217017726554,297.8324614933412,262.8324614933412,1698.1253087678085,39.74000053282734,0.6185666917190862,5.020472127063521,0.1946880601643079,0.09757517029400942
10461503536.454012,3812037997.4275675,1011084887.2499764,20.70171098903229,-14.81325425036118,3.9007510712277527,0.0,2396.030855308071,28.16470435918638,0.9588092975891027,4.730598959011075,0.3226059260670447,0.16168597163730644
10406493081.1808,3752499885.5571904,1028262883.5093156,-43.40971364619228,-26.8778525956927,-52.51037175693477,-17.510371756934763,1972.6488447056265,34.209586189837395,0.9699142851595542,4.802682378029781,0.32097049941551065,0.16086631667802379
10389575406.890612,3612755592.6567564,1001969178.8649507,-42.96962552599377,-28.415911157725947,-57.8954347347389,-22.895434734738895,3447.953939069212,19.57204239609353,0.9629878660688951,4.66070843787561,0.32926833768600094,0.16502508728589732
10461503536.454012,3647816871.3484097,1039782773.0026997,13.591407836255266,12.463046516255499,17.078259762770028,0.0,1885.146118983706,35.797490706779314,0.9655523941135561,4.860347390197283,0.3153124405336885,0.15803056979934313
10414569139.337673,3962123380.1329412,840097420.4641906,-30.84989976780846,-56.51921881254393,-49.939682604206624,-14.93968260420662,3200.187204392784,21.087360321486216,0.9849686426697043,4.016226681767491,0.3906607112296627,0.1957941611480573
10218943365.982306,3700785201.0944667,1184345481.263242,-15.279587024827762,38.33404445885145,-112.20930025556973,-77.20930025556973,1708.5746518908188,39.49695765447457,0.9171897175330304,5.241754936180408,0.27433655690066183,0.13749398003587346
10516823928.435802,3798594710.1361127,879479508.4985332,-9.388335102349915,27.56902998654538,52.60902767536644,17.60902767536644,2052.7942508542287,32.873971976080114,0.9849341631325401,4.320765822229991,0.364192182504272,0.18252847245799472
10072437586.68224,3692907141.253958,1265992792.0519753,-25.581377048037286,-5.268455995407946,-158.8435381898413,-123.8435381898413,2263.174694749854,29.818069648706093,0.8967954419382077,5.6993256176706675,0.24141309866150615,0.12099316307954801
11056051920.884455,3750810549.1021795,1023961592.0928949,33.011244138476094,29.593957803017368,224.2506285788109,189.25062857881088,3419.2793130345062,19.736176690213338,0.7948668041413485,5.61852784741853,0.21799251166820457,0.10925506387444832
10800669866.68806,3678543185.145657,895209297.0688614,21.734250385764042,90.66095284823419,142.95999597417406,107.95999597417405,3519.5525349306704,19.17388645445226,0.9453204921246233,5.091565179019635,0.29269988680789893,0.14669744655226657
10671996936.735079,3733400901.280123,816486108.6219798,4.876033988633286,11.722414114880525,102.00213028590551,67.0021302859055,2900.2917893082395,23.26783150716572,0.9513489283285318,4.1425179117415585,0.36651186804156105,0.18369106923531384
11239665962.974762,3787526826.435048,1005725997.876747,15.657060963782612,67.83941525982651,282.69679341832233,247.69679341832233,2353.3659040867983,28.675311628357527,0.8022288995124877,6.877035411049512,0.1646625216209466,0.08252675369329314
10706056060.006836,3624871392.262872,939419194.1518134,-25.29896513044741,-11.568585818526037,112.84348593805821,77.84348593805821,3331.922351273784,20.253623452371738,0.9687832675590783,4.976818185171942,0.3079958116715787,0.15436356882046484
10145064205.81171,3969021782.609339,1089678931.4348776,24.39497171074677,-23.906879563978794,-135.72576732082592,-100.72576732082592,2681.6254543641353,25.16514771494885,0.9761638498610723,5.545886480396285,0.27222880228217894,0.13643760032947091
10147353445.149565,3824725800.596436,1013796558.3827368,-23.731333839144483,39.52181701085389,-134.99707980774605,-99.99707980774603,1747.5738652537568,38.61553552441192,0.9047898617025124,4.507262309361789,0.3204951742641338,0.16062808978033177
10461503536.454012,3891928304.9536495,732816665.7627785,43.54836754073576,-75.57278219134596,-10.789272776497313,-0.0,2288.99593541716,29.481704021873547,0.8824439019416065,3.4987149635269823,0.39428986138923705,0.19761304487695233
9988206602.797346,3788034036.8573136,1217536064.749563,-18.632703903391587,37.86076580141915,-185.65509308339043,-150.65509308339043,1841.4821555928654,36.64629628382903,0.8583730452103054,5.404836640710582,0.24728194459363648,0.12393455373685708
10461503536.454012,3824328387.8654265,741775293.9819392,-15.478315928664022,-0.03230992409276136,-26.477588408441786,-0.0,3205.101013087417,21.05503083980328,0.9858384407821116,3.6050794125611647,0.42983107238133805,0.21542584609384663
10526591475.832312,3788561425.08706,1214187681.663015,32.49359682819223,-18.94979775558542,55.718134575444054,20.718134575444054,2027.6824763358672,33.281098723694974,0.9033006654186939,5.424384580628772,0.2590561292332048,0.12983562476457905
10461503536.454012,3832047986.4431753,1205149125.2542377,18.113170174348838,3.3899503414528835,-26.71329176733013,-0.0,2270.146039789032,29.726501948531755,0.9570516135677257,5.523528079690081,0.2682764506084986,0.13445673212781695
10461503536.454012,3829386890.4282303,1272872591.3551655,-26.63883209186255,4.39300624081156,15.258123843070338,0.0,2879.0896934367283,23.439179692483357,0.960422226222932,5.849755836820653,0.2497391437212443,0.12516607057009418
10317949086.131977,3982274597.5656395,1114828464.894967,16.844946125249194,49.22282075234191,-80.69480074318355,-45.69480074318354,2707.244458537009,24.92700666998808,0.9782657470766427,5.17290723486441,0.2972802954614005,0.14899308889419746
10889038958.451458,3774647846.391889,808108297.7771357,-0.017347172952808017,33.21271553341279,171.088751515546,136.088751515546,3137.0349221123315,21.511874222235335,0.8989714279701099,4.750561673432531,0.30108541723892795,0.15090016735149134
10228687731.046862,3731366842.8154926,979378691.869444,0.512316681237318,7.926916643169905,-109.10757252093757,-74.10757252093757,3098.3378350167463,21.780549529672435,0.9712185593229233,4.6672963223586965,0.33157924676654454,0.1661832854151391
10513026046.66392,3845600893.6018734,977858568.1794246,17.299070871992456,-8.701467660034305,51.400124360818864,16.400124360818864,3454.177682598578,19.53677745508229,0.9595574953551501,4.591951566182027,0.33333110772034785,0.16706129576027542
10277405554.4453,3853374898.656009,1095304129.4447525,17.236408821045906,-37.26642698515062,-93.60020769985891,-58.600207699858906,2647.9738234928845,25.484957621757864,0.9708451054903142,5.312051812329775,0.2857227123654734,0.14320057579493242
10902976014.038572,3851787494.9339123,942366124.3330203,28.47229519648344,7.855414071177321,175.5250540932175,140.5250540932175,2341.663885592779,28.818611027157395,0.8368220236685492,4.776855910141156,0.2785784454200864,0.13961996040827915
10498776710.85069,3564712525.2139482,1121694389.480125,13.517576804082308,-101.60058856871031,46.864419899915454,11.864419899915454,1680.2649092211723,40.16241742888025,0.8486153919727839,4.9437195294851595,0.27185601823731853,0.13625076572528694
10461503536.454012,3746358054.3083267,834461202.0928396,9.182359570789076,38.109752253285755,-8.653753578147235,-0.0,1842.4685300908995,36.6266775106932,0.9851369235826661,4.019370541329968,0.39044470980824175,0.19568590399319577
10261783550.828863,3721499907.5477953,925448418.6353995,-2.7505808294043845,-0.04323948531974347,-98.57284589296943,-63.57284589296942,1984.936588254685,33.99781185683981,0.9760164845528939,4.418069504045456,0.3528988169108457,0.176868381797884
10784854581.374819,3807850918.448849,1041105392.8628024,41.831408181416286,-65.56870502903921,137.92583430615184,102.92583430615183,1779.4761510218125,37.92323973349677,0.7570444056919077,4.371458401580591,0.2766785648831865,0.138667764537768
10005857570.634995,3833262539.3517666,970685445.6507746,-21.662585668805225,22.28751283799882,-180.03661551995484,-145.0366155199548,1574.5375535830835,42.85925129043256,0.8826144962968752,4.5004964766905955,0.31312764265120246,0.15693557699258523
10404493166.611305,3881949311.333628,784912696.6002324,53.42781468733527,-35.070920506592984,-53.146964335927784,-18.14696433592778,2444.4288090203427,27.607063223201724,0.9142526252304973,3.8329293957112816,0.37824507026529464,0.18957160039941623
10536510587.382229,3581018234.280611,1298349525.8615649,60.994063284075565,-18.387033243075326,58.87548584394253,23.875485843942528,1805.307875242087,37.38060504842751,0.7992999533095062,5.460387756265874,0.2273374644921825,0.11393863492867518
10155462597.251513,3989765471.3465724,1131202845.2868838,60.62093661665813,-70.46920822783963,-132.415856525128,-97.41585652512799,2222.610172166798,30.362274734597918,0.805348952198022,5.658161002499994,0.21886080774419303,0.10969024278274239
10461503536.454012,3732403638.7024074,1217499722.4312904,-3.7219231885550346,-29.548187482490103,-11.381429134182968,-0.0,2192.751848505577,30.77571259202551,0.9499190098653623,5.552271280477905,0.2645205705998444,0.13257433301644359
10175239895.856752,3772933547.8006434,927950734.3365637,58.86731501079028,6.291725331342471,-126.12054685707125,-91.12054685707125,2409.694469189867,28.00500293214686,0.9568197496850631,4.934972699565753,0.3071375113909624,0.15393339967720127
9791911574.008905,3802170872.4750094,1285605145.026777,32.204485280824315,-3.3327212363637497,-248.13774135548292,-213.13774135548292,2663.1375078937795,25.33984838380036,0.9726992334927248,7.317224680245121,0.18040813029603128,0.0904182517469364
10306864152.518024,3971981255.107454,1204964924.8584116,30.094536731944117,11.400105685034907,-84.22324470019569,-49.223244700195686,2225.0157393035097,30.329448679030225,0.9742567608350146,5.660730060953226,0.26460644749687356,0.1326173734208981
10536831421.764042,3928347904.6521225,1306677324.3567345,92.08464041179413,-28.854685731101018,58.97761059950129,23.977610599501286,2036.9403356758755,33.12983669344868,0.7186831610073238,5.295115141215314,0.21233713594255507,0.10642066175938722
10501057402.003975,3648548018.2326303,830495745.1447389,5.734470539516311,22.12701417548667,47.590386441337685,12.590386441337687,2914.6496049606376,23.153212159837533,0.9801446128219787,4.020969690380132,0.388323066209681,0.19462256330729008
10370272493.32059,3858104017.004913,1000834276.2602098,16.213112738808654,-58.537140415100694,-64.03974295622834,-29.03974295622833,1793.5479879963493,37.62570119499789,0.9530963062210573,4.790969151682849,0.3162567992540889,0.1585038703339724
10461503536.454012,3661043374.026252,945234653.7471344,-34.84174814057323,-22.618159337967324,-31.804645038595094,-0.0,2270.5979637812225,29.720585392783562,0.9789055314616569,4.521033348781098,0.3456507055304935,0.17323572090614292
10646110050.561087,3686683055.2971063,1084078330.9778354,-61.74361090309639,-104.74832485027852,93.76207849420932,58.76207849420931,1883.941223093996,35.8203853963194,0.960284671445641,5.334927058144214,0.2811300634868707,0.14089879880844414
10587142442.185467,3697802236.7709904,862658045.8336822,8.328984200539919,-12.391299646005844,74.99210578363541,39.99210578363541,1621.7511994242284,41.611500394881176,0.9519634225682263,4.13937722634553,0.36701392232113755,0.1839426924308255
10341847194.780817,3675423606.2238393,771485713.8049778,12.27102120577172,-21.901745736368078,-73.08779649916345,-38.08779649916344,3240.5334098652356,20.824812504570577,0.9841878471978436,3.793522235561289,0.4108901917749757,0.20593291854027945
9784314039.762737,3925107196.4412403,1000497654.4886875,19.985103184385167,-8.026143051190477,-250.55611161665814,-215.55611161665814,3093.417566602706,21.81519281580628,0.9246538170681482,5.87746056781716,0.2389093298246982,0.11973830610258605
11310214397.253586,3829956452.9371653,1099650612.470765,8.787857552463189,22.106445293007724,305.1530575040594,270.1530575040594,3310.9222128090705,20.382085817107004,0.7782965060770983,7.222698414229476,0.14752826651405263,0.07393928377600498
10322038996.903358,3685592929.8323183,944118298.3870494,-55.27781900238934,51.30955472510804,-79.39294171104328,-44.39294171104328,2879.1953013888738,23.43831995095554,0.897392832966463,4.261321093447278,0.33639573997355876,0.16859725032134712
10461503536.454012,3931929157.9759765,1311507316.4186099,10.76116556612457,-46.923662272190164,23.50883157266002,0.0,3256.380426860582,20.72346956719057,0.9278718527735701,5.879922839828255,0.23960491171415962,0.12008692286552645
10303181580.100595,3566428827.6627336,957496569.4482939,31.628832417058184,-9.990862964903707,-85.39544390725108,-50.395443907251064,2446.0410778459063,27.588866469351895,0.9702245035268344,4.7144696965380986,0.3276613898706126,0.16421970555571946
10273204431.993801,3840897474.7284136,892853990.5931478,44.17727266744604,-77.79465255842662,-94.93746650923943,-59.937466509239414,2555.883200579161,26.403202094660895,0.8810509554807544,4.55154698159644,0.3089202149478746,0.15482686794126757
10461503536.454012,3778001453.836412,1205848184.9434664,-26.19132804618239,71.57825174141651,-5.85986552325555,-0.0,2553.637503477699,26.42642136299187,0.9344040906571494,5.644732484938125,0.2547190829781371,0.12766195254988816
10711902224.95494,3900958561.385166,994453824.9276509,-24.621753111572087,50.75447004770999,114.70437803730114,79.70437803730113,1714.501507326645,39.360420732708874,0.9602082556229904,5.448533062009817,0.27384961165888055,0.13724992929721713
10850244879.261456,3724221423.843954,876659584.2580411,-19.13601200146144,17.838475553265827,158.74021258397136,123.74021258397134,3299.2236959692955,20.454357416772247,0.938042250197663,5.1703077419137475,0.2852276512048842,0.1429524574613804
11025951931.189402,3863261117.5948343,884741482.3301783,-17.622506208347335,47.33324043062574,214.66950428484526,179.66950428484526,3301.6249307834337,20.439481191834627,0.8539256325303878,5.791416495411005,0.2250496804171547,0.11279202675697547
10153773899.963295,3800508425.8342147,1286981051.2859733,-45.03790609442124,33.43716317478412,-132.9533855667394,-97.95338556673939,3568.724095498764,18.909699620757262,0.8436391503494695,5.332347787368605,0.24712799569610608,0.12385739651478385
10461503536.454012,3915757845.361511,1295858531.8811812,-18.93623424581788,-25.442085084059414,23.35850638955192,0.0,3307.461109656565,20.40341471535777,0.9660370149916878,5.914896416465422,0.24745949690780847,0.12402354069002106
10541657463.063572,3623086252.091972,1103769394.9883428,44.35690630572882,28.052040365528622,60.51378725627297,25.513787256272966,3462.8740994058217,19.487714175580184,0.9205988955878203,5.03409384285421,0.288842480050067,0.14476416353033367
10461503536.454012,3980758327.3221593,880039376.8411772,-29.458946379175128,46.03126747672277,30.969982853472533,0.0,3554.3871180388765,18.985973793556326,0.9617711235554526,4.275498933383049,0.3593534678270428,0.18010337043460256
10829227253.364468,3713645976.2316613,1143424494.4016237,-52.110821728447824,31.574695351120507,152.05009447684762,117.05009447684762,2377.0091261273237,28.390089012904177,0.9328449222432579,6.692569412290775,0.19978023085987484,0.10012730123807848
10461503536.454012,3740237470.24805,842292172.6170088,-7.66051620462298,-3.5471928674836986,-33.64113628404472,-0.0,1715.1272865587014,39.3460597380162,0.9841007042897718,4.04589694979531,0.38765897903538543,0.19428973129351756
10121566281.021942,3715295204.895338,906412351.4348865,-14.092342180567975,-15.335900254167223,-143.20538908621234,-108.20538908621232,2707.003604359912,24.92922453688317,0.9538859237805578,4.437631681201982,0.3433470117515715,0.17208113899396066
10181897379.907478,3900376889.018986,1040145219.7410762,18.993124365706127,93.60109677284419,-124.00140386661428,-89.00140386661427,3145.8782667404403,21.451402423515397,0.9415286223092035,4.7633363583585595,0.3144125632556054,0.15757956279573662
10912068690.224678,3642220112.190752,954546973.3172287,-20.74316275012212,10.682479131113913,178.4193428151229,143.4193428151229,3515.2961166151435,19.197102729490602,0.9375040380836759,5.773256986139569,0.2481118165390782,0.1243504749614579
10106623305.463406,3650649893.3651233,924031697.8680156,-5.072177801288174,21.547465313664926,-147.96188593549726,-112.96188593549725,2113.5886397367963,31.92839865170924,0.9349556617910031,4.4279846404901555,0.3372815242348523,0.1690411940848554
10621473549.21778,3749910829.6940637,1303406744.3162208,-23.483571372898176,-55.3341434124412,85.9200365556543,50.9200365556543,2253.742416722739,29.94286311271138,0.9312287811716619,6.022578050927946,0.23270117971308896,0.11662686052220578
11040353868.420341,3730824983.3839684,813942537.9473772,-27.220734978775,26.940088592855478,219.25378328565182,184.25378328565182,3518.406098395694,19.180134068665666,0.8466406053973388,5.533559816739525,0.2367789618022308,0.11867059284679761
10789192002.589401,3789737481.7718387,1084007439.6092324,10.27806153740579,9.743597642287323,139.30647835929673,104.30647835929673,3209.869422178538,21.023752620266794,0.9212166311310062,5.484122643187135,0.26058505559844597,0.13060190313999406
10694075491.024479,3689962987.018387,733779663.8433912,3.3542212524097184,-34.001169869944654,109.0299523888671,74.02995238886709,1919.0213727218334,35.16558055813909,0.9147075514231349,3.601266029607584,0.39916794802225386,0.2000578796219482
10461503536.454012,3874531481.6327963,766153759.7224948,-1.5778348799902255,50.87704689449067,0.7712995887362877,0.0,3536.447628322192,19.082284757955456,0.9827266905265374,3.7349647924438214,0.4158495848540152,0.20841850303803347
10717676117.041096,3700826723.9819574,838168204.4811662,14.385703981164902,-0.10625019666679555,116.54226497008261,81.5422649700826,1632.359000146069,41.341090206995915,0.9172951760487387,4.160025394187679,0.3519707472458614,0.17640324512987712
10891677134.737175,3719194928.283048,1314092973.3677363,-23.161004430751245,25.57411514313757,171.92850910878533,136.92850910878533,1586.3127997519728,42.54110581834279,0.9738000693153265,7.416065069328354,0.1765482000507677,0.08848370398531852
10461503536.454012,3951330629.209805,1152590953.0516818,0.45171029713878025,18.172154227408235,29.488639708684477,0.0,1951.47526768501,34.58076143352532,0.9797705377576396,5.375241797795357,0.2841843751009958,0.14242958079696316
9921621473.540607,4114510170.5961485,1238810982.7831638,5.615545054794276,-27.586333194601576,-206.84979799863592,-171.8497979986359,1961.352086896911,34.406622414238285,0.9664693446327249,6.468269553823173,0.21795213512132267,0.10923482766461315
10599358854.711937,3784671552.340224,740441838.8893813,32.92625050768648,11.417902324742434,78.88071066451037,43.88071066451036,2162.976837668604,31.199363534552862,0.9385419147500491,3.537413205590533,0.41563523013332954,0.2083110711885581
10410812505.979218,3790268184.4584637,1125201533.69439,-52.98896079076479,54.61246978855097,-51.135456140970874,-16.13545614097087,2794.1358836190325,24.15183208192224,0.8973388657130127,5.170060000914219,0.2728666620946707,0.13675728752433566
10461503536.454012,3619912109.1950445,978165313.8316923,-9.96124850012373,-43.62403743409974,-8.862284495677306,-0.0,3437.7399698392314,19.630193460617154,0.9636347909227461,4.590200651723631,0.33488246375150515,0.16783881559790215
9684423365.033781,3762680299.6506314,963847493.7372209,12.407780961763068,-40.90597453190973,-282.35230092045424,-247.35230092045424,2432.149607527357,27.746443091487016,0.915335627163156,6.1787194274001935,0.22065228224187836,0.11058810693035111
11034893744.832886,3832988156.397196,1141528412.709917,-16.283225444213464,-35.97048719535987,217.51577196797936,182.51577196797936,2000.1796910847106,33.73871906410746,0.8739298146358556,6.454125768644615,0.1977260902757119,0.09909779220122034
10196370735.983566,3944720319.9653683,898031211.1598876,2.402428875577647,29.211903715658547,-119.39439154133724,-84.39439154133724,2489.915254074855,27.102729928177514,0.9613413395360618,4.26944594096463,0.35969385973136336,0.18027397051147812
10808068491.568623,3781019058.0957026,1022934185.4683043,19.023223922715047,-18.244913212258886,145.31505141782225,110.31505141782225,1868.5681470200752,36.11508672180918,0.863596981786467,4.918628024747173,0.2782584190768502,0.13945956729062475
10560186165.462578,3843996979.596006,869053909.7164962,13.248690671890953,11.596496260220277,66.41165640803386,31.41165640803386,3348.8682671911038,20.15113623201511,0.9673298397026635,4.190831737354891,0.3685457532067144,0.18471042651475258
10461503536.454012,3911061283.568551,948616810.1812013,-48.365169805816684,45.04909059225309,10.748974700929741,0.0,2243.5312402750906,30.079144637614142,0.9358118774857326,4.597217202149292,0.3246884446793612,0.16272970337959067
9517381169.570915,3785073601.0846896,1035024757.4919903,-33.87432212939132,-44.42861428265647,-335.5234831461296,-300.5234831461296,2740.138157137453,24.6277730556982,0.8061716516567595,6.036824112731168,0.20079140157281258,0.10063408709042065
10621033002.881762,3639398915.4475946,806438472.3492814,-79.05996153819304,58.10671888578536,85.77980630157785,50.77980630157784,3431.470936074305,19.66605631590843,0.8258953387305258,4.49692778944205,0.29324609398777446,0.14697119861773575
11031411877.636194,3758272299.4923596,878468047.5295517,18.08589447643483,1.1127067649333675,216.40745921689341,181.40745921689341,2586.88554209921,26.086774840636618,0.7911146463553758,4.875334893297482,0.257457729900205,0.1290345274246412
10128689704.085197,3904072338.7547755,966274306.2097112,5.731555674463044,-6.948172027362889,-140.93793310170852,-105.93793310170852,2521.0565138317697,26.767944433213714,0.9722519263384998,4.832783254729965,0.31952179464831937,0.16014024434341254
10648335404.119131,3729008359.3225684,998142288.4720184,37.46699933042543,60.31170362936399,94.47043053198914,59.47043053198913,2826.27052546402,23.877226212859007,0.9458240483357172,4.8493812235383,0.30965081667052374,0.15519303619752542
10461503536.454012,3910454858.443485,1197389039.875646,1.2809264592195724,17.99600975436112,27.076980643995253,0.0,3334.3394963267656,20.238941100503613,0.9756861659353242,5.549105701759095,0.2718939706675784,0.13626978699881834
10461503536.454012,3973473688.89903,1101768268.2499092,-32.15035655746449,-51.93709419708502,2.6697119496311417,0.0,1775.5554096608164,38.00698097511451,0.9809601051225543,5.162520875904949,0.2988128417454947,0.14976118152672838
10461503536.454012,3708310182.3847737,1052780920.2209164,29.813895883747183,-2.3818540938810933,-10.74837131294797,-0.0,2953.2856584039546,22.850312662172488,0.947852345965991,4.885026564517169,0.307778325759647,0.1542545676579109
10461503536.454012,3839708584.9932165,1239924733.8213375,-37.082889568398336,-30.485719435425672,18.939041360807725,0.0,2256.1126168930764,29.91140609291603,0.9656288039594672,5.713033544197133,0.25912353367630064,0.12986940701094843
10461503536.454012,3632541029.0330243,830468111.3206282,-0.258798084848497,10.435201603370082,-29.58872511520792,-0.0,1877.9871529047218,35.93395224821542,0.9818404064689045,3.990023641456589,0.39177663962710224,0.19635345021449613
10437248810.88746,3731028840.2290497,773684082.4205731,-5.974737250164254,-18.60320257347372,-42.720518934508,-7.720518934507998,3390.4108705782055,19.90422496012454,0.9842107682895288,3.721779716454342,0.4177439228698743,0.20936792106775687
10277880113.715277,3872623240.961657,950030016.2718177,21.547544303849175,-13.435722097114745,-93.44915079264489,-58.449150792644886,3443.319185713125,19.598386625102894,0.9813052847568168,4.674420383285259,0.3344737962297387,0.1676339966531947
10501597056.664747,3742452953.8149734,793840921.5512079,25.287996241525054,37.77405301589903,47.76216385498668,12.762163854986676,1851.3386197036248,36.45119264353894,0.9766155070748114,3.82570863911143,0.4047182159564984,0.20283960305380236
10615927995.70349,3610577058.26618,1048817959.08527,-12.031971176255665,-66.86951748837895,84.15483204769458,49.15483204769457,2541.9141084243183,26.54830092472006,0.9164195058045759,4.868843461860818,0.2986826379225547,0.14969592503290138
10729078128.658915,3793700376.0731125,1059571481.7340894,-20.67853758866389,11.029203462654662,120.17163799041678,85.17163799041677,3589.516786810317,18.800162997762953,0.9747504022431203,5.62608209389111,0.2668610642600207,0.1337473585593095
10366800116.415964,3905643141.5966325,790433602.1665869,-1.5672031444481036,-9.280744851033628,-65.14503485352672,-30.14503485352672,3005.76536886361,22.4513534470436,0.985116439413211,3.7983273934949024,0.4108230733433935,0.20589927963922935
10461503536.454012,3853955539.5325027,1146276883.0292816,-16.35145849333143,12.69562715496406,5.143061666268172,0.0,2392.5498903588605,28.205681706858112,0.9755560489862698,5.3627508118158715,0.2837769684896138,0.14222539380444316
10380315338.02503,3873480573.790633,1049157963.3032761,26.435636034641966,-93.62179407977725,-60.843006201396214,-25.84300620139621,1918.5215024350032,35.17474294116052,0.8863288511775741,4.936783257929774,0.28439146641135477,0.14253337231791022
10385454654.86177,3921278334.8449993,967964502.0876089,10.409513892175472,-37.71621812479306,-59.20711084403091,-24.207110844030904,3571.3184913081623,18.89596260862226,0.9720905632275734,4.616255792572444,0.33580035265033015,0.16829884979588142
9999779172.631151,3935879113.0489974,1268914303.944023,38.873372313333824,-16.146731345253748,-181.97142969673797,-146.97142969673797,2807.65110832465,24.035572110492136,0.9640950529698135,6.700581986573089,0.2060922476638478,0.10329080347867053
10461503536.454012,3717205294.3466353,1231428301.9948895,72.90729191694794,65.13739504045641,-22.953590976519127,-0.0,2357.5720374676644,28.62415213735155,0.9179990035006239,5.55515866447837,0.25546202082164227,0.1280343035124315
10312357367.317518,3633039336.1708517,844849109.6577371,-24.39224609848991,-49.61742736101091,-82.4747001225857,-47.4747001225857,2077.572187132373,32.48190416352573,0.9802208980869358,4.051105110027665,0.3856678584941604,0.19329180709764254
10779429865.448452,3815662199.8158774,811736709.495457,-17.00157046658913,-44.415047080686456,136.19909359705062,101.19909359705062,3479.147616060425,19.396561492166434,0.9135447501775898,4.228089337875167,0.34508087646685454,0.1729501298540973
10735132117.552734,3672350916.0650806,1267729883.9712293,13.254368305813752,-7.619658284853754,122.0986825061665,87.09868250616648,2893.839342663783,23.31971221772168,0.8875353548778361,5.914280303075687,0.22738281138285257,0.11396136221136371
10461503536.454012,3657493995.870935,806055441.9783973,11.110277553882836,12.470207883289538,34.783297912937115,0.0,1587.4359112857894,42.51100796918478,0.9799681511098224,3.8682843188828073,0.40214579277161483,0.20155033739405193
10784559193.167683,3564127949.7059073,1171332095.681907,-9.835579570486455,-24.250056579297876,137.8318093195583,102.83180931955829,2861.8130068936016,23.58068137669529,0.9106585827752397,5.858181327214003,0.23634012036053484,0.11845065111863301
10333729300.280107,3793401256.2039194,900587163.9778982,-48.21153973278725,3.3267647285993807,-75.67180257373631,-40.671802573736315,3138.349209722449,21.50286541286731,0.9490274344801143,4.1539351238272095,0.36465758780855057,0.18276172765496157
10826888366.95275,3814076844.773029,930218422.453947,71.09640797791675,-64.59948810818803,151.30560380933673,116.30560380933673,2588.6612323470595,26.068880636828283,0.6839144926239947,3.6598882880223482,0.29445096233232665,0.14757506325022693
10461503536.454012,3717345750.5211797,1047444175.8181671,2.21688341746141,66.59129147330671,-7.581870610162107,-0.0,1828.3455155546956,36.90959947182997,0.9757103584252907,4.984621850064474,0.3096411919639074,0.1551882124174419
11244823234.21051,3757669239.426556,1274078730.3492012,-32.89715956972798,-13.426949686271339,284.3384038383923,249.3384038383923,2327.753261589087,28.99083068158665,0.9215266484386986,8.53138838531881,0.12923170078671548,0.06476927861424131
10743984614.348936,3732146511.1762724,711566388.6579509,-67.43120582239345,4.9828039903778585,124.91651975380783,89.91651975380782,2543.154710762199,26.5353501262277,0.9047236173074594,4.31647899711665,0.33486366623151864,0.16782939452086104
10470445683.558529,3610451477.134602,809121226.1577721,39.14064961438088,106.5587405930655,37.84637382707752,2.846373827077519,2667.660572517473,25.29688423274782,0.9840922437084487,3.9323769893166065,0.39792214584761204,0.19943349947639263
10461503536.454012,3824242753.221576,1148808310.946264,9.102239864184368,-22.240524304251743,28.877901195479694,0.0,1770.4649502251013,38.116259046337106,0.9569373179222488,5.294532760585532,0.2827679707214278,0.1417196970042699
10995358058.588333,3742798172.162795,950481359.6263161,-0.04241531059283982,-49.00744286464443,204.93117217927775,169.93117217927775,2261.7649967002053,29.836654459546033,0.7977307221452602,4.99496496653664,0.2525572390634866,0.1265784639787705
10461503536.454012,3895256067.5142145,885544783.9067256,-29.28172804214777,-39.077755575316715,-12.040447541527042,-0.0,2544.719772777128,26.5190302669726,0.9850867008047232,4.243695467253546,0.37077027508912475,0.18582532848314115
10236971924.499447,3789999919.979427,1296564123.3864195,-3.0618061692501595,65.88242090900921,-106.47063184592066,-71.47063184592066,2042.9836688597024,33.03183559607523,0.9155767875118531,5.671136252443548,0.24807394226507348,0.12433149285884383
10347831744.026003,3855478341.814285,871065337.5062052,-11.083285523781422,-7.513665992899467,-71.18285531006704,-36.18285531006704,1677.090047022243,40.23844801599092,0.9833323646048392,4.1366815764646105,0.3793430884920386,0.19012191311695037
10583746135.336061,3866318869.098248,1145127978.288522,-70.2480035889551,-30.931457665325418,73.91102773695599,38.91102773695598,1737.5390317080687,38.83855236846183,0.9623260902485484,5.708666011706306,0.25849709046656016,0.12955544167163402
10558365846.636723,3797622702.1224813,1297373888.1351988,74.92281129726352,-1.4627105578561501,65.83223092975766,30.83223092975766,2603.6805723295993,25.918502212758217,0.8046660852605702,5.465323838906854,0.228603730576795,0.11457327132465815
10773518699.34765,3826446444.074997,1174717085.2389345,12.166632662982954,-1.9253308217924976,134.31751098829102,99.31751098829102,1601.581047600258,42.135551476682835,0.9093904579428462,5.713792281826887,0.24398951556658593,0.12228443034087548
10354130797.436335,3723505508.995007,1142234206.1705968,-9.804473745645296,39.700885778966615,-69.17780433595873,-34.17780433595873,1836.2301717935204,36.751111985773775,0.9544734271483719,5.204002629574528,0.2879808299799825,0.14433231551535325
10080616888.220547,3670239522.784353,1150631748.5938938,-27.327321303608386,28.417756071398493,-156.23998564811984,-121.23998564811983,2172.7460464512214,31.059083405288945,0.8691768116885588,5.031087906891145,0.27289736405915593,0.13677267495698295
10536574486.634825,3962189821.394395,1200568490.3018816,-17.182359677095242,14.88311174157874,58.89582560776356,23.89582560776356,2345.409153812329,28.772592008328147,0.9793092008882476,5.713315664872397,0.26277755555059457,0.13170075612573934
10960679457.403154,3645910605.0463705,875439994.9732738,67.88599414164086,19.057894001294223,193.89263058301043,158.89263058301043,2459.837455828431,27.434130054139295,0.713329218749634,3.994657333054951,0.28433104438199547,0.1425030895681655
10461503536.454012,4060326318.864159,1091866456.0072877,10.889457547335123,-31.792278225151897,-22.126631970760634,-0.0,2402.3623536996542,28.09047543194941,0.9616527434020053,5.07688811319041,0.29876482429368867,0.1497371157928919
10327536862.469952,3738943285.710629,1199143673.6126125,-37.70297563300328,-49.673090737923076,-77.64291674828723,-42.64291674828723,1715.4758050692208,39.338066136419386,0.9545402838574321,5.441778536887169,0.2726568466568537,0.13665213070548388
11345197017.369873,3681701379.5439386,1251104416.6984649,24.80727966152586,16.032534273324508,316.2883713316856,281.2883713316856,3403.1188557725163,19.829898259583818,0.727417705521875,7.563342439388933,0.12748222175684182,0.06389246205897
10461503536.454012,3852575465.8443785,1261822759.2837327,13.772425382879511,20.793097264036103,-15.322161348796513,-0.0,3297.3522656475257,20.465966399252174,0.9632066911835151,5.769871452541561,0.2551128565216179,0.1278593068228209
9843284565.584778,3798810905.8553042,1260642972.4446642,14.580895147845014,6.790539589222972,-231.78521025404612,-196.78521025404612,2381.513219871588,28.336395579143176,0.9522036403425679,6.721104713051589,0.20259063522434595,0.10153584002688176
10289164364.201,3869442767.509735,769757525.5165592,-3.9341378885134497,11.386970567994478,-89.85726230486486,-54.857262304864854,3381.8597132349996,19.9545535289775,0.9769521121357032,3.681732587023134,0.4185043894898814,0.20974905722930412
10381255382.725357,3659133646.8534045,939485428.2382066,-4.996157435121379,24.993095805221856,-60.54378067982748,-25.543780679827474,3341.092784163735,20.198032510531192,0.9759224116945043,4.417728192396189,0.35289253563911743,0.17686523370468285
10432168456.071678,4190375559.963081,988184154.60343,5.7872139607939665,-44.940983613946024,-44.33764609769302,-9.337646097693014,3360.197387595398,20.083195387379426,0.9640901773382858,4.655996828673235,0.3300030662615955,0.16539332386816646
10207634409.720594,3893953532.779799,1253208425.510417,-6.153874266378543,-13.323457127385007,-115.80905283609248,-80.80905283609246,2079.2965234776248,32.4549672994086,0.9654714602226732,5.81599112940471,0.2530115384712872,0.1268061530422046
10684951071.508526,4021350789.6949162,965572747.741659,-39.93366077234265,-34.109902502506344,106.12555945125092,71.12555945125091,2598.8467426266216,25.966710375170322,0.9691166755826819,5.000822603510281,0.3064035594875092,0.15356555235309408
10650523753.37861,3746310750.207577,871603357.8385527,-28.425613294542018,-73.31524419236459,95.16700373570444,60.16700373570444,3540.4810811622597,19.06054548188321,0.9459711299393821,4.280723243181898,0.35302507833555785,0.17693166241204933
10430294101.578398,3610131352.669685,722404927.4595667,-0.025386923676266215,21.07734504698515,-44.93427166311718,-9.934271663117178,2628.6558290151397,25.67224660237239,0.9858071422152066,3.491709630098594,0.44118526311976175,0.2211164215401136
10593284278.04262,3623107924.802103,886119442.9488977,-45.28492940638749,-8.9129480596648,76.94711285628529,41.94711285628528,3255.4196495180668,20.729585718766113,0.984093962043093,4.6198791344230585,0.339663322727389,0.1702349210823875
10461503536.454012,3686876939.1070194,1185650723.9722574,-4.071694855616329,16.153398814122056,-28.592508936991422,-0.0,2666.8062914865104,25.304987801579006,0.962224372605829,5.4774506513362855,0.2726034124356112,0.13662535015595834
11040208996.506191,3738846830.6722627,722594986.142507,-9.236221521026799,24.98810921805642,219.20766912314744,184.20766912314744,3370.1953883866418,20.023616704177368,0.8179156184885584,4.752246030457855,0.27383181076765994,0.1372410077177902
10310458759.041037,3867416962.4596314,810769110.3486654,20.33754512573619,-35.590543057470924,-83.07904590698018,-48.07904590698017,2609.4985065183473,25.860716343263338,0.9740129578675727,4.051710587277834,0.38317192062469885,0.19204087490154156
10280236432.388968,3619868425.7523823,899644316.4027834,4.255351140353564,59.5401646633567,-92.69911126380964,-57.69911126380963,3140.353457280432,21.48914177758878,0.9590681866414678,4.182444510302385,0.3661044722594644,0.1834868876702934
10461503536.454012,3692391329.844839,1034224069.1234431,-8.682199051998,12.03418202535159,-4.844719490609567,-0.0,1803.3719447143403,37.420733350673196,0.9759951022489962,4.882493174017868,0.3171015178835873,0.15892723252708413
10461503536.454012,3877516874.130176,931349631.0792606,-8.62881011640003,39.88019385856551,-18.201023143461942,-0.0,2781.509335504147,24.261468338019778,0.98217236461482,4.476928013841765,0.35034418125162503,0.1755880310189136
10021304968.66738,3934184424.3415346,1247701029.876844,11.850285123048067,66.89988590150813,-175.11955601043067,-140.11955601043067,1628.7111214403624,41.43368322772965,0.9128573082767688,5.754353351421217,0.24264288536258735,0.1216095164742145
10736141824.769403,3849746517.2134895,836634914.687273,26.104697985104654,-18.733794681188776,122.42008229538338,87.42008229538338,2798.2956232334745,24.11592975200456,0.8790226918165863,3.964290647513875,0.35283448216407715,0.17683613804412496
10674876715.717085,3636388464.814592,1052259955.9091645,-30.50221192667341,-24.250737053605487,102.91879240590234,67.91879240590232,2839.1629553180824,23.768801487366495,0.969939817870039,5.372302999817109,0.2815233931482872,0.14109593061335304
10740015175.392586,3615955363.3560925,1183881019.2596402,-43.44258157630444,7.135730107845197,123.65300809139845,88.65300809139845,3452.9680176725333,19.543621698740036,0.9755612837531961,6.429279729372068,0.2219865100866195,0.11125680489288539
10500711748.880949,3572235506.772805,1276297383.248232,-21.292843316117906,43.85034817906071,47.480361635088244,12.480361635088242,1901.50654881009,35.489491591532826,0.937309854886261,5.94981041713103,0.23817827277643272,0.11937190964294216
10710162344.980476,3868623889.511509,1242124401.83296,-65.32343477212957,45.10233746936261,114.15055704065591,79.15055704065591,3463.8894321967973,19.482001950749993,0.8672071044663303,6.526747490767924,0.19295146397316043,0.09670481045304057
10461503536.454012,3815404390.587067,792824795.8319148,-22.423046177075225,-77.67624805993621,-4.109842722073444,-0.0,3376.979379377479,19.98339139627213,0.9755655154723571,3.803840410499284,0.40632392900961145,0.2036443659368913
10580949649.431051,3600098856.026729,1192394179.0993078,23.131986337560782,56.694809676809655,73.0208786268176,38.0208786268176,2714.170962078244,24.86339350693226,0.9495392432358163,5.62953402969892,0.25975236792096723,0.130184570706443
10869294616.798424,3742359410.015662,1121492364.904415,27.301747030326663,-17.55411742092055,164.80393237119478,129.80393237119478,1719.8529828501655,39.23794728279952,0.8157459447080996,5.271507004643126,0.24232834875796452,0.12145187474346908
10906330893.000818,3675089193.682447,967003485.54011,42.94321073774171,19.376747306135506,176.5929452338504,141.5929452338504,3461.0665919656635,19.497891439561702,0.8054416966726304,4.7432488509871025,0.2702148568881812,0.13542823660877681
10157352980.29556,3939615064.4879117,725880388.2877684,1.5668651196349157,-52.225988185287314,-131.8141289135332,-96.81412891353321,2696.868495336028,25.022911125235233,0.965032350878689,3.8275016603104746,0.3997529768076354,0.2003510885804859
10461503536.454012,3816617310.7191234,812588047.9951905,4.0842213986475935,-34.8060423890552,7.654332453260231,0.0,2097.464003071874,32.17385403344528,0.9724654565677312,3.8872071649706488,0.3973319301617324,0.1991376909095432
10461503536.454012,3771895808.5608993,1166616320.2652135,-16.95138458836781,14.45306532150153,25.330353074282787,0.0,2703.6510498343614,24.96013702632766,0.9695858887773054,5.437923963776443,0.2772004237440316,0.13892931353657884
10461503536.454012,3814648973.560439,761459616.9193115,-15.018276865488623,-70.39916495344951,-2.9479183708948935,-0.0,2509.7343357710897,26.88870280547311,0.9737727022227531,3.660590504773527,0.41917806188572754,0.21008669323374932
10461503536.454012,3822262271.377288,900668084.4878076,7.79882428762023,31.875072895163797,9.154755859610244,0.0,1765.9334420753842,38.214068020554286,0.9844889892830596,4.309145871989379,0.3650028672783116,0.1829347773172394
10311084996.709105,3980720278.2405763,865697807.38415,25.336654967229848,-21.2553324516305,-82.87970826613348,-47.87970826613346,2578.134851135803,26.175318426617714,0.9721024844180268,4.273858312300819,0.3633508845899311,0.18210682468364983
10377216054.855982,3570413100.9241548,1164570658.6848495,11.756861069956166,10.92264347930948,-61.82953867418732,-26.829538674187315,1670.1139144932679,40.40652562056857,0.9508883038545941,5.33684537716333,0.2782562755342136,0.13945849297442056
10559223225.882103,3751235551.194532,928924321.0110121,-57.428621121098814,5.847312022226367,66.10514321977104,31.10514321977104,1743.3755439240763,38.708527781309286,0.9645182001062709,4.785428732181681,0.32045537013897196,0.16060814046095495
10642703460.604033,3957034847.911451,763397844.838896,13.60286538002039,-21.861705201369958,92.67772723270457,57.67772723270456,3151.715724493891,21.41167115764444,0.9287060423515672,3.6699707762521694,0.3989157592483915,0.19993148582802428
10737452893.754301,3636516880.514026,935854311.3548226,-0.26358861115508464,51.81999146298292,122.83740851474523,87.83740851474523,2465.99227348087,27.365657792586674,0.968382859266271,5.136638492661101,0.2967448868136216,0.14872474891515702
10797063687.259022,3760819840.0675116,909301415.6052929,-17.029960851629063,92.37482609302866,141.81211341055834,106.81211341055833,3533.8291610323204,19.09642419033258,0.9200225841964256,5.473039806137211,0.26091227264405137,0.13076590014587672
10093757963.91459,3680041542.0185876,1146865858.811925,3.591830738661632,24.886016804264443,-152.05705133961607,-117.05705133961607,3112.9388950561515,21.67838912045944,0.938475266884769,5.437454581692739,0.26833503099952133,0.13448609187193844
10676092802.310858,3793124860.4799128,905217521.6076549,24.901198664840965,-67.69016613924752,103.30588479115582,68.3058847911558,1934.771514213482,34.87931271443879,0.8504316693128904,4.040257129306951,0.33543912120924674,0.16811780520922565
11079856199.22116,3868307040.765175,1132615505.9660103,3.5640603758162928,4.809696754321199,231.8277657068551,196.8277657068551,2749.240065013129,24.546237898260088,0.8574970766155355,6.557852160473834,0.1894294211071237,0.09493960753229495
10649859012.801838,3865005525.79823,1038232299.4663291,-20.818156655138164,-8.906390956643824,94.95541023837018,59.95541023837018,3259.410736129367,20.7042027343196,0.9756093796179179,5.2225105883347025,0.2931061346216709,0.1469010527702181
10630106806.043589,3725435407.6156406,1250801937.0058677,93.93871432576876,35.92000779313774,88.66808755327315,53.668087553273146,2066.988828097085,32.64821742523257,0.7852793745684512,5.203007063234062,0.2369864331452182,0.11877457483524641
10457064525.73813,3672153918.5377345,1156816632.154036,-18.245931100415806,2.421475445333335,-36.412980995740824,-1.4129809957408237,2546.5289997153195,26.500189349025433,0.9633579256518432,5.368325729735032,0.2798691970170206,0.1402668686304466
10665112212.154558,3707090460.6325216,958671613.8855857,12.602173726690872,84.55998126024646,99.81065438827324,64.81065438827324,3518.83251605487,19.1778097898502,0.9779278853921839,5.065309646909004,0.3046322410575813,0.1526777901693255
10386634067.165771,3687779636.297021,1005546728.2660784,34.997220256915675,27.348790242248118,-58.83169224778063,-23.83169224778063,2371.876358378506,28.45152549240563,0.9713922971203224,4.755491925946433,0.3249716404466638,0.16287163748278002
10436846958.821321,3619687082.134022,997312914.3673702,-24.74516210370387,23.609859102578785,-42.8484324199435,-7.848432419943495,2363.749009849199,28.549351218785098,0.9683098019616202,4.727471984302749,0.3260371811798636,0.16340567289516958
10138891990.07434,3731699765.321189,1241041958.7502167,14.987500949179466,-13.532936623780099,-137.69044460968982,-102.69044460968982,2197.331504674037,30.711570162123135,0.9691695513166197,6.0617408996917455,0.24000797424744097,0.12028893266156054
9842439068.23169,3643389130.3826146,794356132.3505237,-24.400043364742494,-35.091328617730504,-232.0543404202764,-197.05434042027636,3162.637693216766,21.337727309068345,0.8762754287334649,4.3811146396765475,0.31954289833015437,0.16015082123933078
9623711435.949022,3630615665.37352,968602578.1512357,-7.987559911518932,-3.3479557636188315,-301.6775081574222,-266.67750815742215,2621.0302497920406,25.746936984262053,0.8379699553390797,5.691315050989435,0.22599401744236197,0.11326531641825091
10110848536.910145,3730332324.6562257,1035990307.0979979,-21.88004224194406,8.008392992763,-146.61695299458552,-111.61695299458552,2323.9907475188675,29.03776650026978,0.9193892187708532,4.772751135197543,0.30635452056737966,0.1535409746723743
10763872976.596115,3776200176.2133937,975904294.4349431,49.04276541710867,18.907374844821053,131.24718207708938,96.24718207708938,3444.8330267038964,19.589774062230884,0.8546294477331168,4.529281512163935,0.3011963480974639,0.15095576448160483
10493452724.341303,3821391004.607235,1074418143.898602,-39.26604122023453,7.937784612099754,45.169742360068135,10.169742360068133,3470.56391531198,19.444534756298815,0.9711202580629597,5.168400407827676,0.29541529232651126,0.14805837313231612
10461503536.454012,3920303956.6308103,1014030056.5656874,13.996597754410987,-11.043505876460975,-27.375575492111818,-0.0,3000.672727116305,22.489457135864676,0.9698144218387684,4.7607617851455615,0.32405032367781483,0.16240988528010616
9874565561.255848,3966657721.0446506,962188886.4332914,0.48175150531095307,1.953451950980603,-221.82816008227215,-186.82816008227215,1941.9016963282288,34.751244516052964,0.9078458343462549,5.112971562770106,0.27971447985142844,0.1401893263622288
10338151317.670242,3604554475.531792,1128473759.9559727,-56.33575592031653,-18.25229029346862,-74.26423072157976,-39.26423072157976,2794.152263175115,24.151690501846847,0.9215083359086677,5.04413232482952,0.2884602899343946,0.1445726147235401
10160128019.94379,3767278013.314564,910819005.1216344,48.26319156047551,-39.04427171304786,-130.93080635894975,-95.93080635894974,2084.81588524356,32.369045704655356,0.9290768743978213,4.929978349394425,0.29857525732601714,0.1496421072487775
10461503536.454012,3834953758.616666,1079820110.4272203,-16.55946439436878,-34.22664970193841,19.36474683894628,0.0,3069.9722265549917,21.98179517440383,0.9755099339632466,5.0526580692507075,0.30476556095744856,0.15274460840112744
10367629041.012167,3572413441.563469,1153890041.2952635,-7.911617765055029,19.447714298843994,-64.88117995965445,-29.881179959654446,2789.2094463487388,24.194490221442745,0.9483817076413443,5.251114020161195,0.2830556099594925,0.14186385811827823
10323987608.058245,3645182308.4737267,789857082.452306,5.55486877981383,28.62780553651282,-78.77267951611498,-43.77267951611497,3106.8261200812804,21.72104201102661,0.9802507699015003,3.772938330339569,0.4111907714687733,0.2060835652454984
10511886532.468576,3757484445.145761,909071410.6962326,-26.07991858247678,-8.546731302424737,51.037405726994415,16.037405726994415,2769.1699134279643,24.36957744918666,0.9845230063994531,4.437778419766309,0.3543627205522216,0.17760207161420208
10303873638.712803,3640675765.826024,1285488640.584505,-22.377909550679885,-5.389607201084725,-85.17515480916681,-50.17515480916681,2993.079430567025,22.54651179185574,0.9270561616746148,5.697942821752175,0.24963861394907444,0.12511568633168318
10204635248.061207,3788535388.0586205,1298467133.6629188,-1.6060583099154984,21.5527788899376,-116.76371564253893,-81.76371564253891,3535.8785069158967,19.085356169124008,0.9409901598006924,5.8620244643033725,0.24399595998828963,0.12228766020276148
10461503536.454012,3719530232.6122046,1314520724.7948759,-25.320234371222902,-5.380718873001446,17.625075763608567,0.0,2569.241092591565,26.26592765849406,0.9466867664245059,5.96523242091444,0.23970829570409496,0.1201387376014435
10222371704.842636,3542432244.312425,736205555.5894333,2.1957315372658464,123.95723587749978,-111.11802610313845,-76.11802610313843,3452.8665949723563,19.54419576287759,0.9187708756965984,3.3254550179066196,0.4272299773784703,0.21412221048495764
10012288547.016031,3633391622.5552053,1213526240.2502997,35.08383165921452,5.072293081587906,-177.98957216005635,-142.98957216005635,2303.578334712319,29.29507525676045,0.9749905785531028,6.414942361285445,0.22259027342415777,0.11155940336979177
10461503536.454012,3798207913.890585,1279748035.0964408,-29.12067686559332,-20.493236915918978,-7.351167146786543,-0.0,1988.8757344238848,33.930476151537015,0.958991609932926,5.850729107164182,0.2493112618879751,0.12495162165775862
10461503536.454012,3677501536.862276,1259454543.775088,-45.13941248424315,-71.4438815180338,-0.03576154119002081,-0.0,3593.15745808774,18.781114232370623,0.9454966271187526,5.717539708365446,0.2534580055389153,0.1270299166367348
10461503536.454012,3617958791.4815245,1145599431.3792458,-4.305454807118537,8.291786085859561,34.54547773908245,0.0,2924.5910293930483,23.07450853709464,0.9592320291545542,5.300743458063034,0.2830409842566443,0.14185652790272787
10569755953.10466,3777866191.3520246,1121658623.0863173,10.707864442143267,40.441061758065565,69.4578144231881,34.4578144231881,1720.5389458786785,39.222303474668806,0.9723329509600402,5.3798324173763445,0.28172913502146096,0.14119904581361029
10461503536.454012,3815587862.157283,1148439863.6125827,18.262638023140948,-2.2224472724784596,-17.28774655631384,-0.0,3358.9353474587924,20.090741170798374,0.9581251835149809,5.296042542362683,0.2830205699028646,0.14184629648923075
10496148969.134884,3534494850.2707376,1060327957.7751237,-31.427990534896317,48.969660482537414,46.02798373343654,11.027983733436542,3031.8020211932094,22.25854465545913,0.9550658781647688,5.17770825912215,0.28990953763866584,0.1452989591712845
10461503536.454012,3799469008.6206684,1190336297.8015141,-66.85162882819613,-23.3978461746711,34.81054296476453,0.0,1602.3475990375885,42.11539413531286,0.9413774841957189,5.544359399873242,0.26262004213830914,0.13162181241437682
10624784483.82021,3930929325.4269357,1015909248.3538226,24.120250375531196,-3.9892011222374575,86.97393977211588,51.97393977211587,2583.7813193564834,26.11811617712591,0.930444785319948,4.756015316635888,0.31123546210348446,0.1559872402583511
10901143577.257177,3743348623.791556,847874034.6854596,19.433483076627464,-7.313710369035599,174.9417713498927,139.9417713498927,3599.7072793492234,18.746941192240598,0.8322204542197069,4.371364879974527,0.304159858605285,0.15244103811484505
10683539491.505548,3484399140.5256267,767757621.2623883,41.913789330084434,-29.643069265300962,105.67623958116387,70.67623958116387,2397.9003500654517,28.142746079251502,0.8472734605386538,3.452301887005638,0.3826426841517318,0.19177562833772055
10457359141.161245,3681732492.157091,1263297109.6091483,-27.733472785761762,-58.49645821300283,-36.31920199394117,-1.3192019939411699,3492.56325919362,19.322055369391137,0.9423304839336735,5.71294102070361,0.25287688812856796,0.12673866800943018
10772371675.047398,3640972676.415029,1169915113.415292,15.223470080996002,-37.59168308476498,133.9524018138275,98.95240181382748,2460.295801830933,27.429019154940473,0.839199887314453,5.336261743853595,0.245606152887709,0.12309466832762776
10579965093.589773,4039962336.1684976,818226195.4627829,27.706579859075344,-75.03400842373559,72.70748476903879,37.70748476903879,3199.195864375434,21.093894696070702,0.8812197058670843,3.7335005279922258,0.37302174337318567,0.1869537356440292
10014201394.845736,3827355107.780373,1211060136.2934034,-52.2641275293898,29.94934435197743,-177.3806937850963,-142.38069378509627,3324.6531391113185,20.29790713544291,0.7965525465259906,4.934351742362205,0.25572857354140877,0.12816789633266712
10185908444.920843,3608612642.4715304,893177413.134281,29.062973861441822,-6.763831481204648,-122.72464221873435,-87.72464221873433,2759.890563396727,24.451513248476484,0.9838864675795094,4.653895990464681,0.3369421853199389,0.1688711217528279
10596169799.443201,3806874566.162219,1097326689.3538074,39.56762031736888,-4.091948338955492,77.86560284488523,42.865602844885224,2612.481009043454,25.831192816957174,0.9006542266599595,4.960189152778775,0.28743468666060634,0.1440585954559511
10363152567.449472,3594210246.425622,927154438.6192751,15.690527812915347,-22.658849381950898,-66.3060857499005,-31.306085749900497,3150.586353875473,21.419346462994163,0.9710201830356273,4.456126217855224,0.3480291615170687,0.1744277726823588
10580788980.053202,3695800712.5060806,840705293.006089,14.528492662654356,37.5503108962868,72.96973597544108,37.96973597544108,2238.7032061643936,30.144013949424263,0.9714929013700396,4.149631099684836,0.3736599244187923,0.18727358383683015
10019013042.280447,3705262958.7273927,817231853.9641877,20.214671053501192,-33.3891379460168,-175.84909883779676,-140.84909883779676,2545.054759728716,26.51553976089439,0.9626077005306746,4.696133696921269,0.32646449940312544,0.1636198393333647
10557795767.093014,3549705904.210628,753511532.7325327,-7.927497450677289,66.46929261555381,65.650768975084,30.650768975084006,2493.3512370423005,27.065380790590723,0.9853040833684092,3.9504326373383574,0.396759211864922,0.19885065181071707
10461503536.454012,3817514252.4291754,755635318.5034475,-40.99752275401653,42.80799319223023,-9.058211353668039,-0.0,3302.1620495878874,20.43615657313435,0.9589925608981649,3.7657218184768104,0.4029424812565958,0.20194962749190226
10099529278.608522,3812782374.7589774,752379028.2206131,-26.578636033185926,-27.58302281025442,-150.21998481625988,-115.21998481625987,3440.7826049125397,19.612834760002407,0.9373272106853566,3.700003216372063,0.3998442943701893,0.2003968557770439
10644262602.503967,3740198136.4059987,765060299.866752,-5.622598777019471,-7.912776573165322,93.17401751341718,58.174017513417176,1929.1088467097388,34.981696750983865,0.9575173018889258,3.8653196740365847,0.3932010444849283,0.19706734374475524
10126295310.02248,3726031753.471769,1218105038.6362622,-24.445832577637482,24.822013134537446,-141.70009240329128,-106.70009240329126,3304.1303058933963,20.42398284198225,0.8891743616322266,5.333555356878119,0.2603942536934778,0.13050627566107226
10640526010.397045,3971714720.9867883,1025576859.7038683,28.13902783878087,49.37376394023112,91.98462330514755,56.98462330514754,2278.0866471147438,29.6228858374241,0.957497237058043,4.985873681114329,0.30377369325643716,0.1522474969719333
10461503536.454012,3602433477.4172473,788601274.9324398,-12.09843083122894,-31.25819639589516,-26.335041085589687,-0.0,2457.639189482814,27.458668857506925,0.9787408689840312,3.7874990885035813,0.40918321898234306,0.20507740556846288
10461503536.454012,3724591157.629867,1029952185.5384438,-3.801068996324672,-19.687566093405813,32.9754311184196,0.0,1681.946032057645,40.12227466816096,0.9708174173473637,4.828907972661022,0.31933517726229277,0.1600467140919631
10461503536.454012,3773843333.9945283,1040689183.464171,-50.2922741477995,98.83158066923572,9.83856463589442,0.0,3055.6612557862222,22.08474533865724,0.8642357189615875,4.994161281738076,0.2736630000364684,0.1371564019344177
10461503536.454012,3676053820.148861,1012659519.4283835,10.470529499465536,36.281123864498625,-17.722694056297378,-0.0,2705.324679815701,24.944695614072312,0.9760456462869943,4.782505020930014,0.32450368019994513,0.16263710178127955
10461503536.454012,3802798549.1743197,836031392.719943,-20.395294693684463,35.37068081928401,8.262461084139229,0.0,2292.934724886106,29.431060528158874,0.9800369085337627,4.0792187304805525,0.38310741575046875,0.1920085458820707
10712392777.22349,3604796142.7425346,974793193.7148697,41.67551310174963,76.28973093601611,114.86052567407016,79.86052567407015,2448.2197446763284,27.56431518125922,0.931725798462522,4.893694265164385,0.3019386398045493,0.15132779160882345
10273591169.480743,3744684991.046998,1240526913.6810558,-48.92987357774226,17.591002559524476,-94.81436414378781,-59.814364143787806,3415.831627183156,19.756096915962495,0.8867715867896236,5.334536830058961,0.2596319208079659,0.13012420415107945
10323188536.710207,3663624755.274733,943947859.1037495,8.442889398761796,-18.00091495469858,-79.0270318259616,-44.027031825961586,1968.1444466332048,34.28788003374476,0.9796146815787878,4.544510768130689,0.34403625261207604,0.1724265777141398
10131203745.229416,3865289087.911444,1017160805.0195229,-12.012173881920024,-68.2128092761392,-140.13768895123098,-105.13768895123098,2483.30124018304,27.174915223038425,0.9817130966264401,5.178278609132123,0.2979591480704248,0.149333321155355
10099482813.687231,3787741722.33022,1276683491.7156658,-10.808256600506441,34.00186894588971,-150.23477506006768,-115.23477506006766,2638.861068452046,25.572964595224438,0.9020577613372984,5.6805106879570495,0.24388398280356408,0.12223153866731952
10830868293.22857,3706667421.1438246,852053054.8807034,47.0490410177733,-44.716012528132154,152.57245368921343,117.57245368921342,3306.975547055202,20.40641054492618,0.7591844651218651,3.6918772663110957,0.3244588212644991,0.16261461905551988
10132648658.70369,3873178196.4063864,1152032675.1375737,26.214864296008354,26.46435423953253,-139.67775870768952,-104.6777587076895,3461.33955132744,19.496353846406098,0.9765775239261859,5.649258404099657,0.2659382976020315,0.13328487969070843
10128565781.982664,3836611536.9918866,1004896374.6044838,-24.50126335207129,-77.9154667447103,-140.97737873206157,-105.97737873206157,2095.0498019600836,32.210929120684476,0.9789345818461135,5.063221534426062,0.3050924898735725,0.15290846100019237
10538806133.171701,3759845389.140127,1189695696.0325623,38.42715237617496,-18.715213119201632,59.60618076291923,24.606180762919227,1731.8543541831507,38.966036902721925,0.8896722849701982,5.289185855903973,0.2632155097125556,0.13192025316062814
10215882266.89408,3616772330.8778515,929297957.7845747,-18.907220908650366,-0.7088045736377125,-113.18367835794037,-78.18367835794035,1927.913082438576,35.0033937162156,0.9508733354078303,4.342833807352726,0.34981569291359915,0.17532315941077414
10071789340.387,3659487114.081054,1040524073.9878576,21.651590100884395,-49.377848716761136,-159.04988139429832,-124.04988139429832,1686.7128259485498,40.00888570779076,0.9731495466147149,5.66803893442231,0.26386129599041935,0.13224391299874513
10541146388.251966,3642167393.8488207,934541554.6028577,-49.26873051915013,-21.573640783151394,60.351107091159435,25.35110709115943,2319.6296620799358,29.092359775538505,0.9817080583657997,4.682015504406009,0.3340264096591096,0.16740977221549913
10843563917.825066,3715907968.8118606,1237660970.9580727,-9.67623911357375,-32.81776516146424,156.61359650955578,121.61359650955576,2059.7173124926235,32.76347694216993,0.8996721276870534,6.205746538915938,0.21553093459347641,0.108021352870005
10477678515.281204,3642603011.3942113,1267292423.2799911,-8.760993136880732,5.121019357091417,40.14865566950881,5.148655669508812,1570.3214222095078,42.97432342245462,0.9466499010452765,5.780364239645075,0.250122620380778,0.12535826417624651
9641549641.856672,3565941281.19955,1094992584.0810158,-9.856493495739656,-49.6750897850091,-295.99943086523507,-260.99943086523507,3308.0682683607965,20.39966989819092,0.9315916292913546,6.782360734469006,0.1954292224588213,0.09794663137406544
10461503536.454012,3732942311.5877304,1307599103.55461,-45.15063091746992,-10.339249382402858,-26.121915658092913,-0.0,3350.534146349665,20.141117125686396,0.9392059401461189,5.958734599663748,0.23817017222232192,0.11936784974863653
10783648368.42431,3699918787.3270254,1156019360.7724626,-53.71148863162078,54.2157548460345,137.54188479916218,102.54188479916218,1871.896620544619,36.05086944150062,0.8959234219900728,6.585410214447057,0.19666626457385997,0.09856662108958208
10461503536.454012,3681728125.777036,1215909950.6949344,-1.1080079048507803,55.26869324579671,28.195847910723444,0.0,2090.860290147552,32.27547100742824,0.9588629780204897,5.635203193816128,0.26196075372702865,0.13129138547936464
10703997461.823175,4013186542.4433265,1255056406.6130621,16.351520319767562,74.58435134927961,112.18821378451908,77.18821378451908,3561.018816603337,18.950616144064398,0.9746169331682621,6.309007432165982,0.2279991402808085,0.1142702583867348
10491714333.001165,3766749913.7754993,875861381.4127624,0.32557440926588194,16.381387145627514,44.616395210446086,9.616395210446084,3149.215619302333,21.428669495228267,0.9830737199603281,4.223090739087449,0.3717722865785454,0.18632752384958665
10461503536.454012,3702454364.175121,1311043737.5938053,-10.16167346811998,-16.06206496121122,-10.544267903832159,-0.0,2646.9801784431747,25.494524373405326,0.9424302185074053,5.909643900227617,0.24170454284158027,0.12113923118191612
11284065400.020649,3661325517.049634,948014029.1640247,-42.76957469274758,12.966726256645874,296.829573171023,261.829573171023,2248.1706338987988,30.01707239552799,0.7797227058974213,7.187804606779018,0.14899089211387348,0.07467233305421161
10446533370.032724,3795005585.840474,1013037310.4570345,-8.150203127725481,28.026683772595046,-39.76515196971245,-4.765151969712446,2694.160370857195,25.048063732660882,0.9803084978840509,4.797243680893409,0.32481673701490443,0.16279400186033716
10089590930.151201,3634637695.8546796,820102518.1026314,-16.189877727683616,11.043668567181664,-153.38345938256464,-118.38345938256462,3103.014010385814,21.747726710022082,0.9208949555582903,3.9282842358504237,0.37271911860111356,0.1868020639716873
10461503536.454012,3835813022.588549,1210463781.546417,-20.72426680079031,57.218700844748426,21.98016141676238,0.0,1802.1673171775114,37.44574659190384,0.9528030435843001,5.651950720808915,0.2593033118635554,0.12995950954328517
10485854758.493631,3777111661.091734,915431071.105674,4.362869190753146,-25.943807116854664,42.75123471586749,7.751234715867486,1808.172411578254,37.32138608194872,0.9683588658458829,4.3343726762165495,0.35694316112873653,0.17889535548828517
10196972980.617392,3550285758.801972,1130015023.5587552,4.236354233205194,-8.172640894339336,-119.20269112048952,-84.2026911204895,1714.0610956328555,39.3705340184064,0.957440819917705,5.391625880145625,0.2766618976066932,0.1386594111115702
10802703102.936785,3928187236.9707966,843257862.6555632,10.629304278838477,-59.96160001956358,143.60719517309016,108.60719517309015,2082.2859958878985,32.40837272521969,0.8432837036325865,3.9872166696101523,0.33670691895610094,0.1687532092547704
10795158355.55611,3765445285.895606,924238215.3525628,-7.7611026707832735,-16.608591572634996,141.20562749306225,106.20562749306224,3408.74307029392,19.79718015808728,0.9230766049135879,4.853552174675208,0.30191349564560144,0.1513151896773585
10847864643.995691,3774352578.2722616,944257764.1716146,-23.885246766359113,48.922746914389016,157.98256016743528,122.98256016743528,1692.6243446565156,39.86915400825972,0.9384980587085766,5.69730676994835,0.25275671458242116,0.12667843856228167
10461503536.454012,3767422605.9461145,854380406.7326831,-6.116626047149659,2.0698365387301987,17.514853910384932,0.0,2728.9862264119756,24.728413805139077,0.9845234716639429,4.101985657322354,0.38284899265247363,0.19187902752448113
10434953867.932384,3823744581.0070066,731662148.0569913,-9.291206713330864,29.51371435962519,-43.4510219653366,-8.4510219653366,3148.2099967592676,21.435514385859605,0.9842832137744348,3.545470587507581,0.4350839070562938,0.21805849977328912
10461503536.454012,3676164828.925108,1179248600.9149828,-46.49024692471037,16.871808185370064,10.068788472853404,0.0,2343.4593402991054,28.796531484359825,0.9395274764624917,5.513837087661156,0.2639524982107186,0.13228962238723757
10381489084.027576,3893252608.6923823,1288928655.7172508,-10.36649717593155,38.046075948863894,-60.46939124491702,-25.469391244917013,3461.4157526613444,19.495924643942274,0.9549370164799655,5.810841263693305,0.25054780479493205,0.12557136117655782
10285738079.667109,3926215174.591801,848062993.0499237,-47.052764758546914,-32.95847009695539,-90.94788254488121,-55.947882544881196,2415.9804406959456,27.932138662430994,0.9612812918451311,3.9428425455435336,0.38776288304458384,0.19434180665645048
10399716994.527996,3697764188.263858,809342862.76793,-55.775255072610726,21.10386158801911,-54.66726712816013,-19.667267128160123,3253.183195512216,20.74383661157913,0.948568818304453,3.8860996751830363,0.3876670386627865,0.19429377067587877
10637373881.991705,3909946909.8152695,921949653.2208402,-23.662226875575026,26.81720630875506,90.98126967120702,55.98126967120701,1860.9841744016005,36.26226466806985,0.9742829935781491,4.816959747687106,0.32135802311328376,0.1610605386080757
10461503536.454012,3711334866.139588,760705405.7253745,-18.638228063534125,45.6694849356759,29.891091806260725,0.0,3014.5641400390296,22.3858234691157,0.9810004102709377,3.757920465416142,0.41293067154017915,0.20695558094907418
10145105945.402132,3755518326.860326,1105897889.4537446,18.769744524615554,55.01706167771942,-135.71248119654945,-100.71248119654943,2051.83986963176,32.88926278996199,0.9530727256429923,5.224496776868906,0.28620443792629696,0.14344201049612912
10722986972.217735,3845289736.2122283,934703856.6345205,-9.325386642733143,-19.608378910783355,118.23276267689734,83.23276267689734,2447.166964770883,27.576173447388157,0.9429882703793766,4.748117323154528,0.3160054395250971,0.15837789204675368
10461503536.454012,3802110098.9998016,1052773911.0918423,14.10227700883797,-56.47677439370481,28.24918007518527,0.0,2715.5481162836686,24.85078436672816,0.9346197552767226,4.871121207232715,0.3044548072654845,0.15258886261791252
10498074845.552937,3771342214.678568,1261832399.153375,39.6128840698765,-25.328517043465627,46.641009236870936,11.641009236870936,2641.8109915654795,25.54440907797535,0.8809317942365121,5.564074255943215,0.24464416341191295,0.12261253148347498
10461503536.454012,3703396494.7533145,1234878623.005407,2.665528752508538,52.220873917506445,20.049960443698314,0.0,3520.1530223552504,19.170615665477147,0.9596939530789504,5.6988475145110815,0.258373522962389,0.12949351121605227
10733457337.131475,3839481069.145532,1271468442.7037253,9.916236990258952,-39.18613878623415,121.56558334089273,86.56558334089272,3176.007310968233,21.247904701663728,0.8735693780253678,5.78716279833356,0.23045233990113392,0.11549977071798116
10832825298.913185,3786159188.539028,1279615252.9020545,-19.996194980544168,-54.303992682083575,153.195387945944,118.19538794594399,1760.874282332642,38.323860682344936,0.903617634448881,6.331477780788264,0.21029886059709152,0.10539910417762366
9717065177.692572,3943805852.5800347,1069420105.2499322,22.234684498680686,-51.72459264834261,-271.962089248202,-236.962089248202,3012.185256925336,22.40350274608393,0.9124354218000758,6.61207013926311,0.1990650983610429,0.09976888595931194
10246753585.456696,3794888141.869363,1016134934.6639007,0.9337872032387344,-51.30406112181984,-103.35703245993041,-68.3570324599304,1933.4875593586748,34.90247472687341,0.9810812698595449,5.000186885244492,0.3102317880926008,0.15548421165737275
10603024335.182848,4008813758.753572,733215741.1086688,1.1254888816266404,28.434609649382836,80.04746933601497,45.047469336014956,2312.422546858602,29.183031780638803,0.9631177277619306,3.6980553044940265,0.4110303079126386,0.20600314295970126
10461503536.454012,3766753785.549875,772684534.2260182,-32.18588873100158,-30.27981608942675,6.551548807869209,0.0,1616.0041291545613,41.75948529942518,0.9864163020919965,3.751188983362275,0.41585443999043586,0.20842093637042505
10338121252.719023,3818819806.6582503,1029299962.545056,-26.832074283045397,-24.640736303239137,-74.27380069278058,-39.273800692780576,1813.1297255601787,37.21934493925458,0.9741696858874251,4.787054778714906,0.32354085828025797,0.16215454772687582
10472077181.190645,3508347159.6246543,1231486756.9250023,-19.50003868584529,45.09692817422287,38.36569565266559,3.3656956526655883,3030.2756765557283,22.26975624605329,0.9339104377801414,5.702962419334194,0.25119384134050277,0.12589514644565453
10358661236.563276,3604358649.3643827,973719608.8436067,2.190402234388084,36.9255821394587,-67.73572077309933,-32.73572077309933,2278.296585120213,29.620156179832737,0.969768597669647,4.547221858859424,0.34036581213168215,0.17058699980357764
10568323272.005875,3781103617.935774,712584686.3585491,29.73069687566658,34.7761327355288,69.00177786569604,34.00177786569605,3530.146932038089,19.11634330650353,0.9610286352078659,3.4647439012386854,0.43277477390230645,0.2169011917157652
10477322996.824236,3645557884.079319,839572861.4797664,-42.99240073931112,-30.196369362210394,40.035490629935,5.035490629934993,2671.746296870972,25.258199386024753,0.9835892079288253,4.096875421141867,0.3829360144069217,0.19192264171685836
10461503536.454012,3727430437.515079,1173014987.1480963,-10.93267535182081,-67.20993135241353,9.422638050815802,0.0,3248.1181108755513,20.77618435403806,0.9413787706829896,5.353959130045801,0.2743901310887566,0.13752083073499852
10512306817.09097,3909734057.7553325,806765411.0774146,-9.375727509211428,13.88913934432995,51.17118647731302,16.171186477313018,3585.0542392436228,18.823564769686165,0.9825579390739121,3.951905142456322,0.39551927669281717,0.1982292121319327
11242827568.41884,4079906177.9570737,831824285.8477709,62.82314374571869,69.25843556562339,283.70316368738503,248.703163687385,3556.831909076961,18.972923770455335,0.6415769198327463,4.7293677671284655,0.21592948824685454,0.10822110287299362
10461503536.454012,3627228205.1060023,884160063.6938053,-6.333129625491856,-14.049736605486805,-2.347053812087411,-0.0,2562.332115678061,26.33675012787418,0.9769686897204409,4.212971799992799,0.3703253700679279,0.18560234776634063
10461503536.454012,3715427126.5296845,1081270589.8141196,-15.75026791734315,-10.7250176059074,-28.913785786738654,-0.0,2743.0668994590233,24.60147825361063,0.9727395452958996,5.064791170748453,0.3030522095288627,0.15188589853840317
10406712567.168072,4017512953.872543,1219551805.84755,20.030687406372788,-128.15525425169338,-52.44050719730719,-17.44050719730719,1848.280146081448,36.51151088665457,0.8242908862164555,5.4253555419812045,0.2363441972323691,0.11845269439474948
10703973236.324812,3685391530.7182627,843586175.4494404,-31.741229063135844,68.3505786102696,112.18050256889225,77.18050256889224,2887.262412163479,23.372832476516628,0.941760415837028,4.904098790281513,0.30446021740270823,0.15259157410962124
10452100569.960545,3651795734.9933157,1075294512.6599598,14.321738345309454,-7.859785998451355,-37.99305719432559,-2.9930571943255884,2294.588758624,29.409845411998024,0.9553991057626467,4.985696271103624,0.30312042650802423,0.15192008801747556
10461503536.454012,3851498695.5205526,1032963489.6667279,-47.540799149429276,-68.69512557004418,-23.85689659202988,-0.0,3153.3999658475245,21.40023511324643,0.9808956306363107,4.880590543401898,0.318833352425105,0.15979520589004753
10986910916.78271,3667197446.620165,981165514.3967111,55.66740159333434,-2.333992085351231,202.24236343255123,167.24236343255123,2726.813286953697,24.74811935166656,0.7043877226142491,4.474184887432195,0.2514162178943004,0.12600659873547593
11148281199.034544,3987185026.108769,1063697711.5093195,-2.0732096522982832,-23.496507138160684,253.60811960957898,218.60811960957898,2693.1823713150116,25.057159661374822,0.7970653163477307,6.1702641299745045,0.1925162965675301,0.09648671010484794
10406618484.023054,3792850118.994322,1205982555.146587,-12.753441186503924,24.775098531645057,-52.47045479248957,-17.470454792489566,3152.570945945962,21.40586265378753,0.9620765086479987,5.519547426118355,0.2699323078712604,0.13528662664862215
10689636387.532152,3761002473.157607,842729670.1347183,-37.49652617483362,84.95476700769737,107.6169418614665,72.6169418614665,3269.0216083371974,20.643332703317945,0.9009278409707656,4.8556440413238935,0.29452733232690487,0.14761333891654171
10227746265.788982,3668682537.022503,1013050465.7158011,-5.041458194239897,-31.76771857245014,-109.40725022001911,-74.40725022001911,2849.9758832093266,23.678621658807813,0.9763311451820391,4.911849579744386,0.3150737236671106,0.15791092795336278
9851079436.585981,3715992795.095357,769932117.6867667,1.4975692246294432,6.138481206418892,-229.30402575283568,-194.30402575283568,1769.060937139696,38.14650996949314,0.8798988742442816,4.303585772662663,0.3266436236240315,0.16370961410611626
10556740853.52906,3737951998.621762,1022793988.8248864,-21.207843892197726,-15.180195734537243,65.31497955860826,30.31497955860826,2572.7586547594087,26.230015998741635,0.9773854328548606,4.961151792367387,0.31185354315358077,0.1562970145900063
10594734812.309608,3696762627.8261104,1191911841.9388509,32.45747679132756,-26.212612777313495,77.40883225371617,42.40883225371616,3366.981038868168,20.042732613048898,0.8711119808271889,5.253534242415933,0.25984870848108993,0.13023285536525697
10461503536.454012,3848889606.2566547,1318277349.280987,-9.980968956548002,18.156543982823507,1.2985229960271407,0.0,3066.3922995265093,22.00745830390346,0.9608851205291835,6.012394724691671,0.24067556268449897,0.12062351946353118
10338790141.520973,3584995135.1281676,999935370.2072769,1.813792862768481,61.05395198592726,-74.06088677436212,-39.06088677436212,2774.420964712669,24.32345398681385,0.9577169662702767,4.617115051099691,0.3307696670086226,0.16577753437586557
10755213208.322578,3809061063.7895594,890898308.109331,7.149118029206497,17.359285906339412,128.49069222356192,93.49069222356192,1697.1414124627795,39.7630392963617,0.9338961759864114,4.637282400836357,0.3210482870034229,0.16090530282402007
10146034417.903322,3667850626.9735384,1063139440.0994414,37.183804589098685,-16.833212683663447,-135.4169392203708,-100.41693922037081,3547.30376060655,19.02388552811766,0.9715734183032751,5.554038055670528,0.2704405550941102,0.135541353668241
10231451657.52018,3766726951.038588,936651863.9956906,-11.429399711208568,20.45430572649842,-108.22778739979532,-73.22778739979532,1624.6067710014067,41.53835985408549,0.9565661858278335,4.359036793642899,0.35059954273409333,0.17571601493388686
10343441976.709019,3797334856.364392,781549910.3528601,1.2081545804413147,9.337276504660393,-72.5801616451096,-37.5801616451096,1852.6388157757583,36.425610918112405,0.9847697172112524,3.7492759745730213,0.4153431837734342,0.20816470128135126
10541503375.408203,3693598176.9074593,1029650153.7821225,7.46649905530648,32.16095896370207,60.4647396322302,25.46473963223019,1708.60108467088,39.49634661986612,0.9736654837188334,4.945224112739914,0.3118080787812244,0.15627422842699643
10256759819.895662,3710831387.674062,1196860397.5340164,16.402731693244142,-21.762834151146606,-100.17194911453457,-65.17194911453457,2829.506433536045,23.84991950377222,0.9636765431277237,5.697533340403304,0.25952425552944275,0.13007024368797873
10276765078.31405,3601606525.4622393,1252868621.4371808,-51.908073513864885,5.437560686288867,-93.80407758430005,-58.804077584300046,2549.470137024365,26.46961801796361,0.8759069568210004,5.357986949615229,0.25506994043227804,0.12783779782672655
10778842243.591501,3634073871.651015,1305827956.3969972,31.419974054253803,64.99708705189143,136.0120477506455,101.01204775064551,3467.5652193528504,19.461350084666815,0.9177089968119276,6.454943758368269,0.20759200023090976,0.10404246031888173
9867388999.765146,3838415383.3400245,934199799.6829175,-4.063028015059026,0.7517643197980077,-224.11253055356838,-189.11253055356838,2836.1482068392575,23.79406707749142,0.8997810247686283,4.975617963691645,0.2861376683138281,0.1434085464187655
10461503536.454012,3704140162.492261,863538090.8546119,-20.792397114170367,38.54977036488344,33.52617911888398,0.0,2714.175526689405,24.863351692494547,0.9793012508451118,4.214209663167021,0.3711037499949514,0.18599246184867652
10443506852.30712,3753706025.1706533,777786291.4704598,-1.4731181106536753,-0.4108951995029266,-40.728522482483,-5.728522482483002,1616.0470720383119,41.75837563328134,0.985133061511203,3.74374564443516,0.4160258628300865,0.2085068513092101
10535935700.194046,3867707545.7567544,975909825.7892699,-54.242878987923405,2.788821458713871,58.69249356850354,23.692493568503533,3506.141030109576,19.2472293885826,0.9649332083918682,4.883666517105246,0.31342281095207897,0.15708351157675599
10438096658.169102,3907208517.9605927,1201665044.8457148,-22.014706316894955,-29.296586421434473,-42.450640762787614,-7.4506407627876134,2490.2277545037705,27.099328787574205,0.9736314890087859,5.540836496494208,0.2718384978523244,0.13624198473199964
10174640882.697145,3734732477.673983,853175385.4632897,4.664340398210548,112.4349794296689,-126.31121866772833,-91.31121866772833,2109.6603140201632,31.98785142175041,0.9100003284570922,3.8168358520919794,0.3778835301746746,0.189390401121553
10636913494.682804,3834342464.5730643,1227564723.2006717,37.36591786917344,47.26725923886232,90.83472383931033,55.83472383931032,2584.9954007417095,26.10584941693797,0.9340562710686621,5.718846403854332,0.2503158789122588,0.12545512288501426
10945046885.856071,3944773786.6056366,1143648531.9939694,-2.8421428561585165,46.5821649438427,188.91662851309852,153.91662851309852,3490.3816376777095,19.33413239021615,0.9379590540327623,6.64866053209378,0.2029167167769321,0.1016992679381593
10509648034.961617,3778578814.5598407,832656257.6976097,10.524814162362496,45.676587124965025,50.32486984033131,15.324869840331306,3104.295639170904,21.738748018621,0.9836269661224211,4.063389979778369,0.38591479480871216,0.19341556842601484
10817047167.539202,3739073630.5244055,1094950120.6630883,-8.721033973920537,-40.239608639654385,148.17305274409844,113.17305274409844,1780.9317862091382,37.89224337383778,0.8985403434541159,5.488493215916944,0.2539149427601343,0.1272589277385789
10619447586.718153,3754303122.5261936,1209376025.4845173,23.54949959831796,-29.921600966828507,85.27515266298568,50.27515266298566,2692.608026320093,25.062504462436735,0.88220379549847,5.382373248458573,0.2554651112116735,0.1280358523764621
10461503536.454012,3921114047.7686043,1278283504.8965714,-11.632510773550187,-7.1539108687776745,14.069251426629389,0.0,2433.0853165971203,27.735772442875863,0.9692641185331821,5.856801737806552,0.2516297360113164,0.12611361128987247
10461503536.454012,3840355699.714215,809077042.1616683,12.379198297063798,-66.33295008257413,7.129092044570109,0.0,1890.1701538311704,35.702341685196195,0.9468743380706324,3.8593186262081494,0.38936820402733824,0.19514637303888097
10130905637.9814,3598984907.287546,1210790368.9424431,-9.81161453082191,-35.65043965493009,-140.23257943541765,-105.23257943541763,2924.8302304311574,23.072621437344882,0.9505761872595826,5.803154405453221,0.24984547606213642,0.12521936298187103
10711478306.49717,3864883610.5841146,1182682566.775266,-27.465327818597608,32.74297879234647,114.56944060125674,79.56944060125674,1896.6922324835898,35.579573490884826,0.9762312119825473,6.241279365659044,0.231966223573625,0.11625850988783046
10449184138.591309,3808316175.306893,858701742.6110296,-28.16889417026314,-84.23819020329769,-38.921386131529935,-3.921386131529934,2997.5860865486325,22.512614726251147,0.9767839981104236,4.098793714739503,0.38011863829349685,0.1905106087764834
10530050864.826683,3488629132.6201887,889667238.3715208,-18.443185671102796,-35.52440350067407,56.81929229250788,21.81929229250788,2803.2880604814773,24.072981163287835,0.9626621181255982,4.26843915462568,0.36027154890300417,0.18056350094930917
10106108439.903614,3723746539.819627,1293025769.2745376,31.946050490376006,-4.1080076526928915,-148.12577273323447,-113.12577273323446,2042.1576903316982,33.04519577245735,0.9652979873954446,6.438970955192193,0.2191615206831102,0.10984095626871421
9726121096.481586,3830878568.3215947,930724193.2839577,88.67475472264556,-3.8421819857088586,-269.07950076918104,-234.07950076918104,1705.5751661475347,39.56641842274741,0.7122309006041816,5.791091661850821,0.18772047554036456,0.09408310583127133
10461503536.454012,4019618646.041195,886254500.5424385,-6.014513725530737,-1.4346488784395235,-33.5120435430837,-0.0,2812.8871459791117,23.990831189834527,0.9826774472707575,4.235196778475462,0.37058796484638246,0.18573395691691924
10003632299.990843,3728991406.477633,1148686141.3118546,-20.976665983266457,-30.27207206280586,-180.7449411654229,-145.74494116542286,2794.2629922537953,24.15073343572771,0.933917854009948,5.626441727571931,0.25566101293500054,0.12813403581923918
10538082893.074615,3946183729.3674264,791232681.6067462,14.48364829046046,35.758898377452354,59.375966289932244,24.375966289932244,2217.873299294197,30.427121646992124,0.9749284185664309,3.859905457846188,0.4008502734593603,0.20090103965383238
10924423008.8148,3770969840.6638684,1004487222.7961774,13.29344581766474,-93.42202784735844,182.351844559423,147.35184455942297,2093.042561311236,32.24181959919805,0.7289624859896006,4.449729258294651,0.26165693709219184,0.13113911646062082
10804070868.519571,3878326054.9997272,928360106.585649,-15.134596992903562,16.287073239626707,144.04256848007304,109.04256848007304,3084.962911866689,21.874979571280004,0.9460053144360322,5.172276888633651,0.28751856175304785,0.1441006325815021
10916952847.13689,3984158554.5602345,1041515101.0254316,53.30478161365584,-59.873936555510454,179.97401824595298,144.97401824595298,2704.8548803434596,24.94902819580151,0.6903308266160755,4.290118559350697,0.2570664565737444,0.12883842622856026
10689839416.708271,3566228203.99354,1077597312.450973,24.167984962805036,-28.80861557148514,107.68156805540889,72.68156805540887,2484.669443481656,27.15995113646936,0.8565516211924683,4.852242165359436,0.28023948414320127,0.14045245181086488
10461503536.454012,3781662173.822882,1100037541.2899866,26.09781728609605,-3.053431169186956,26.77131597435196,0.0,2485.8401158423253,27.147160529418667,0.9517394564351824,5.087030331141957,0.29499526232905593,0.14784785945985102
10177989280.054523,3654729856.969617,973576225.3329946,1.600350719069748,63.36980486383641,-125.24539068600323,-90.24539068600322,3445.67307705081,19.584998102315666,0.9296029760320256,4.455943338283131,0.33319860276722607,0.16699488596937842
10330231359.446308,3676846924.7847037,1250314608.7857654,3.4687772740203693,-36.128389070624785,-76.78523172242062,-41.78523172242062,1599.4357463186818,42.19206731534087,0.9465232298851208,5.740273660623126,0.2524084622424207,0.12650389893539263
10410980642.924683,3861498211.643016,1219107679.4770823,27.03601471208416,-57.311438457704824,-51.08193648899659,-16.08193648899659,3372.908826523363,20.00750810237558,0.90506428888909,5.54636263306656,0.25237316020975564,0.12648620600729982
10500360152.051725,3757574345.193708,1278580265.5654416,-39.009777515269,38.36457546597225,47.36844488839549,12.368444888395485,2455.4846382389965,27.482762312712957,0.9341925866290566,5.997667692902388,0.23478462164670774,0.11767105502133923
10606344118.218803,3813917544.851586,981799582.4551296,-22.60602337584315,-3.4321519719961278,81.10418909634481,46.10418909634481,1636.0561144449352,41.247668756236656,0.980884931706355,4.922369692844431,0.31577743570674915,0.15826361944377942
10461503536.454012,3649697922.8106737,1154820086.2755315,2.3844174794203052,0.37555520513059804,-3.6903304391055594,-0.0,2995.688933744633,22.52687183741919,0.9567565114257229,5.320540345822691,0.28102657599650693,0.1408469321994337
10461503536.454012,3715275057.963234,972539204.4544795,-40.95918968055806,22.041522640812737,-15.2459991954505,-0.0,1895.2705828812977,35.6062618629621,0.9647787093609196,4.701149347555719,0.32682312341136405,0.16379957710796614
10461503536.454012,3813833954.3756685,880048374.2006526,45.82883255900543,39.50761878568181,-28.318347482111925,-0.0,2542.251834861461,26.54477410532296,0.9676032034730895,4.179490361925792,0.36961387110276045,0.1852457535682597
10442693237.759907,3566398050.505689,1107209071.250238,-17.439643646639524,6.190129014035857,-40.98750403640372,-5.987504036403721,2436.7222966066665,27.6943748449368,0.9586171794587501,5.140821022623253,0.293469590120268,0.1470832120261066
10461503536.454012,3704553117.6713943,1286269540.7743506,-12.019977964889703,-83.48618987634674,13.080773290517769,0.0,3460.9869082434325,19.498340347519676,0.9112651906306221,5.727117412683863,0.24374349814831422,0.12216112955158775
11044704835.810297,3711634536.3588037,1200009437.026648,9.031796265765035,-8.241160260523293,220.63873922033795,185.63873922033795,2962.963170439106,22.775679883067653,0.8318712909596757,6.489202415898529,0.18669637900986857,0.09356984172418477
10747769430.817913,3868897797.8521886,883956534.453454,42.09163412448466,0.7318195842741394,126.12126425327443,91.12126425327442,3376.288112821464,19.98748282736047,0.8630288055510933,4.116284098864419,0.3345005850046651,0.16764742284519232
10643451613.632534,3718460419.9239855,849194157.3777947,-1.2045186972578144,-45.86091481267119,92.91587173805495,57.91587173805494,3346.956231956411,20.162648089304074,0.9285220184259919,4.068623871180922,0.3638562336100516,0.18236009916106027
9996201097.792358,3957911143.792962,1180123227.970967,-21.438713847511053,-40.55972664087218,-183.11036629143118,-148.11036629143118,2945.8012747838634,22.908368345448434,0.9493874236661212,5.822522786284692,0.24842265318180937,0.12450626231853831
10501610970.497078,3711751243.4495473,1139624985.148584,-26.061294321041537,25.10310241411579,47.766592765372245,12.766592765372243,3403.486349248801,19.827757114446744,0.9677055996151768,5.4420914560103615,0.2763974986920473,0.1385268977509648
10338692131.740915,3888748438.4157324,1236109952.9186308,6.489345598020576,9.586942876356746,-74.09208425629724,-39.09208425629725,1974.4122112029443,34.17903328004886,0.9711342682349723,5.6710339166808135,0.26313334560473506,0.1318790735587261
10073115247.397429,3746451207.5663095,799424998.2449707,-16.18301966064717,-35.87434725163947,-158.62783208471828,-123.62783208471826,3162.2624322199595,21.34025942554862,0.9520386987536114,4.112025042302861,0.36936190194119933,0.1851194698412175
10455853282.396454,3804468375.990159,1234939450.6065207,66.25275302284837,22.158863181808663,-36.79853172597081,-1.7985317259708122,2886.4294348355725,23.37957750180875,0.8965948985793623,5.540563119182193,0.25034559355015096,0.12547001548217765
10489421428.73559,3740893227.965806,973714063.4906514,35.12859598551484,5.236990219569509,43.88654111464045,8.886541114640448,3481.162987022233,19.385332122287473,0.9488194120586346,4.54742149936708,0.3329978361873555,0.1668942643226083
10461503536.454012,3724880318.259838,876737939.4284371,-88.40994993510033,-51.159881007239484,32.70711175553699,0.0,2912.578207278714,23.169678502226937,0.9561954679535931,4.298719940961101,0.3553650286960518,0.17810441566005042
10714218039.674162,3776859883.2255187,919295404.5483637,-25.939144565041122,-10.929019387431127,115.44152475699916,80.44152475699916,2983.0421196857706,22.622376073707237,0.9672892774224201,4.889842260656459,0.3137416292535314,0.15724329923929067
10461503536.454012,3776736142.2250295,1315199667.8983083,9.854981054150452,-52.018715203844806,-33.852570558512845,-0.0,2641.998593247586,25.542595233666844,0.9091990579692589,5.842666650994598,0.23680578733654245,0.11868403746212985
10185386512.646418,3961455488.7810297,1292385325.384717,64.57975807766844,-34.23887315177902,-122.89077842160238,-87.89077842160236,2902.1327521366047,23.25307159900169,0.8567162724088894,6.257509652721173,0.20280845223139762,0.10164500713008297
10374631637.354536,4016116294.7843556,761302090.1780198,-56.33803418071291,11.817339856570204,-62.652184314923915,-27.652184314923915,2721.4572199027025,24.79682582614801,0.9411336881983468,3.587481127487403,0.4120056831419631,0.20649198857263498
10305916295.434841,3614662440.7077417,902213652.5089059,-12.357878826638194,-48.49616414006476,-84.52495698046226,-49.52495698046226,1933.7317579619685,34.89806711679786,0.979742206043132,4.355593337087009,0.35937882432301316,0.18011607878667243
10324161692.257696,3698467900.156711,1148423064.58353,33.622586370898354,-49.36581156214968,-78.7172667944012,-43.71726679440118,1829.9077670955626,36.87808855106965,0.9189395933932288,5.457067150410878,0.2615653723668398,0.1310932253892238
9895453030.413742,3960445119.9578257,731821475.2877151,-19.34775291628447,14.81622492259981,-215.17947215195542,-180.17947215195542,2671.8873172851554,25.256866275262222,0.8406857171321457,3.6244006457814724,0.3649165870877266,0.18289153478720327
10574920360.29319,3537468340.775459,732185880.3196367,1.9919202952481758,-39.9456434312485,71.10169628757582,36.10169628757582,2714.6975627749866,24.85857047230635,0.9436713507640675,3.5054504412808702,0.42099382542231084,0.21099673073757078
10461503536.454012,3860762234.916711,737645134.6835605,-13.962815368471437,-10.884433611608925,-17.43932240606027,-0.0,3239.968307841801,20.828444683211185,0.9849720173376497,3.574664472710538,0.4324714528586515,0.21674917108099484
10328317987.859055,3706245453.896379,1239058621.1879203,18.73542006278698,-10.046643026666906,-77.3942768145866,-42.394276814586604,3172.750540708663,21.269715286272472,0.9522960407095277,5.723879847545742,0.25490831015485765,0.12775679079511582
10145434059.750187,3716852020.4852805,913503976.557,-30.666548180670713,-6.474159896534669,-135.60803915576483,-100.60803915576481,3158.5064235792615,21.365636672907915,0.9286318350251328,4.234180440865218,0.35028821302184177,0.17555998045665752
11233302774.923595,3756294284.3218684,904375867.9392796,0.6409768857099846,14.97550224610007,280.6713277539895,245.67132775398946,2892.9052311520395,23.32724209163478,0.7643560109012251,6.058635017190959,0.18942277014374237,0.0949362741543569
10535292056.23667,3694218803.9936833,1193334071.6291656,-40.59561415448036,-17.19392418621386,58.48761533368814,23.48761533368814,2276.907430886649,29.63822760636413,0.9653266717248596,5.689316698500232,0.2604609594081952,0.1305397077136986
10461503536.454012,3946577691.2739983,904270208.9433975,27.259472360599688,-30.722678509650947,23.223402932101195,0.0,1575.3477636579678,42.837208540254736,0.9478170936436195,4.270210765501835,0.35457120252420365,0.17770656011700092
10716753946.154753,3774455485.682191,1159900825.704092,16.886314798696212,-18.342032702734173,116.24872886020876,81.24872886020876,3375.7983418954027,19.990382671184815,0.8904488215215434,5.385835238089988,0.25764720745710196,0.12912949115721684
10280181202.285059,3801972202.365429,935183750.4433211,-1.0163206966244243,45.960961038806666,-92.71669155189868,-57.71669155189867,3026.8000914439913,22.29532794914316,0.9643400016731071,4.345890228558237,0.35452034167983754,0.1776810693111131
10461503536.454012,3758923708.0422087,891455952.9861442,1.0318231996030236,36.78523191495161,-24.219332431991354,-0.0,3458.4234038207615,19.512793199550572,0.9847218289598837,4.285454005949128,0.3670862900095308,0.18397896219237533
10490713948.949839,3804523209.081794,946073344.0637056,0.7636524936521053,-2.166720444406647,44.29796307692819,9.297963076928186,3011.6853366071737,22.407221582870974,0.9782224171565409,4.503840794640741,0.3467795921771905,0.17380150448167977
10937198641.577702,3851464830.881246,812622004.04246,-10.30385364900421,48.62115849111537,186.418454770108,151.418454770108,1590.8333576813832,42.420219785682974,0.8785226873031334,5.083342166117343,0.2725327915729332,0.13658995588115636
10823505590.506268,3862920929.3381557,755983934.52168,4.380319216824887,28.04150809754743,150.22883262367193,115.22883262367193,1808.3536417312298,37.317645795561795,0.9048443383017226,4.204596328830924,0.34364833212605334,0.17223215691888275
10700855562.45501,3660362756.0658584,1240736959.4056232,10.235143367496804,-42.437713193264806,111.18811615423725,76.18811615423724,1934.462195329571,34.8848898873122,0.8600476325895428,5.5648703538413,0.238800630625639,0.11968382745171208
10414054861.657024,3877994593.6887155,1239021084.0345988,-1.9194595869902775,59.786235569226726,-50.103382274200804,-15.103382274200804,2268.505233590817,29.748003079728697,0.9622627726910533,5.671359226235414,0.26071004334238074,0.13066454540161404
10785482806.931908,3724637130.6709905,990880867.786908,-16.58694239925497,110.75718166020982,138.12580471172654,103.12580471172653,2582.026079707309,26.13587105320409,0.9139086173478466,5.896352236998485,0.23510807664525105,0.11783316653726207
11098664183.795752,3726199165.211299,1129425532.0044584,-11.342300412876098,14.360784845412768,237.81453313613954,202.81453313613954,2046.2333969179274,32.979376046195476,0.9054499306372825,7.123592392848231,0.17559219205755763,0.088004564983876
10870527435.870184,3782233692.154794,1235530257.4691913,-12.791985488145922,-64.06282088104248,165.196350869612,130.19635086961196,3593.3918528996574,18.779889151467035,0.8624806977659683,6.023637088234981,0.21546943633974594,0.10799053073034491
10560025038.69256,3717082553.5109143,948202375.576515,12.670686061030157,59.34596133052136,66.3603681642084,31.36036816420839,1628.1654122047141,41.44757047986928,0.9807311561224524,4.676942267066331,0.33408405288760745,0.1674386622657273
10003934215.015574,3702402217.564543,1143693166.4720964,4.3101874101772255,24.110805026816884,-180.6488386282637,-145.64883862826366,2448.841807893871,27.557313199123936,0.9292353890642957,5.584465740301491,0.25684976168989526,0.12872982151918275
9734384298.268995,3837380431.1046658,1169861802.5389223,55.04299186389811,-4.233355362999236,-266.44924194871726,-231.44924194871723,2369.413727198686,28.481096357546974,0.9160461841212925,7.1350498400930205,0.17717905701668085,0.08879988144287902
10520766694.828588,3727903198.6588264,757849095.7853634,-4.833050138697251,-80.4142877897139,53.864049197103434,18.864049197103434,3101.7176705455086,21.7568160107144,0.9466946974762286,3.5970732571014308,0.4135258079912819,0.20725385574063312
10247443826.286861,3537898839.9763966,794432786.0678529,2.104668717698327,-4.102597383118308,-103.1373219798409,-68.1373219798409,2484.2496572225587,27.16454060043555,0.9770782992348904,3.898899345791616,0.39814331964465666,0.19954434895988427
10094069015.850004,3906916398.095188,1167145497.9290411,-17.55458831843416,-11.876899166067473,-151.9580404334574,-116.9580404334574,1771.8099400803367,38.08732480199343,0.944209688159699,5.485921414837205,0.2669785135729704,0.1338062226555582
10132972495.153454,3808105191.9987736,1139941861.1048946,2.82326875869389,-12.49729903193392,-139.5746783642229,-104.57467836422289,2263.621788522356,29.812180204932595,0.9720023420565103,5.56060816645042,0.27015094727875943,0.13539620592842852
10461503536.454012,3867528852.184208,823112474.2901663,-12.405642063209731,-16.668054559961405,12.988474993687035,0.0,2952.010325971828,22.860184492418444,0.9845020684323239,3.9576390823906573,0.39577897979828636,0.1983593720129272
10815602453.877098,3528540744.407343,1213662105.5047917,-23.96872341493113,38.03276059117702,147.71318610274605,112.71318610274605,3319.8939692974704,20.327004807783247,0.9757915706736386,6.858023896651243,0.20116604263199872,0.10082185240647736
10523221076.163277,3950377030.9668636,1197935293.521543,4.507166318196989,-16.6515196049682,54.645303040399654,19.64530304039965,3382.4532428231923,19.951052041421462,0.9600767318518427,5.530390244985741,0.2686995381062346,0.13466877818038953
11021425615.406403,3769021132.700572,912901887.3129587,44.394262231184,17.071641383025497,213.22873322312694,178.22873322312694,2106.333623540482,32.03837223174978,0.7498484419597454,4.6500713712363435,0.2570196668424745,0.12881497581258294
10461503536.454012,3654941664.5113587,917491614.6181979,-24.142730876977115,-75.38976770855602,-26.38348811079152,-0.0,3377.0661385504463,19.98287800907759,0.9677212178596876,4.337312857846561,0.3564667097488457,0.17865656413923978
10303817222.528065,3880606386.653793,777634823.9628867,-18.171935040841007,-39.08317046869945,-85.19311263850975,-50.19311263850974,3443.9780676515943,19.594637175275757,0.9831094818701317,3.760814388422345,0.4135427828822429,0.20726236333927497
11032936996.7739,3787041794.6097393,981542356.0151188,-1.1063955971031443,-0.27174528466556214,216.89291971603296,181.89291971603296,2503.276840068522,26.958065362596127,0.8546166402782726,5.762549936114993,0.2267338440474231,0.11363610806780536
10461503536.454012,3860449926.563909,777141216.5954741,7.068795723285692,-35.24154787947477,5.75690439308865,0.0,2439.0901774860395,27.667489008051056,0.9706033420904404,3.7273667069520573,0.4114386740411536,0.20620781084995876
10461503536.454012,3942174303.6208863,1041162459.8837786,36.26856704129602,1.541923996020443,-32.293870575582204,-0.0,2346.713369400329,28.756601276995664,0.9522759780006489,4.851482392152771,0.311612298512746,0.15617610585583894
10144746796.11317,3778849097.790773,1090585815.5130477,-18.09109650033775,-1.9197206129042936,-135.82680196584175,-100.82680196584174,2923.8860584983204,23.080071974452785,0.9409607945793143,5.066505992386707,0.2930359676543425,0.14686588598197073
10101589174.55817,3708441127.1986446,1064623526.2114246,-3.9281580756811594,7.538722288165164,-149.564299570977,-114.564299570977,3559.1049487410264,18.96080662052729,0.946543563876789,5.114827569164402,0.2915129483337499,0.14610256814192205
10295740107.57989,3820311589.048983,753936645.4357684,-22.277286707948,-12.984355837897917,-87.76413817835686,-52.76413817835685,3003.8232946288617,22.4658690129701,0.9751716738599456,3.587472679341368,0.4269075246871343,0.21396060131261127
10593785459.205849,3749468730.4105062,1088812341.9081447,-24.55537532587785,25.32309741463565,77.10664377531016,42.10664377531016,2609.5233793421276,25.860469850342245,0.9803408952342383,5.466675388165857,0.27842586714930195,0.13954349012683306
10480788607.899397,3685138783.1588974,1168293131.3141036,-13.377174909008186,-53.761595455962905,41.13862889682677,6.138628896826769,2169.195457362166,31.10992162841015,0.945495500682232,5.3468484418734485,0.27604165486314647,0.13834855336675464
10159819722.954128,3623010069.3718066,796680099.109086,-31.356129661786785,-15.706951719808217,-131.0289403386399,-96.0289403386399,3480.9819351704555,19.386340386720732,0.9369910029524005,3.759830964611167,0.3942324094495562,0.19758425069823715
10564985711.344896,3928287072.75608,1072621045.9004642,12.185039899501199,60.44811741712988,67.93939931156854,32.93939931156854,2817.2965510303106,23.953282678233137,0.9814232120840723,5.2183057766316265,0.2951384198708921,0.14791960819221678
10461503536.454012,3693875963.343757,1208988372.0389996,29.019295431891386,-16.376758567548258,4.6928218956255465,0.0,3303.520593070961,20.427752385374863,0.9187464438737312,5.457575226921707,0.2614798025881784,0.13105033890857437
10041094718.67104,3848794100.743002,828197486.7320693,-14.796220838378602,60.79748283349878,-168.82028293915994,-133.82028293915994,2688.5136879994952,25.100672158174618,0.8716673286492921,3.7396387472577675,0.36845706944444384,0.18466597934527254
10461503536.454012,4014265640.569093,1266438238.797318,-20.041021573548445,13.945564542852933,-14.164639429170572,-0.0,2117.4579669992604,31.870054436487365,0.9718857178168988,5.845284360087687,0.2529803354216694,0.12679051447208592
10842014458.753391,3868953912.4676676,1302054906.1386373,36.435430878033245,-9.292477759294174,156.12038836880467,121.12038836880467,3193.9946083150385,21.12824501943683,0.8120642751926325,5.853461145719927,0.21098145867034065,0.10574121361763471
10461503536.454012,3690347971.4318132,1143592237.585075,-6.5166916877609635,3.701535274437513,32.97263365267882,0.0,3547.0506914857724,19.02524281291653,0.9656327659990529,5.306299327427363,0.28456537875907284,0.14262053496635665
10350875726.042257,3731621284.883038,1241244928.2679534,40.882560491683556,63.367029773999654,-70.21392574092759,-35.213925740927586,2304.7745796573467,29.27987026187747,0.9613144829953563,5.691681393456543,0.2592372143219556,0.1299263822992612
10461503536.454012,3910261382.2040343,875786464.6476234,-81.34738466802622,-12.278208972430873,21.193892112265537,0.0,3160.0067062442445,21.355492867116823,0.9292789354860213,4.274461240988641,0.3472961498785345,0.17406039660702524
10174228353.96658,3573616218.146185,1115173888.1358225,-5.240826430168877,-43.82064650603209,-126.44253064100234,-91.44253064100234,2340.752728304159,28.829828908981387,0.965808815423816,5.450914791718864,0.27529586353219737,0.13797477227273305
10133818618.475874,3719737190.627749,1274188374.6575155,-29.03657586014821,19.974762197505235,-139.3053489457659,-104.30534894576589,3195.052368036494,21.12125026505027,0.8790688160017326,5.501254032500401,0.24768372523062485,0.12413592106283428
10580978563.951725,3778610160.7061753,737546945.3216815,-15.55180300743941,28.601875837588388,73.03008240460233,38.030082404602325,1973.55930317102,34.19380434467363,0.9790040948299533,3.812234118134742,0.4069687821007556,0.20396755807373784
10528664651.584364,3838634681.7337346,1210065448.3501883,21.82068936084659,34.02518262401789,56.37804691311882,21.37804691311882,3038.940823040881,22.20625691806454,0.9614505322401976,5.60868543548637,0.26427641123704554,0.1324519634608382
10461503536.454012,3717935347.618402,854562555.493159,29.480909544447357,-60.08961167709279,11.598183228683709,0.0,3437.0401811772845,19.63419020959053,0.9216223653905087,4.043190585195402,0.36327369129755005,0.1820681363909868
10779130098.567303,3818954480.0656605,1198064331.7869797,-5.548953196351757,15.940838226099153,136.10367483523032,101.10367483523032,2237.1669640864816,30.16471356790141,0.9593545567500632,6.2096855746216395,0.2296204613822319,0.11508284382437871
10440533856.145552,3630265361.851668,1101445233.4579308,25.412918803706287,2.862747002642167,-41.67485655229646,-6.674856552296459,1645.5201048050774,41.01043826701477,0.9482380416816428,5.08586772321919,0.2939886758597087,0.14734337117187224
10461503536.454012,3730831698.8678823,1198327041.684922,-31.975231378511232,-9.630295878034858,20.065422555183662,0.0,3477.9476844744063,19.40325352692547,0.9615592801316912,5.551451291560509,0.26781255605218507,0.13422423409844342
10301197903.053362,3693582648.4382753,954456145.9337752,6.841191287329181,-18.545612938343798,-86.02686792238138,-51.026867922381385,2710.1081960718902,24.900666612887576,0.9811588894560511,4.608694232038594,0.33952356299735975,0.17016487528992164
10562920978.482628,3808534596.252905,984423932.8055522,-5.0481078705942455,18.631508830336447,67.28217442917995,32.28217442917994,2057.956327727808,32.791512514626056,0.9804937107236199,4.815678449297194,0.32350199804507723,0.1621350714731075
10662879883.023941,3959895297.9290085,1273063889.0197048,-48.189433791193636,-2.569726757453078,99.10008195678174,64.10008195678172,1654.8342472106929,40.779613299028085,0.9697581769354162,6.42180236861425,0.22104628144048608,0.11078557429875267
9949828107.37054,3704389571.8681164,753684072.0058235,24.429406397528556,-1.7391247597079569,-197.871347594602,-162.871347594602,2269.607067280697,29.733561217755135,0.9365630144756792,4.404745867018075,0.3396740867990968,0.17024031589770927
10662721685.325745,3898626097.860939,805415451.9923193,-19.489445496097765,79.11393456682748,99.0497260654743,64.04972606547429,2723.183998653343,24.781102088074817,0.9387765628622617,4.462341006514033,0.3359913818990371,0.16839459121658276
10557770532.747145,3783279827.547543,1302614022.2288597,11.340055709414516,2.33183146541218,65.6427366333225,30.6427366333225,2615.823139502344,25.798189356211186,0.9372129026400216,5.928682373919067,0.23931505563054925,0.11994165069683174
10610122378.83819,3771692134.870047,1266338623.8697011,-22.077197515855183,-45.733656813369116,82.30684680407448,47.30684680407448,2209.7370982593256,30.53915360718658,0.9444993173492188,5.909778735187579,0.24222768291165758,0.12140142230643775
10461503536.454012,3869094914.8216186,799733341.5242548,4.173760995972553,-36.3822559238098,33.9854896462651,0.0,2818.789918173801,23.94059246492572,0.971979432093419,3.8296201608147937,0.4024343646732736,0.20169496594714684
10675915567.07063,3660124521.5387087,1302995647.5100684,16.41063515502017,-30.10151645178224,103.24946906201087,68.24946906201087,3136.650307872872,21.514511995761627,0.8584840044193452,5.766672772733996,0.22754376007839489,0.11404202764283848
10461503536.454012,3953235229.7092433,871934158.1118399,-0.7691445739903454,-63.76368767699539,4.997216432057713,0.0,2391.2993809186723,28.220431625468397,0.9617772571643489,4.142142422800315,0.3705614703561879,0.18572067821667226
10600260428.358845,3587657417.4399667,1253465028.8951929,-13.99615618654553,42.87437920612169,79.1676904694439,44.16769046944389,3042.459378972547,22.180575734762908,0.959284399578405,6.1243275039694725,0.23416103627400076,0.11735852199346179
10497933865.586237,3844657406.81463,1261178042.3095665,16.218241074080158,73.42553096448319,46.59613391971659,11.596133919716591,3476.380331991521,19.412001631185415,0.9711236915524813,5.877856090449532,0.2508932286219414,0.12574448318884557
10445700548.28343,3651146637.658738,724771503.5628229,5.25687046870266,-24.99555304973101,-40.0302473659417,-5.030247365941694,1770.1430853690474,38.12318972009601,0.9777785568999359,3.4973082830237425,0.4370284203687825,0.21903306502112674
10329644831.082863,3611430868.884001,716226937.1840701,-12.35154588620347,35.77824681710433,-76.97192949903246,-41.971929499032456,1997.947728397027,33.77640952067498,0.971406352054851,3.389877983865039,0.44505444263856203,0.22305560491954843
10409879898.409002,3879462637.8002176,909401864.9277786,0.6094035165371695,-29.77062863066343,-51.43231435050022,-16.43231435050022,2863.005447304953,23.570860034082322,0.9801947304378499,4.33256302652863,0.3614565181131513,0.18115739238967635
10611401313.22156,3863183928.0616317,1277253414.2302856,-2.870359429033212,-27.21992324228305,82.71394426208136,47.71394426208134,3042.8211789954694,22.177938401729776,0.9385442190486387,5.8939693160194135,0.24157823693234962,0.12107592827267803
10433874127.782932,3654070913.0574226,1192116309.523239,-10.076087738518199,-69.33657487287547,-43.79471392941681,-8.794713929416803,3349.7616906686935,20.14576167111427,0.9335138681085261,5.416584492018796,0.2682021931962759,0.13441951526080875
10461503536.454012,3746627256.9258523,945844702.5793461,24.597596312769994,-2.4969846828702966,13.398262969840275,0.0,2212.94758622476,30.494848181364144,0.963007184425685,4.457832300117085,0.34502160977592505,0.1729204261452241
10461503536.454012,3759616516.7389503,1232705965.9466245,47.954352433790554,48.555113726064576,11.823046264002711,0.0,3235.6745979150155,20.85608383448846,0.9431674828543655,5.606056442082201,0.2594078863984506,0.13001192096513714
10969743060.325987,4005956908.1667166,897570245.5739186,-14.773478885604227,49.74434317498463,196.77766499779233,161.77766499779233,3564.96783932382,18.929623973281096,0.8651577490048722,5.573203036176472,0.23975904406803358,0.12016417203357702
10339959521.916243,3981145059.2786202,921835938.3762634,-3.806205490519976,20.709268816420686,-73.68866143383836,-38.688661433838355,1855.8107095049845,36.36335340108082,0.9790920140265372,4.336180885232367,0.3607492357676199,0.18080291150752603
10461503536.454012,3703304614.8147087,826285045.4493462,-26.70946056511491,-10.742513354835827,15.532310155155637,0.0,3479.0247148722565,19.397246701571124,0.9850788997513222,4.001346903769505,0.3920453672924286,0.1964881330896802
9993059504.181797,3594639194.165165,1294527823.1164095,-37.611805995105975,47.458137074306244,-184.1103665960447,-149.11036659604468,3344.969255501166,20.174625092370082,0.7710155682629737,5.236218430319434,0.2309092359924152,0.11572876120602553
10350609480.991096,3859652021.066079,1199597101.0914967,31.165468498822943,68.62485859281182,-70.29867417285959,-35.298674172859585,2188.844012036616,30.830657782895226,0.9736832141560365,5.520736476985778,0.27311404553777197,0.13688127294782879
10748232100.251379,3879672489.9253893,991857120.9764762,-19.179088405622682,-30.388797930883186,126.2685365079817,91.2685365079817,2817.6169327273647,23.95055903142887,0.9464895316795104,5.102698921828543,0.2923115143022743,0.1465027992105557
10841166900.063963,3743838027.621645,871216419.6493298,9.017281916199124,10.452554986258592,155.85060205883866,120.85060205883865,2819.946179875308,23.930776110849134,0.8972795407316102,4.663737954063698,0.3065871652621396,0.15365757322335907
10177695631.67666,3712313852.2724967,1298441752.9018283,-38.242837016654754,-2.114658542622549,-125.33886186773883,-90.33886186773883,1819.767976667046,37.083574137203,0.887032358508388,5.597636829789837,0.2444419727449285,0.1225111961024238
10661122100.316578,3700237021.9656315,951914227.2274628,-18.263330405126858,-25.486440413364807,98.54056234326514,63.54056234326514,2329.338268703644,28.971103760209612,0.9607768663947212,4.777781075298798,0.31977494288572095,0.16026711900821347
10335468174.750196,3825353122.2856402,838600213.125483,12.751866048230776,-46.51578401337471,-75.1183016390744,-40.118301639074396,2258.684633900821,29.87734527537566,0.9750318645930373,4.13668198784166,0.37614094396876663,0.18851703916165696
10461503536.454012,4021073710.850956,968862168.905721,12.792282498496839,-32.93718525411694,33.553485563307575,0.0,3153.9445017494654,21.39654031255394,0.9620358878181388,4.559736404043227,0.33668024370844507,0.1687398399611914
9862950235.998795,3591998601.1692243,1148144632.980857,6.084490052365102,4.335469124745273,-225.5254329428325,-190.5254329428325,3524.6326168525266,19.146250974520747,0.9316184054041312,6.1343122855801155,0.2268855470078212,0.11371213965486035
10461503536.454012,3832478202.6228294,1179538337.7635057,10.940029097600982,10.05586783121744,-8.889584200704073,-0.0,1672.0828929528257,40.358944499496296,0.9672958244040728,5.4456750228382225,0.27605258019830314,0.13835402900525826
10056014984.265095,3616123383.034192,776668934.0629152,5.609901447039826,5.5065983346712155,-164.0710148960843,-129.0710148960843,3256.695441853481,20.72146501879631,0.9476148369714766,4.064916469071946,0.37165519266167196,0.18626883787331427
10116413071.619085,4026963590.156708,1286235208.2760038,27.524372734157676,50.55653168826726,-144.8457065847169,-109.84570658471691,2786.3993363699483,24.218890592744728,0.9669230693981967,6.084108644829885,0.23822155627575103,0.11939360278022722
10513567657.827465,3723815605.206371,1121020198.6973255,46.92828632271179,-27.237130322109117,51.57252454864294,16.57252454864294,3068.932374418743,21.98924330746183,0.8765539789534417,5.000803485542901,0.2771394284195407,0.13889874345863304
10465867579.94453,3832873930.172724,748364059.766478,15.273610111345832,-49.741983702208266,36.38911818676809,1.3891181867680833,3018.160016658419,22.35915269660063,0.9557697686992868,3.5908328920893036,0.41809021201271174,0.20954147676529075
10064725293.385256,3907924382.3742914,1220179449.2617798,-3.5672092512851923,-46.599877162140466,-161.2984373914202,-126.2984373914202,3153.6699120081157,21.398403307297883,0.9770946771265796,6.116489924115727,0.23893933738461448,0.1197533455085284
10461503536.454012,3650599862.3639174,1302048607.9744208,-29.11451765985381,15.601502670809467,-0.7855850222006582,-0.0,3070.5014927993852,21.97800614443453,0.9362924635237917,5.930793135475081,0.2389638540869294,0.11976563296673928
10656027859.420866,3612045375.893839,1220368923.281648,-14.01611367614659,-21.289177033314903,96.91901510355828,61.919015103558266,2398.720127610115,28.1331281204845,0.936935803827481,5.832525304936885,0.24460047990936704,0.12259063786967885
10156683093.833807,3843810182.5573964,716271531.3077711,-9.49139113661754,-65.09214570882878,-132.02736039693013,-97.02736039693013,3443.0107865483697,19.60014210205038,0.9714765197990137,3.7727705334179227,0.40752593733365555,0.20424679716361593
9707820375.785696,3689995423.8865824,998349860.3044124,39.699544363400314,36.50075899358028,-274.90480109097126,-239.90480109097126,2135.5488216125796,31.60007394459035,0.919287364643618,6.164832448229744,0.22231463130142884,0.1114212550568301
10461503536.454012,3906475766.009098,1069027046.1686456,-43.63401904406176,55.24926046147901,2.609453898182418,0.0,3285.766620982704,20.53812959334811,0.9290908892527411,5.093416487863348,0.2875521059407817,0.14411744450015668
10088345942.744808,3847889714.6339445,1250963806.4136465,-22.69003571510036,7.1363844321972865,-153.77975118219385,-118.77975118219385,2809.9330288818746,24.016053045254697,0.9086466596300783,5.618089699967712,0.24922182065620058,0.12490679485423334
10461503536.454012,3800649531.6303983,1016415122.8610734,-29.228115680257936,25.389808622752515,15.560137709804833,0.0,1721.7753705180025,39.194137534292665,0.9719900729883295,4.863616090915131,0.3171759288508657,0.1589645263539259
10100747106.277086,3813516596.2090344,757391981.4790409,23.658814916199304,-55.10591587591529,-149.83233822968785,-114.83233822968783,2682.7847916657906,25.15427286038048,0.9476541720041496,4.277645251305236,0.35390390424903434,0.17737211874046457
10461503536.454012,3691042474.07719,1278682380.1035633,-19.913546057229773,-55.788387065725715,23.556002377149614,0.0,1876.4723252325102,35.962960800329704,0.9369990737666258,5.759414248096948,0.24876984568981408,0.12468027077116131
10106584075.371487,3923545427.248203,1289769546.710729,-51.737867102193675,6.413230180769752,-147.97437326159096,-112.97437326159094,3226.8147197200587,20.91334846801951,0.8525918153206451,5.403062549975112,0.24571683021027188,0.12315013838874832
10371876700.511324,3650991732.2274733,1006309421.0173489,-57.8730150356818,8.272589167317761,-63.5291079479303,-28.5291079479303,2912.64664843999,23.169134062789382,0.9301843533144485,4.631120317212228,0.32022630060549556,0.1604933337351636
10461503536.454012,3651203444.60056,742852209.7297976,7.974916779837631,-7.604448240161814,16.340931050649516,0.0,2987.3149875841605,22.590018446569694,0.9784327719998854,3.5777163274348704,0.4292984870777457,0.21515892113886864
10461503536.454012,3797168542.820295,1221064850.6144526,-46.20816181721583,-11.403293332892156,-30.481319139918053,-0.0,3408.137815309282,19.80069596132699,0.9552482355082409,5.6585648678915295,0.25957314397511805,0.13009474595282305
10527620978.54458,3920575651.8642745,1161874578.0353427,29.9680918780009,-24.798926839851866,56.04583546661225,21.04583546661225,3459.941066183249,19.504234142832697,0.9170546330064753,5.252702141212293,0.2736056082781983,0.13712763791785731
10735959256.83284,4078515514.842951,1301640893.51026,28.89897259586789,56.92178612003757,122.36196911627505,87.36196911627503,3108.0557622756514,21.712448500547602,0.9493643004409539,6.332699009096326,0.2208833578167804,0.11070391905849508
10709978026.458448,3777781514.3739166,714766973.5585293,-32.42146429152295,-33.79715386229201,114.09188663288762,79.09188663288762,3431.401336392603,19.666455205786278,0.9503785943733142,3.8466701182843095,0.3919490662829076,0.19643986825312282
10461503536.454012,3860301001.043513,975460825.4225386,-10.305898854341219,-5.25703643608802,0.9559134770347547,0.0,3524.23285773148,19.148422763040372,0.9832881869660384,4.631767979250717,0.338457407659801,0.1696305318456736
10708777193.58908,3757157374.0725923,883104537.6097649,-0.2875485594998393,40.99831310651466,113.70964965891346,78.70964965891346,3262.8645305312466,20.682287003883946,0.9641861732076816,4.720050874646204,0.3252039498418023,0.1629880679858751
10400787670.51231,3903842335.8184133,775889340.1156517,-42.59028757203045,-40.252083464709905,-54.32646037745343,-19.326460377453426,1738.418566384665,38.81890240943735,0.9820312300221861,3.7126731351223747,0.41769375844032985,0.20934277929608702
10368666387.156647,3769578764.2774243,1157893932.9117663,-35.41007629063176,5.690460611641559,-64.5509824264719,-29.5509824264719,2053.150397751115,32.8682695379536,0.9483168439883468,5.258170319271329,0.2825767543996205,0.14162386182491893
10388691605.253939,3777591887.08296,918059612.5913106,-18.706628790127667,-4.515853892114792,-58.17675753311732,-23.176757533117318,3185.7773385136456,21.18274239050409,0.9810593027995025,4.335758305423263,0.3615092629871008,0.1811838274471391
10505032789.815273,3768509119.216683,734040095.2132874,-2.1133582235741497,24.373853754402553,48.8557916830885,13.8557916830885,2177.901500120778,30.985561409227145,0.9843645385445658,3.6124527008105334,0.42846040097659016,0.21473888308428904
10461503536.454012,3734481011.687478,791671531.069806,6.5298457185317105,-96.47386644613923,-13.111156415428859,-0.0,3009.648043165543,22.422389497830203,0.9321107768320476,3.7768114207608883,0.39064870335359386,0.19578814295386862
10461503536.454012,3733713464.990889,1201039848.891116,-53.533965304183816,-11.700843783856417,-4.16637206823934,-0.0,2314.7729030709884,29.15340013947396,0.9468127117138239,5.582494423060226,0.26182712546212106,0.1312244126989412
10098681708.331215,3650951008.454266,1079193007.1816752,5.504978987163637,-30.990510193188637,-150.4897748147624,-115.48977481476238,2821.282161510412,23.91944400169889,0.9769954511707856,5.522605105994418,0.2739252275412829,0.13728782701213665
10613472370.670364,3868730088.066511,841245662.7377052,-4.420871193025668,43.05886192514296,83.37318232289051,48.37318232289051,3592.5733635728657,18.784167738784042,0.9754364211760163,4.328219902992949,0.3600617410022028,0.1804583479079134
10463264099.256884,3681242870.549781,1134092905.8618932,-8.622351271785316,-2.198371470040498,35.56040454540152,0.5604045454015124,3185.5973802748736,21.1839390291743,0.9653555928785656,5.266314542390644,0.287114987106809,0.14389836612099155
10461503536.454012,3749921724.5707693,789709839.1609288,-14.102690576718931,-22.207403428561275,18.581434815828135,0.0,2331.1474403129178,28.948619683267122,0.9843854486310353,3.8066514393902144,0.4097321487940707,0.2053525221822582
10461503536.454012,3822212993.9132776,1120178175.044193,27.408062688694205,34.962658136758556,8.393591422545994,0.0,1690.2388249108517,39.92542336660595,0.9692616289122381,5.206321168892785,0.29228659862250705,0.14649031178993918
10591979116.139442,3895853136.0254235,1109129237.9686584,42.30526776112134,25.246965477911015,76.5316669194335,41.53166691943351,2978.9584979970596,22.653387323325816,0.9279735177511215,5.102218002409289,0.2866248116700901,0.14365269644987033
10548870294.544304,3592564176.8883157,713678388.9893059,-14.049924168024239,40.11705361369481,62.80970282396762,27.80970282396762,2561.4364489308327,26.345959394545407,0.9855387048153529,3.6888547132577223,0.42149091060875293,0.21124586348704077
10199822323.538244,3740085630.888839,1021745515.703921,-6.047360309732151,42.75210531775724,-118.29571709965431,-83.29571709965431,3491.531691830439,19.327764039243764,0.9393000892936447,4.6736336312621,0.3202145049261254,0.16048742189125134
10551955624.233318,3834531938.1103625,1152524463.210446,-45.58224701705656,30.36746225666687,63.79179376611727,28.791793766117273,3176.814910969025,21.242503125451456,0.9518718454695603,5.680079956863842,0.2573774452567371,0.12899428978627878
10232798414.578682,3760649240.271385,1172140278.8084853,-12.545591581768688,-22.576807184388848,-107.79910131378627,-72.79910131378627,2815.2413774364795,23.970768977788275,0.9629031948333139,5.453521288041148,0.27430296300699314,0.13747714320523888
9862282415.647583,3769062323.1469717,1139978027.3638391,17.870366562249167,11.771125511706163,-225.7380067628179,-190.7380067628179,2739.66860144644,24.631994044685403,0.9507145683872699,6.207646199813636,0.22765936960499136,0.11409996966165432
10111377149.180538,3835244494.0618362,1249165851.350903,-4.116772618915513,11.705005591509494,-146.44869048296127,-111.44869048296125,2948.273611974839,22.889158048678496,0.9420525036631068,5.798195330777193,0.2478880408148651,0.1242383214252866
10975496934.851593,3945101346.92235,1170724176.843085,8.676847200729988,14.255643585659865,198.60918014315382,163.60918014315382,2843.4056456974886,23.733335684042565,0.8907702969166847,6.386910835870245,0.20467963945980544,0.10258282228068737
10281016269.867407,3750617679.1941466,1271659034.7797318,-4.298769328665184,13.349383046737278,-92.45088128480576,-57.45088128480575,2021.8325351456924,33.37739377627409,0.9483048926466499,5.7344842659957616,0.2532209096899631,0.12691108722409394
10381555338.055897,3789900692.0185513,962865467.2611958,1.5695922756746545,3.660936657409638,-60.44830193270316,-25.44830193270316,3273.923435018578,20.612424821369522,0.9824762380337024,4.547792394623777,0.3447805959139397,0.17279963307446985
10358968094.20209,3804796528.6486545,731112696.5165489,17.47560845591142,-16.511624806844722,-67.63804495301413,-32.63804495301413,2192.7306016844377,30.776010798316957,0.9817170834355693,3.5942711202222544,0.4291007132847124,0.2150597994386543
10908487728.966757,3649099789.6121655,820516336.9559791,20.30606767517062,-2.8293641979802,177.27948744468543,142.27948744468543,1943.9883414162243,34.713943102188345,0.8267283803943359,4.285605322255855,0.3081784839446889,0.15445512183168536
10285917232.814346,3936261980.6474533,885527652.037381,-55.27057492327775,-38.71935468316958,-90.89085632697447,-55.89085632697447,2294.4140976103963,29.412084220334737,0.9553414206437241,4.082711844948482,0.37315341740655666,0.18701972898855496
10713037560.191023,3890007057.881202,735758532.5510712,-6.892017012400936,-35.41995378342424,115.06576646707887,80.06576646707886,2703.93661564746,24.957500957943616,0.9226775880813959,3.7052466104147026,0.3931201552506613,0.19702680309320272
10106275039.705034,3749591661.187906,776166025.4216863,-81.9209650222666,28.555606455496516,-148.07274236940614,-113.07274236940614,2361.2934504145182,28.57904029818647,0.8156327263391178,3.1652447708911873,0.39352304128076604,0.197228724428098
10180900281.144114,3667324333.9901867,1026167919.5441537,-0.300326372256389,-12.603055649334054,-124.31879026049492,-89.31879026049491,1725.1379971076806,39.11774060300179,0.9710041718046987,4.993272447233212,0.3075345056529676,0.15413236813314155
9697027429.517931,3694259552.564137,864039900.7027937,-15.840431413961262,3.6420222811858833,-278.3403025890513,-243.34030258905133,2753.154947195888,24.511334076555634,0.8076310234102682,4.755213759769466,0.2702039024665184,0.13542274639248764
10463464905.342579,3680159472.705521,884159497.8935275,-17.100872222937806,-21.242314419760778,35.624323107684184,0.6243231076841853,3080.908845525085,21.9037641354621,0.9811994088610057,4.229049468889813,0.3705547041848747,0.18571728709798954
10872818767.84439,4052878027.0994225,1161750892.1702535,42.98385530418442,-64.40495279054565,165.92570448953106,130.92570448953106,3422.797236456567,19.715892006826042,0.7258454122897496,4.8477148179936345,0.23772379485524023,0.11914413111087502
10190017468.555231,3708273838.8997135,1230677808.4290729,9.527196987479442,-15.817974815588672,-121.4166993733458,-86.41669937334579,1615.2365681277104,41.779329422601734,0.9648077838631126,5.878621162780931,0.24921758447159623,0.12490467173259036
10249042761.631311,3717964317.388749,1235158981.5490203,31.145686139019535,63.723402139472356,-102.62836505233379,-67.62836505233378,2169.6876448826893,31.102864430464596,0.9588941195547898,5.692717730232397,0.2585228186149673,0.12956833629116055
10463244640.208792,3685479526.4568853,935963595.5654669,17.131463921957383,-4.097774247125145,35.55421053801814,0.5542105380181385,1994.8950026701684,33.82809650879549,0.9664297388729275,4.417256955448718,0.3494979156299901,0.17516389349309253
10086188023.745737,3855759734.911857,1142365738.5148344,46.71524080534125,-26.905922972616505,-154.46663813318202,-119.46663813318202,2497.2889637275694,27.022704082474817,0.9412665869116731,6.044320575055451,0.23403487807092402,0.11729529311266237
10312240984.056744,3706546788.549896,1229231811.0176148,-7.088965060615495,27.33547667077366,-82.51174606507658,-47.511746065076565,1836.3597551796092,36.74851863034861,0.9447239446364123,5.52532356040167,0.26471135245665683,0.13266995044748567
10787658618.783407,3646824289.907675,802223186.7357366,-7.284155138640345,-19.11413295006891,138.8183871345347,103.8183871345347,2449.913996883427,27.545252919525783,0.9131446102606042,4.254820315725503,0.34281319404380806,0.17181359637374544
10461503536.454012,3575050350.0255146,832419325.4968737,-2.740146237695474,-24.203435965657174,32.2229420533235,0.0,2905.069259600222,23.229566886307893,0.9730026844396574,3.971878566165749,0.38987571285646017,0.19540072998499
10486209625.011482,3737861070.0348454,1104818669.0587692,68.1362542265605,-61.70920898564007,42.86419223677504,7.864192236775036,1946.4693497428093,34.669696023806914,0.7774575852977079,4.795210860930746,0.2577244485456094,0.12916820340468824
10461503536.454012,3937928824.431784,871991954.3821943,-12.293335214465417,-67.74083808144253,5.2726093247704275,0.0,3133.7975036424255,21.534097399976847,0.9707289427503154,4.1509836308796535,0.37324982727925865,0.18706804838594882
10461503536.454012,3762292542.53074,827623783.7467422,0.6322350001413103,16.381433406211617,-28.094445869367117,-0.0,1710.2573336740234,39.45809753101325,0.9850028391084096,3.983883716892345,0.39359458113339973,0.19726457928893357
10574981409.523838,3689872485.988535,934075355.3706474,38.24884490212379,5.402922396011694,71.12112886123501,36.12112886123501,2528.5640695984,26.688467769756134,0.9237386313633964,4.330654607544329,0.3407874914922712,0.17079834011578898
10461503536.454012,3705828721.327737,720045349.674251,25.676284571258808,1.4624210453570743,15.110084725572445,0.0,2851.3697475269782,23.66704659533174,0.9722667465204703,3.4700417177205662,0.43730179548748044,0.2191700771406095
10346772552.466955,3538646443.1642203,977180694.9109421,-13.89046726019523,27.27048858210535,-71.52000645467434,-36.520006454674345,3422.084953520127,19.71999573120574,0.9568083881478846,4.519051333504068,0.33800244410433034,0.16940250991990605
10461503536.454012,3793953913.758775,739093961.613636,48.6103326949578,-18.157309759601077,1.3752708929242043,0.0,2290.808490545868,29.45837722958671,0.9353127882453492,3.553740758022573,0.4126508999123342,0.2068153629808672
10461503536.454012,3897455401.000818,859303647.2071451,13.37661786095397,0.7059592528498322,23.306068251963236,0.0,1700.6794434056796,39.680317732365744,0.9774962321357449,4.099804527303906,0.3803072803234699,0.1906051537536314
10461503536.454012,3848711561.908723,842762635.3145546,40.348647182762114,-34.29045928024906,27.167980301009234,0.0,3220.6664593079095,20.953272103110567,0.9282643954785343,3.997201469139852,0.36978692059820933,0.18533248376616432
10461503536.454012,3688215544.58406,910893751.3748193,16.884460070931503,-34.03987937915469,4.385810194865358,0.0,3354.627578963078,20.11654023785841,0.953928491793255,4.297484995004736,0.3546233441292422,0.17773269282378706
11018880094.000944,3869668287.4398165,786656602.3707293,21.694966438691438,-29.606077404093902,212.41846859427707,177.41846859427707,2458.8578871668883,27.445059361684063,0.744562601739732,4.041049534009423,0.2936271873728916,0.14716219775717626
10461503536.454012,3900424765.040567,997197634.3825654,-20.714925702601906,38.103118776925186,-24.44537922643373,-0.0,3195.5706560595463,21.117824619923788,0.9745562392783931,4.77610698599395,0.3244861821740877,0.16262833199410612
10694681110.202057,3874071066.67112,1129109189.1151679,39.56737098033028,27.819701185169347,109.22272696035266,74.22272696035266,3398.749777635401,19.855389508017954,0.906832057771632,5.269857175940606,0.26948906465137806,0.1350644788054253
10461503536.454012,3621688159.1932774,916667807.1903723,-19.555881897963822,-39.80644419486929,-18.442292412915407,-0.0,1829.3653211790834,36.88902369251488,0.9743424702985725,4.350223340144544,0.35784034120485647,0.1793450106887012
10855680824.10304,3739362868.294401,1274827026.7872763,2.1447268532401096,-12.654488151429307,160.4705275677977,125.47052756779767,3358.172906696933,20.095302579763956,0.8934047107711345,6.356194056219925,0.20674205674629526,0.10361647949508826
10234318186.800177,3810732405.6897907,1233775129.7545562,30.332211633202345,4.662603047752112,-107.31534279093701,-72.31534279093701,1590.3355381278932,42.43349850225968,0.969135634686775,5.893709111825386,0.24946731425983384,0.12502983311431148
10461503536.454012,3664753412.1081314,896628554.8608792,-9.468777550475142,-31.873367833735877,-32.85016282087038,-0.0,2385.0315848018413,28.294594128340282,0.9750913886351449,4.260963128275205,0.3655518685878312,0.18320992976481526
10811546083.169334,3684357781.0145807,733998246.1860744,3.331022289039927,26.562570033029235,146.42200320443854,111.42200320443854,2447.964458894594,27.567189723707525,0.9134983243615812,4.1215520796963485,0.3536328060107801,0.1772362477643927
10461503536.454012,3891610894.781469,1178020438.2108521,0.23131817391611784,-31.102815978532004,-32.8838058251791,-0.0,3159.913419555678,21.356123322115987,0.9622540599698589,5.4253523112443816,0.2759017918568304,0.1382784558135323
10598252488.84257,3666890185.1800327,856443353.077636,4.372735202889363,-13.341853782950151,78.52854347055434,43.52854347055433,3400.3103531559786,19.84627685899491,0.9525791142223231,4.1392051847664355,0.3672658407595661,0.1840689507360812
9941845114.849434,3738499434.4407406,912547244.9085178,16.468998024331857,-13.334513719112868,-200.41241303540156,-165.41241303540156,3483.7076735805044,19.371172038060738,0.9562547801837972,5.1703253883869404,0.2907642983002123,0.14572735430265837
10380759656.054071,4033392799.4950757,1063036938.3834982,-41.79485477997173,-72.9765375339863,-60.70157538014267,-25.70157538014267,2900.6675794424323,23.26481709021342,0.9828816471209508,4.970753703767793,0.3129146204770856,0.15682881299843834
10611295502.549538,3918702678.5072565,1318472656.9831047,-14.623032456998228,-69.24046092384233,82.68026367911304,47.68026367911303,3413.6380570148394,19.768791989111264,0.9208831289631717,5.968981434634884,0.23297341893248474,0.1167633033434596
10461503536.454012,3736267488.6419287,892769985.3008058,57.622732499947176,-34.19326802381648,-31.648943871089326,-0.0,3194.434657407634,21.125334499721742,0.8888760313900371,4.183763649983812,0.3392070192436741,0.1700062276016899
10461503536.454012,3708617839.0882664,995569951.5524745,-54.50426496655769,46.60474796250787,-3.2485679140514416,-0.0,1732.20601701909,38.95812623452894,0.9246135215762148,4.830459851957384,0.30402847079415013,0.15237518822125004
10140965713.831556,3804234918.6407785,1092331706.2735062,-17.768976415766502,22.760504178024235,-137.03035783655395,-102.03035783655393,3315.6866781159033,20.352797844453423,0.9223417838415294,4.953680637751971,0.2947975159270144,0.1477487514876521
10425963562.974285,3894346990.036848,1126378986.7763808,22.275736863652003,17.63542636882957,-46.31272491330678,-11.312724913306779,2223.9533468901586,30.343937191670467,0.972769828542956,5.2356339643452054,0.2913712489907984,0.1460315502402214
10371966815.64055,3737667362.5580826,839489497.345618,-51.361557229504704,-24.855019548978476,-63.500423411402714,-28.500423411402714,2593.951779983965,26.01571131582772,0.9688213724942579,3.958530404680984,0.3893952687603991,0.1951599375375726
10725680571.222536,4002387393.449503,1072770182.4151714,-24.04206084365181,-18.638184168910637,119.09016186954025,84.09016186954024,1727.0104341188753,39.07532887007167,0.9652766197758301,5.511265221881569,0.2713471503042913,0.1359957276136514
10276639762.506708,3699797990.623238,1041588222.7542402,-22.417981320022975,1.570045755469613,-93.84396684467228,-58.84396684467227,3012.244990512725,22.403058478903365,0.953827012660666,4.77520265044719,0.3176503605174783,0.15920230544846065
9844753362.610699,3786968242.05325,1111284294.8518126,43.724778509261306,10.42334641724387,-231.31767763989816,-196.31767763989816,2739.5562288407464,24.633004413198773,0.9620579406944589,6.495370465300651,0.21560765793360157,0.10805980562859696
10329027603.792965,3771519368.385571,780328932.7244661,-24.23533514611491,-60.22084283552522,-77.16839904742939,-42.16839904742939,2747.2353158507613,24.564150106064748,0.9860702378123961,3.7813338399522616,0.4128330582862222,0.20690665843235814
10461503536.454012,3849801235.3987193,787207334.9424195,17.633288333064982,-28.27232852592709,-2.9997730868125325,-0.0,2948.0680154759566,22.890754324860886,0.9645037214363528,3.769187673880507,0.40493483611958403,0.20294817031408716
10461503536.454012,3666468532.948043,1304254896.446737,-17.572433690862237,-30.5352128544517,-25.512248830771757,-0.0,2525.1204462546066,26.724864065528212,0.9378670643585968,5.869256624642215,0.24278151785924096,0.12167899731170316
10665123997.348873,4068516952.1037884,1210355882.5265052,0.291574642614489,51.50102662805463,99.81440573213429,64.81440573213428,1970.9185064906085,34.23961998073707,0.9779361681236763,6.0440778242102535,0.24316593010393878,0.12187165982119572
10461503536.454012,3877117468.08722,1214164637.7968786,-31.605820872405463,-21.752478774234255,-28.003737501359513,-0.0,2283.668900946316,29.550474960392116,0.9710015338058725,5.621165657621477,0.2661358314659246,0.1333838811415007
10717328382.350483,3696679207.2803564,1279034839.8254936,-41.04427611258362,-32.531462749700786,116.43157758029149,81.43157758029149,2118.238272610739,31.858314311386014,0.9643097663822223,6.4631163454655916,0.21772331126629804,0.10912014406972544
10461503536.454012,3856064893.3062954,1295195511.6261358,-13.069484069793031,31.881077058023994,-12.384257622311898,-0.0,2000.0311703547147,33.741224474652455,0.9612525603697327,5.944995141369458,0.24453329251627873,0.12255696440600229
10463844555.608965,3590525732.1131663,949885306.2527465,-38.39306439324815,-17.693332809554573,35.74516954076717,0.745169540767169,1835.4213307590976,36.767307617227225,0.9747959100454774,4.554068473498278,0.34159133924723745,0.171201218348358
10620983032.1183,3715175092.5805783,1169420853.4251254,-4.92261349414465,36.42745764892807,85.76390011354772,50.76390011354772,2130.6908411589307,31.672122192318856,0.9739357424205335,5.774136499275073,0.2577013266737723,0.12915661501770592
10347685433.200802,3863391687.471002,1100958497.2014148,3.2997500694141144,-38.43066668675223,-71.22942749218424,-36.229427492184236,2221.424887875237,30.378475114586188,0.9734098427781774,5.1892236674163446,0.29469540662789684,0.14769757561049973
10859123244.888565,3632133891.0806646,1051173704.4460435,11.404280494164821,73.9932592151806,161.56628413623466,126.56628413623466,3009.741619262182,22.42169236167968,0.9548699504245454,6.071234594341696,0.2359504266379348,0.11825534159984119
10461503536.454012,3778348388.9758534,1123929014.5111785,42.604068235469526,-3.575145565664866,-3.130565560221027,-0.0,3420.124983792172,19.73129666168393,0.9262375845756459,5.147295481344103,0.2831345391681036,0.1419034164299944
10799014806.19656,3695152685.635437,904798170.9925246,39.56842741237437,5.140305544611583,142.43317385749714,107.43317385749712,2069.606382768824,32.60692527675599,0.8431282552017726,4.282623991917422,0.3145076724538445,0.15762723031169457
9929678959.264414,3843690721.3532577,1235243555.4227476,-30.80494399560427,-9.759795460982748,-204.2850206349636,-169.2850206349636,2723.23465460814,24.780641125085435,0.8759026548566881,5.730890792438043,0.2340813230408682,0.1173185707386646
9882314793.818996,3841480536.935351,958125840.397348,-20.92285209299421,-2.2048446841781235,-219.36150274708461,-184.36150274708461,3044.229645526755,22.167677387414493,0.8733953744966608,4.7941477385976565,0.28959837039690894,0.1451430061221929
10256921182.1427,3679013143.8461113,800531308.4468741,47.125828557328155,0.43973081282588894,-100.12058591604558,-65.12058591604557,2083.527189082671,32.38906649687241,0.9732147144468145,4.166850251881696,0.3728409804897737,0.18686313959454948
9907621616.464272,3753405619.5997677,716999687.5142866,-1.5429055807323266,-13.3671663395103,-211.30609091119373,-176.30609091119373,2560.9305182640173,26.351164232673312,0.9000466933999418,4.024403780893743,0.3563072527437144,0.17857664632395553
10342971844.71008,3860665281.0258126,1099478551.3896763,-10.78340043858283,48.60863706055551,-72.72980930818339,-37.72980930818339,3387.498263085687,19.921338827128807,0.9582281661588803,5.025403566196179,0.30125105446604467,0.15098318261513563
10360362079.62251,3876166811.2194943,851340888.4979903,29.857905239606556,-89.28608043874996,-67.19432561249788,-32.19432561249787,3086.170696099881,21.866418717707976,0.9033606959407832,4.191156164270741,0.34414825722395065,0.17248271299571874
10476614649.530016,3685684780.6742086,1292405681.9041932,-17.451326436823724,-48.20403919166699,39.81001668333324,4.810016683333238,2337.8174276069835,28.86602686691286,0.9346712724660852,5.815392356677211,0.24497381130044088,0.12277774679679737
10643914789.626408,3553143437.892098,829040740.8021772,26.02125774099387,-15.110121664486725,93.06330523594791,58.06330523594791,2481.1671798521043,27.198288460055647,0.9030104829720446,3.881134602495975,0.36947012862904277,0.1851737116755024
10461503536.454012,3870419258.7371936,902816977.2725259,-8.448240443842641,-5.578600813402874,-21.709576100363844,-0.0,2354.7179991025723,28.65884607029782,0.9842992340991407,4.313742523456401,0.3645464680061185,0.18270603582857944
10515785330.800804,3681541769.14087,1309493479.1527822,36.095496576004436,56.488005243231285,52.27843178037937,17.27843178037937,2487.8179173284343,27.1255786869274,0.9349506772306674,5.924663997295343,0.23895839951039494,0.11976289920261536
10481354992.311718,4142959381.2890015,1026822727.157034,-4.081465831062744,21.446011632751798,41.31891465464897,6.318914654648969,3214.6706571565064,20.992352832477067,0.981071037627761,4.872615574306787,0.31947648505228105,0.16011753575231732
10297231746.2052,3940479345.8166866,1271680160.898144,22.84534066681651,-0.36302061160458593,-87.2893348573068,-52.2893348573068,1977.2460454148516,34.130047108568824,0.9693155414978237,5.918885234779907,0.24807137426859155,0.12433020581179108
10461503536.454012,3681607811.540719,1186085125.1412425,29.517232856538634,-32.01921067933377,6.674562213742358,0.0,2731.9789169456044,24.70132556904499,0.9063145236513636,5.347578342139945,0.26455812587676736,0.1325931552417927
10885581419.465258,3572523382.434858,782745249.8617055,45.05302254093151,77.15871850093498,169.98818267437255,134.98818267437252,2327.662855386411,28.991956682677518,0.8580158722016258,4.32459451316071,0.31698292639103176,0.15886779598499848
10461503536.454012,3756520167.7268176,841813596.490338,-22.246514696247537,34.026589214728986,16.670934915025722,0.0,2929.7534610690955,23.03384963000092,0.9799641527199611,4.111475540343125,0.3802442324340383,0.19057355495634118
10597508563.34241,3697170519.634318,946043537.1198037,-10.727408410044468,100.35645800168211,78.29174462926912,43.29174462926911,2726.146196651498,24.754175237604535,0.9663039732107687,5.033248912039263,0.3032416660558907,0.15198085173107698
10461503536.454012,3732086925.081646,1246676080.8080692,-39.55630486384189,-59.09666877825116,25.49183921000102,0.0,1601.174554344371,42.14624850997124,0.9543961554037714,5.691788095572869,0.25736522894537084,0.12898816712698
10717781367.79343,3641082922.1358676,913659743.9847776,-48.091441590682884,67.73446282396063,116.57576732507898,81.57576732507898,3165.8289451142637,21.316218230737235,0.9042038547542921,5.345977432204576,0.26403932324224444,0.13233313798459762
10139352822.126284,3900675714.372534,992257271.2349259,-13.892978251571032,-4.1526637539309625,-137.54375721168606,-102.54375721168606,2732.931713352885,24.692713815541506,0.9530892622745274,4.723808783201206,0.3211831095210184,0.16097287414864442
9907215011.055895,3685902869.1136,1003023670.5591941,4.42803754975012,-33.879179644020866,-211.43551743245584,-176.4355174324558,2434.6757802229886,27.717653916555403,0.9630586304890195,5.675810481912729,0.2606583725423759,0.13063864865630032
10723001129.588291,3818021204.877459,908038296.7482805,34.93761858186664,4.873775732066096,118.23726910790764,83.23726910790764,1672.8094073063016,40.341416290758374,0.8878610609061006,4.293771153447352,0.3303451188721756,0.1655647562698181
10325646170.37695,3806048257.7584515,1189158315.7247298,-11.63155873416697,4.515759461533076,-78.2447427332194,-43.24474273321938,1691.1307770142744,39.90436552422266,0.9625971816660488,5.422730512602821,0.276166842492902,0.13841129580859618
10342957345.30505,3764362164.700077,743694839.7689468,53.28562866997722,-12.52927625361387,-72.734424612148,-37.734424612148004,3324.7351659959722,20.29740635146939,0.9493965581353307,3.7698725332448166,0.39852943143617053,0.19973786326054396
10709783191.9039,3789286147.7097683,847857389.8074245,5.052183482176273,-57.37083548215464,114.0298688680047,79.0298688680047,2766.8598905370004,24.389923358982553,0.8891425921959273,4.008540962275587,0.35327858996866446,0.17705871920613836
10461503536.454012,3860104823.6891403,1212659517.9380262,24.54892767359292,-13.926398046275343,-18.298008969636104,-0.0,2454.3396323881852,27.495583653015352,0.9404450755890352,5.521443742780489,0.2637479315991919,0.132187096213114
10069501022.56818,3795487647.481741,1085567986.161185,-7.180062695524512,-50.785080787831795,-159.77827557875898,-124.77827557875897,3351.0619571181987,20.137944788485452,0.9772628632380546,5.565040938992208,0.27133592705870735,0.13599010266624487
10258696553.601526,3882743003.445313,1021933864.2353204,-35.13132405138475,3.377747904788944,-99.55546762905271,-64.5554676290527,2477.868738806239,27.23449374794234,0.943585960297137,4.629250086103756,0.32497987084537194,0.16287576245354018
10000946936.618132,3584522891.23668,935285570.1294423,44.14273316397811,-53.87118063105176,-181.59971887495269,-146.59971887495269,1616.3918930003033,41.749467420292014,0.9118733635835633,5.537698778450792,0.254779600341285,0.12769228307971064
10745141202.598953,3677898370.5873036,789548364.3173578,-8.15442181532193,8.485071395375522,125.2846732280323,90.2846732280323,2932.1552530278777,23.014982104223076,0.9446737693688091,4.278825553646063,0.3526949985789444,0.17676623065195585
10593133894.80861,3815165405.2732835,988422957.563904,30.964982826523094,-16.42509227308423,76.899244386184,41.899244386183994,2626.744591292608,25.69092590841959,0.9143290945167883,4.543066747711712,0.3212150348393491,0.16098887471062126
10449356521.770155,3571557630.56895,1311297347.4265046,-10.383327243188806,37.512987274676235,-38.86651486149135,-3.8665148614913494,2860.4543670806893,23.591881573734852,0.9294188442645168,5.917972607695747,0.23791083044057368,0.11923787095847815
10427961796.113897,3607508060.477362,1072628156.4870775,16.293786491081022,-31.25753674732574,-45.676667550068146,-10.676667550068142,2631.43369955462,25.64514571910443,0.9421952042549514,4.970808827670188,0.2999576942776356,0.15033496700022325
10461503536.454012,3703523841.3192196,1061359049.2714152,-4.532486810794035,-53.73027968396323,-9.251346832343884,-0.0,1975.7776119537516,34.15541317350443,0.9531003975720557,4.923495178171172,0.30675322187956083,0.15374079868006993
10466843640.237427,3830286020.6614895,1313138548.022345,-9.765281524072195,-55.79403828079692,36.699807827508415,1.6998078275084127,2390.7816967577505,28.226542292321287,0.937978747860233,5.900200393259945,0.24108653724995158,0.12082949466908155
10475495407.743921,3731609145.5166583,1249383674.0712178,-4.265492750845926,10.087212583686052,39.4537509577893,4.453750957789302,3121.105335933339,21.621667137696893,0.9583487027734241,5.732762590390983,0.25600432372316134,0.12830609880343188
10545642025.6955,3693168754.1944375,1318667267.6575506,18.91733176802031,155.1253625230359,61.78211293413399,26.78211293413399,2694.46007235044,25.045277667214744,0.9435429406181299,6.383924011898289,0.21695480270071826,0.10873497738772364
10396389177.01515,3595050510.8846636,1290924847.2722058,-33.83371408607071,-54.92898312749362,-55.72654434191456,-20.726544341914558,2916.6277670183335,23.137508816981683,0.928927510104804,5.756252207635544,0.24680650603717313,0.12369627000198347
11338781485.084284,3785763348.7263947,1116713320.2444701,-27.30830159597159,-25.213619341945655,314.24624398005125,279.24624398005125,3189.430397583146,21.15848043787921,0.8215451132762678,7.772580052969159,0.1372060973042654,0.06876594434471911
10010512290.745064,3834205486.0611424,896200575.3308054,27.290837188813736,60.245306273521024,-178.55497209150127,-143.55497209150127,3145.3288639990296,21.455149395551764,0.9330756028962744,4.576097589739811,0.32531723703218923,0.16304484607943054
10518523783.575127,3489687276.937294,1092753203.71553,-20.6610193303328,25.15749001212391,53.150108371293655,18.150108371293655,2152.012232431578,31.35832578376661,0.9613950964256065,5.261063800701344,0.28628297562297345,0.14348137258706187
10843503163.367016,3595235637.98323,922318403.9316822,4.9402116215605245,49.442010181436935,156.59425776492878,121.59425776492878,2217.294483721076,30.435064521510512,0.9398768133806533,5.320316173920291,0.2760827793342937,0.13836916442668332
10365875432.296757,3724763800.0831885,1203943552.1842358,-37.82737418693139,11.305707965323927,-65.43937095026759,-30.43937095026758,2203.4821901517935,30.625843483940976,0.933783754089873,5.407956237638669,0.26881326143210327,0.13472577485948056
10834973298.038687,3879094845.041373,793908201.8035982,-6.249127823429533,18.24822890079238,153.8791173031053,118.87911730310529,2367.8726805463475,28.499632277386468,0.911422517535,4.485732413469261,0.32444905434313853,0.16260972399922213
10420782509.765379,3703398987.780474,991931112.2050148,30.41863547242987,1.07455817662808,-47.96190537054587,-12.961905370545868,3058.1356667211235,22.066876041374208,0.961465248787221,4.675649405818735,0.3276186761891036,0.16419829800384592
10475587487.21329,3627236034.3511624,1222212724.0730288,2.093670584815754,-44.96452262279326,39.48306076320369,4.483060763203689,3336.282716284084,20.227152916585766,0.9209741202493302,5.498577100505306,0.2596508307565094,0.130133681575878
10351380560.991611,3670882084.3665733,987039535.9747325,5.536664574255864,7.250648366884883,-70.05323178565706,-35.05323178565706,1813.0655620804403,37.2206621131808,0.9768647965908829,4.651438340204212,0.3347269074946514,0.16776085278785619
10284130791.270876,3662521631.3636785,1076238200.8448534,-11.2713215293215,-39.63736326450246,-91.45949833135053,-56.459498331350524,2175.304614662408,31.022552069432013,0.9700410095621146,5.080875718106355,0.30109429247127617,0.15090461550463974
10114525533.110119,3757936038.0089192,770152747.4389678,2.4406404885432518,23.484703173060257,-145.44652875267354,-110.44652875267354,2934.8372233432456,22.993950103428862,0.9449411797531713,3.8034813267310623,0.39360140763017226,0.19726800064196637
10510112809.083769,3624894828.1745567,883897604.2088963,-50.07933681801018,-109.00929173967188,50.47281203825479,15.472812038254785,2657.9753883757303,25.38906152794702,0.967193374994996,4.220472401185029,0.3659873485375626,0.1834281867561213
10461503536.454012,3838891949.40381,1291443512.0068004,-45.9856511719486,-83.6208593024742,27.650170146573977,0.0,3164.276954208789,21.32667325010247,0.9560076644626078,5.866817313899832,0.24761653537880965,0.1241022463668752
10461503536.454012,3818308119.61348,1110285602.8837783,11.026156129156576,-7.7245592672398455,-3.31319974956433,-0.0,2771.4284514162055,24.349717792915094,0.9649574841733095,5.153152345189206,0.2945730044736747,0.1476362292134351
10841622247.50159,3825928776.132771,932503901.960211,-49.73167626851913,1.434927873650612,155.99554364988404,120.99554364988403,3386.0456863347345,19.929884864692603,0.9355825290487353,5.5897931972514,0.25828714008398745,0.12945021722019343
10352819996.008455,3844317674.6973553,1025012373.3630726,36.00526404595399,70.42229618781101,-69.59504538927655,-34.59504538927655,3118.153959338094,21.642132349861694,0.9824084701218921,4.822446735287516,0.3236289950806791,0.16219872076605965
10461503536.454012,3529300442.9222703,1182085592.6071138,23.19438882671689,-35.03047869550507,-18.674067467866383,-0.0,2481.7621010116054,27.191768561431797,0.897785147593727,5.300255390918624,0.2649396006359622,0.1327843455210522
10815326845.109228,3979651645.542618,1189758063.628083,-34.08064134747823,21.998228914390108,147.62545710721412,112.62545710721412,2465.3224481693314,27.37309301075458,0.96336424257699,6.586205725475884,0.21143162609739116,0.10596683178506726
10144800254.170696,3734396258.0257535,1214414642.311625,-61.441260265562434,-74.31721335179998,-135.80978573763514,-100.80978573763514,1985.487522830744,33.988378118351456,0.9141542348892996,5.439444004399993,0.26126129492075423,0.13094082565521173
10093085412.980864,3887963046.486728,886660337.6183069,-68.14739377041468,90.54805837556106,-152.2711309507836,-117.2711309507836,3216.580141144359,20.97989097552277,0.7752650230997602,3.486682108729539,0.3473617386452227,0.1740932688595587
10807300886.801098,3921312575.4984536,855404443.1464959,8.05349926584416,-106.30119198818488,145.07071523163734,110.07071523163732,3503.698616333035,19.260646552376247,0.7947549008289917,3.812239879621088,0.33037655989503895,0.1655805141090894
10361050653.130964,3751420112.8256984,1099064022.4927192,-3.2292246192634275,56.07722889475585,-66.9751458573929,-31.975145857392906,3395.209901496798,19.876090914287747,0.9605336104178263,5.047305292894753,0.3004567994773879,0.1505851121545761
10131928009.511345,3963503846.797794,1031295287.1084878,37.005951206703465,-18.345044528229128,-139.90714847008317,-104.90714847008317,2722.223842892992,24.78984263231031,0.9643370735617959,5.38518045854121,0.2790684996575368,0.13986556933587424
10270233691.871414,3775380501.091883,1054240119.4745324,12.546814121765047,-75.92743823160745,-95.88308245947803,-60.88308245947802,3346.0264238652835,20.16825097193473,0.9531388143689651,5.208356726187949,0.287289982540239,0.14398607159816973
10686327464.093185,3489826148.1029625,840980386.6204182,42.87741445139601,-26.841165308413128,106.56367881821812,71.56367881821811,1659.7674247626405,40.65840771931703,0.8398361698423438,3.751917652742839,0.3539996311481049,0.17742009584019344
10837407124.233164,3778137251.2968082,904305422.2709618,23.831891988074016,30.174048535585808,154.65382824206043,119.65382824206043,2215.924129649907,30.453885930608095,0.8907326348869902,4.7349667847705685,0.29939923471431057,0.1500550741965877
10461503536.454012,3707952855.3937826,1168194650.979337,-27.039442874646404,-10.600016988770289,8.966448551152908,0.0,1692.112524325478,39.881213397519794,0.9644108736436284,5.4247437478211396,0.27655895376454537,0.13860781697210517
10513865050.22286,3871492603.0431914,928475866.0489358,-5.8284859309713415,-38.39249943669747,51.667187488173134,16.667187488173134,2626.7273942843785,25.691094105189926,0.9689654216945522,4.4073339299731265,0.3512164801892462,0.176025216110356
10461503536.454012,3705091203.414674,1171502098.725747,-24.25801230339124,1.7277375572363507,-2.8521503492346945,-0.0,1724.4618590703167,39.13307813697988,0.9637558570223153,5.4458119538055625,0.2750336516389721,0.1378433550193433
10461503536.454012,3954612576.8159485,738713266.1030653,-9.50284963905833,-5.650063460072855,7.754425060479948,0.0,2656.0754168803637,25.40722309553303,0.9823960960083006,3.5719581611992175,0.43160931773624195,0.21631707996398147
10377987165.515776,3741159660.581832,1289240087.8488433,-15.119224667445216,30.653832235409116,-61.58408652783323,-26.584086527833225,1832.3910267746253,36.8281112978515,0.9408475554742644,5.773824226478686,0.24896416350284303,0.12477766037831779
10537501790.821814,3780882553.9741364,836997424.4031936,-7.225440616959415,21.439866018430514,59.19099569798173,24.190995697981727,3372.770669829779,20.00832765740522,0.9835585140049248,4.1399251560141375,0.3791470546078532,0.19002366343683827
10461503536.454012,3504913723.7598395,1001466348.1146033,37.15174918706488,-24.31259825237104,14.499162608503195,0.0,3254.626195163729,20.734639442009847,0.9135067584306994,4.6255157093465025,0.3148909606418891,0.15781932945834265
9576211071.547932,3776573256.420338,1270986480.8999593,-16.187275303409503,-36.28283471661108,-316.7973437436219,-281.7973437436219,2353.9622919383546,28.66804659800708,0.8996786312479491,7.2921250748477515,0.16783204946635122,0.08411528058603608
10461503536.454012,3811521040.2342725,864642835.3043323,-34.136604319246565,-4.120093488658478,11.055198405657743,0.0,2909.2778082583363,23.195963095610956,0.9822052203119511,4.1899143821039,0.37429221983716926,0.1875904822284017
10307630610.481775,3836735015.3456492,848754888.7203599,-18.422897754623026,-12.028032456331351,-83.9792735529895,-48.9792735529895,2912.1011451872046,23.173474172340985,0.978040480298233,4.022359072770918,0.38736548618882405,0.19414263642566007
10461304741.776266,3918958641.163833,1310412233.218698,-14.119046617365491,4.502626041058095,-35.063278311247224,-0.06327831124721976,2753.451583895777,24.50869340500983,0.9666953859082076,5.988738390321756,0.24345337897726482,0.12201572552682727
10461503536.454012,3672233528.1613917,1260967955.533787,-17.04315893038636,-46.503429643208385,-27.248085340206153,-0.0,3366.4847182781114,20.045687511617974,0.9394893380116405,5.6973047310296145,0.253023805154389,0.12681230094717416
10664448639.07761,3590639689.142416,1034367222.9864639,-5.49531485192881,-1.0250901655037628,99.59943251767524,64.59943251767524,2900.2064718291335,23.268515993855804,0.9523675231753139,5.134196324400437,0.2920014073476624,0.14634737756384517
10379944489.359715,3813801631.459418,747466740.0529647,-12.769887935895865,-38.38046942267731,-60.96105099784424,-25.96105099784424,2443.815707808164,27.61398924625361,0.9862346519188507,3.6112184630625954,0.42939641215279734,0.21520799993633652
10461503536.454012,3679769541.380308,1078460992.105861,30.345320996396573,16.2816783919303,2.76417230911708,0.0,2324.691621885763,29.0290118654527,0.9534502661984706,4.998012862508267,0.30164543558993356,0.15118084139961233
10281355002.605602,3811865440.5922318,863485127.80299,24.771780491774837,4.60138626783977,-92.34305930546405,-57.343059305464045,1976.9539702389704,34.13508948166508,0.9842839930026717,4.266739868353889,0.368507588562652,0.18469129888237257
9871706145.887716,3717680172.4378247,840612377.5743768,-21.95774355465898,-15.753241350108146,-222.7383402626543,-187.7383402626543,1640.0865316245686,41.14630501135529,0.8730907503121311,4.404584078312116,0.31666566688887765,0.1587087895727719
10461503536.454012,3710771274.2918453,1277840677.1579423,26.842332473385344,-68.3089497953857,-23.213791484905705,-0.0,2104.2610804527394,32.069927682510276,0.8565581936101185,5.597990951620129,0.23602487626361895,0.11829265480178242
10300824245.008028,3950671516.795956,1087444152.2744608,38.481647198046595,38.5092896711582,-86.14580697226327,-51.145806972263266,2790.7142582746856,24.1814440425588,0.9814017102575341,5.179272689496768,0.29779646731989756,0.14925178764003386
10705771986.844048,3865403383.245995,980663414.7715095,-0.43535053659115064,-39.60983263075523,112.75306264194317,77.75306264194316,3072.3496045573975,21.964785705096205,0.9182189467909395,4.723962838196497,0.30942112873918587,0.15507791953862063
10461503536.454012,3652837512.208872,748463359.5588075,-24.079335479536212,-24.807092693693505,-15.623701232131113,-0.0,1573.8881566218008,42.87693530910552,0.9855298499156462,3.6320552869584017,0.4270357695566678,0.21402487600399964
10036271983.437672,4013630015.988771,936572315.1844871,11.667487143845845,-9.309808523232578,-170.35540724238783,-135.35540724238783,3501.0648590728842,19.27513582056591,0.9568284942739557,4.903927100844459,0.30934378139349555,0.1550391540364057
10461503536.454012,3767173553.9710364,1236342166.8797524,-2.6858800562447547,10.258661721523156,4.029325222917392,0.0,3425.6195536183754,19.69964837571048,0.9625870002805117,5.675352667622838,0.26055818807613434,0.13058843748081228
10567729273.011255,3811341944.8230596,894595725.5259358,8.964186847841969,-27.429300138798535,68.81270211332547,33.81270211332547,2864.977765559156,23.554633298199292,0.9489978451286002,4.234202907615845,0.35796860189575197,0.17940929330955424
10461503536.454012,3886017954.8391924,906844376.030696,-30.03329173657294,-26.508998991417553,-25.388799467988008,-0.0,3538.6485201123487,19.070416372716714,0.9849934157394779,4.34723391111765,0.3620011384359542,0.1814303491426391
10461503536.454012,3762050641.8199315,1079792744.9529352,58.131435791074,-62.205571092449354,17.99544100559015,0.0,1678.8891779161872,40.1953276981628,0.8199949720830275,4.822343181006053,0.2701325208216993,0.135386970823389
10461503536.454012,3730047791.2742395,863827595.219253,-5.851467641613968,35.46266331089726,24.259842688444323,0.0,2075.9462043780536,32.50734558194302,0.9845880889670395,4.1763847771054685,0.3763709540206546,0.18863231726326918
10474308677.469437,3701587907.446341,1049398625.462823,14.472110930607542,-25.203413001691658,39.076002979187244,4.07600297918724,1770.950370131679,38.10581132785927,0.9485755680400371,4.86551713189419,0.3093999373166918,0.1550672986682042
9893775678.027452,4112218727.415018,1178319277.3289304,-16.90375806877371,-24.241662002998563,-215.71338999912538,-180.71338999912538,3060.3078639436617,22.05121303981416,0.9247771400993543,5.916117751238092,0.23682378103181898,0.11869305567248822
10651700435.765156,3564158287.4893007,884852749.2891009,4.0969567693045965,-87.91917089165332,95.54155337224012,60.5415533722401,3388.768446337548,19.913871881147234,0.8659915688585389,4.0000791860803355,0.34475116720344395,0.17278488378046727
10488661720.415884,3828705180.8510056,998144049.4015374,-64.19962420594081,-28.960360010249126,43.64471844586196,8.644718445861963,3510.7353533495316,19.22204150502414,0.9679463948561914,4.847690348109658,0.31701679559640195,0.15888477079834312
10544485982.827354,3640358799.5961757,1061169082.3975644,-36.496535001764116,29.099093028012103,61.414133060351176,26.414133060351176,2829.951042821709,23.84617247934909,0.9688478191592628,5.292477837067217,0.28642292948213255,0.14355151567456928
10140469337.478134,3783866437.2637343,931525021.7861234,-69.12850208435033,36.16629390539335,-137.18835933711608,-102.18835933711607,2402.938148918679,28.0837443550546,0.8292688313236418,3.847245888055198,0.34195641360429874,0.1713841889554418
10461503536.454012,3842160666.3875256,846462056.8935469,27.485088729752913,-46.54448359659356,28.646644571242568,0.0,1813.7348522119134,37.20692723798178,0.9384209146003475,4.0176795005568895,0.37207434704827685,0.1864789127007995
10119088896.291536,3776789872.9410815,779966606.7696074,-38.804311366359876,-3.1937425803885926,-143.99396513778126,-108.99396513778125,1962.8304272885043,34.380708459091615,0.9099398103196596,3.586316990022848,0.3984565469761615,0.19970133449965763
10461503536.454012,3391763150.4571214,1054603622.0613974,-43.50604590252628,19.41774296848045,-20.827018104500482,-0.0,2317.0621490318276,29.124596724105103,0.9395805121297895,5.024551466418071,0.2954465029621704,0.14807401550446186
10461503536.454012,3577670844.6960616,1281059119.187799,31.500219605995177,-61.724493181900954,0.19375484115443722,0.0,2033.5642656091493,33.184837979549066,0.8379776620511071,5.560802861873886,0.23289070502769746,0.11672184819033675
10865658703.847525,3812582661.3216166,721739726.0269024,-13.632357478511791,-20.34778193199785,163.64658533361992,128.64658533361992,3549.499371737197,19.01211793769455,0.8825454830042991,4.05694296749658,0.3467710230810946,0.17379720976011276
10150263933.967058,3740548712.324393,1237365209.206911,-4.536876381858892,22.601915878837602,-134.0706424435105,-99.07064244351051,1997.1060805451934,33.79064403870718,0.9317605779529721,5.636418829710129,0.2544851522842934,0.12754470947258012
10377190339.324812,3630843034.857245,1296306859.0551188,30.13188802278865,38.07134366318267,-61.83772418198716,-26.83772418198716,1648.7280775740987,40.93064319892823,0.9391203791216416,5.84459058040559,0.244490622833316,0.12253557890563845
