mu_rad_s,g_rad_s,ki_rad_s,Delta_MHz,delta_r_MHz,eps_raw_MHz,eps_resid_MHz,Qa,P_uW_IDT10,eta_shift,IL_dB,eta_abs_onchip,eta_abs_fiber
10727125651.093761,3716714844.700721,1021931912.8501343,16.37523118076098,19.652909508705804,85.5501450788763,84.5501450788763,2000.0,33.74175033762015,0.9297604755354243,5.079518220331342,0.28868170270038124,0.14468358397521472
10817022492.710817,3782016456.030677,1288995039.6044598,2.542728561542467,12.688313051355243,114.16519850228362,113.16519850228363,2000.0,33.74175033762015,0.9335966168167815,6.536168871915654,0.2072728323673651,0.10388249746028905
10161737441.647537,3819936244.07131,798084332.1918834,-5.047698811078567,26.237173653420225,-96.41851151960819,-95.4185115196082,2000.0,33.74175033762015,0.9470742155827645,3.8082422911047735,0.39405766886394944,0.1974966729475345
10370564995.834003,3929901518.043251,1287890450.937787,-29.800125917513444,-76.46435355021245,-29.94663651447475,-28.946636514474747,2000.0,33.74175033762015,0.9636504643742535,5.862755997582106,0.2498296245280655,0.12521141839536126
10090025855.214062,3650340447.971524,900169764.8630029,21.09095578451798,51.51267402586266,-119.24501843530685,-118.24501843530685,2000.0,33.74175033762015,0.9487373819143579,4.479245969514287,0.3382372354130129,0.16952018432638438
10136607933.844202,3733629380.2759385,968052451.9837443,30.871264978393523,52.960707853121384,-104.4174822883425,-103.4174822883425,2000.0,33.74175033762015,0.9690208193010285,4.800790321996945,0.3208145640129492,0.16078816384498948
10542960851.612062,3812618342.5117884,1214253089.3911138,62.31825035979415,73.51444172421493,26.92866871679606,25.92866871679606,2000.0,33.74175033762015,0.9330059898745784,5.527013660814395,0.26132626769248496,0.13097338917893656
10753772782.051046,3847245290.946888,959451169.7070107,-15.06947596004554,-82.1455799486293,94.03219030101424,93.03219030101424,2000.0,33.74175033762015,0.8888179374116274,4.608919832880187,0.30755360877417826,0.15414194237361475
10816002744.369886,3752705279.7863717,1044929080.459005,18.274359360651612,-32.94814148115906,113.84060252394579,112.84060252394579,2000.0,33.74175033762015,0.8417608700086504,4.916220585026407,0.2713730244100303,0.1360086953851293
9726324904.952864,3778675289.340033,727093207.5696627,-0.7667882311618563,-21.55762209930805,-235.01462651788532,-234.0146265178853,2000.0,33.74175033762015,0.8440410306133309,4.4649516151461395,0.3019036735943139,0.15131026699064515
10137938540.343039,3566487123.774968,1169083514.5670307,35.151013527207084,68.03712725261643,-103.99393708514243,-102.99393708514243,2000.0,33.74175033762015,0.9496048013395538,5.581278839154744,0.26267274819939995,0.13164822801933032
10265176179.232988,3671298251.5003047,1037957626.9620767,-2.6252644335274113,23.076747655160773,-63.49293873178826,-62.49293873178826,2000.0,33.74175033762015,0.9602745196609016,4.813298199734515,0.3170046153640767,0.1588786662213991
10582655487.738956,3842829810.121811,911068173.6415758,-17.93740255000005,70.8181814056604,39.56386382445468,38.56386382445467,2000.0,33.74175033762015,0.9683515677549033,4.739619543178522,0.3251405272812245,0.16295628140818955
10533042765.353355,3908646951.8717966,1190341548.1907182,-46.99537060189753,18.663526013826242,23.771643808626003,22.771643808626003,2000.0,33.74175033762015,0.9537979402859766,5.748795119207484,0.25384982498822556,0.12722629154261597
10584335831.880903,3796957229.142577,894911437.8189447,20.0449717256943,-24.423774478288074,40.09873397702736,39.09873397702736,2000.0,33.74175033762015,0.9317633988365658,4.1894901649294525,0.35510487147177583,0.1779740281805074
10577171485.078018,3883433286.6678987,986422051.6231627,4.590279646131879,-50.3716718019596,37.81825156161981,36.81825156161981,2000.0,33.74175033762015,0.9350580735863895,4.593447140212889,0.32470865921104847,0.16273983464480607
11336660380.494787,3757648540.904474,791924133.8955845,31.446858812639015,-21.59431556269426,279.5710754195845,278.5710754195845,2000.0,33.74175033762015,0.5643264418676985,4.479709883591038,0.20116823777201967,0.10082295258263188
10484967734.143671,3716749719.5510917,955745674.1943493,-15.241716417597493,56.178446491665966,8.468886095989186,7.468886095989186,2000.0,33.74175033762015,0.9765077637759672,4.674575908932725,0.3328266621937127,0.1668084741022655
10597769809.243538,3688046537.128366,834185921.2306155,72.43028269240345,-32.65816982227843,44.37490178232322,43.37490178232322,2000.0,33.74175033762015,0.8233475596659697,3.6764523720550377,0.3531327247471151,0.1769856134192676
10369201293.715492,3715134893.6255817,870021125.3185163,-19.635346783463618,-69.2846670567314,-30.380716380606643,-29.380716380606643,2000.0,33.74175033762015,0.9813826169467043,4.179299617828998,0.37489392192089505,0.18789204763121198
10396921462.016212,3790939078.2504683,1167166618.699332,14.420293907508743,12.11319293189206,-21.55711276380887,-20.55711276380887,2000.0,33.74175033762015,0.9687146816704626,5.389641337930668,0.28004753097421775,0.14035624733311602
10176220653.304754,3692221480.7936945,881038351.2115232,11.683026485055212,55.16467657356029,-91.8083620654237,-90.8083620654237,2000.0,33.74175033762015,0.9521365341740742,4.188702117643522,0.3629351387790977,0.18189845819082612
10468008156.465797,3880095308.1648555,1005718090.2638043,30.893893307775084,97.19177000131437,3.070484855620079,2.070484855620079,2000.0,33.74175033762015,0.98373551266637,4.7958853264658865,0.32605421360381354,0.16341420932861103
10195325369.007984,3776555088.781613,1307426779.327825,-4.502012841142535,50.43006679563636,-85.7271421843549,-84.7271421843549,2000.0,33.74175033762015,0.9137628881445502,5.741885942474637,0.24358184812074024,0.12208011262145219
11396139490.812395,3665986845.1044183,1295810095.8695455,-25.469609096659045,39.35329749719742,298.5038642550954,297.5038642550954,2000.0,33.74175033762015,0.8879278600209198,9.613138850761256,0.09706525453729309,0.048647866402872955
10854742124.337202,3730570867.8836417,1151595682.1719897,-27.460425882490625,-69.47304752019738,126.17173015217266,125.17173015217266,2000.0,33.74175033762015,0.8985484281565678,5.873691637564155,0.2323658625147178,0.11645880382316649
9884540549.970806,3929513442.1035867,1039835012.8967743,22.796939377155194,-13.851130503449616,-184.65302255972904,-183.653022559729,2000.0,33.74175033762015,0.9530692618238392,5.894527035471281,0.24528543432486227,0.1229339282783417
10897476424.316236,3914269373.80394,878896721.3618361,2.997955097425744,-13.879799578235655,139.77448031464309,138.77448031464309,2000.0,33.74175033762015,0.8664952675020127,4.693168360299261,0.29406907742904287,0.1473836674119861
10561143861.480581,3974663676.198847,808125573.4297037,9.658107296852604,6.4063322610863755,32.716500518523034,31.71650051852303,2000.0,33.74175033762015,0.9662916198667476,3.9162985333084754,0.392173604479671,0.1965524039308023
10225889308.112532,3546458392.5236473,1300844124.0879445,-22.67342540402068,-35.74240879901557,-75.99833820665808,-74.99833820665808,2000.0,33.74175033762015,0.9173357667896596,5.830776509234513,0.23958006366946005,0.12007446934274243
10775783454.996855,3965869374.526859,1024517635.2797351,3.939178867487075,32.30397762304045,101.03840510122315,100.03840510122315,2000.0,33.74175033762015,0.9485549497569713,5.398802374832909,0.273641685708645,0.13714571946541926
10220516635.563213,3783511362.7994533,780857794.5119835,6.112227199710486,50.46968268744966,-77.70851299433437,-76.70851299433437,2000.0,33.74175033762015,0.9594517823574418,3.7022656724107565,0.40906901659620254,0.20502016879047946
10973586510.454504,3542419313.2210474,1089920010.913046,17.203963013222058,5.275016588915398,164.00107317075353,163.00107317075353,2000.0,33.74175033762015,0.8306682686446297,5.7966921974260135,0.21865449060908876,0.10958683926854958
11152578687.550947,3633177639.412585,1183190356.0233061,-40.77664878502424,-10.571186173544712,220.97605269011126,219.97605269011123,2000.0,33.74175033762015,0.9386591292354839,7.985300767098257,0.1492718212632189,0.0748131311574173
10937494436.124237,3604168196.3597665,1083535431.082827,-21.403557249365527,8.382838278309189,152.51260909854932,151.51260909854932,2000.0,33.74175033762015,0.9506653818489685,6.498725051379544,0.21288995706198585,0.10669772864692546
11056446697.818085,3829049193.1359878,1268802235.5525675,48.24194888976746,15.869894858344795,190.37628997962247,189.37628997962244,2000.0,33.74175033762015,0.738499244767182,6.099471231391995,0.18130214085694718,0.0908663184267954
10469477743.865538,3674203109.06088,734419851.9883324,-10.962701534172298,32.17487650717413,3.538269053568521,2.538269053568521,2000.0,33.74175033762015,0.9863463658665863,3.613235630963164,0.4292456331961184,0.21513243144814942
10574757510.940395,3402278432.530785,1032140732.9148875,-2.341397494834827,-33.22883661129661,37.04985972862247,36.04985972862247,2000.0,33.74175033762015,0.9169746601203812,4.78286789888375,0.30483901141989594,0.1527814208352101
10355623306.938805,3770342011.4450946,989976459.358987,-11.114274751646054,57.90874965430581,-34.702723806099094,-33.702723806099094,2000.0,33.74175033762015,0.9601194219989424,4.584504244471814,0.33409873445467786,0.16744602047971263
10830959542.582901,3714179858.474905,748275057.6641527,-41.756067306737485,2.1126418588724327,118.60149926080439,117.60149926080439,2000.0,33.74175033762015,0.9239934569222026,4.602301584590415,0.3202128363026098,0.16048658559844758
9618967541.434582,3805464183.307699,1100780762.3571503,-30.010839258081248,-6.174563892262995,-269.18753668038147,-268.18753668038147,2000.0,33.74175033762015,0.7868582554043659,5.716142196384194,0.21099991774080307,0.10575046506809509
10496658492.286102,3767299245.4200497,1229431635.9109035,10.342023737435381,27.984788816793706,12.190169989708703,11.190169989708703,2000.0,33.74175033762015,0.9622120351298515,5.675768321948067,0.2604317639255392,0.13052507531051183
10479277022.256668,3718984301.9269547,1071320697.566118,-18.75002781286725,-26.97747125361632,6.657476242932534,5.657476242932534,2000.0,33.74175033762015,0.9716003031154983,5.027716911860073,0.30529237005558446,0.15300863839567186
10311758983.239368,3595461136.3349786,868671999.7500173,56.55376351135158,35.27643325069015,-48.66517169039558,-47.66517169039558,2000.0,33.74175033762015,0.9756723598070439,4.3366349094651,0.35945167434938374,0.18015259028985878
10548578074.845835,3880253942.4590116,1221668115.426851,-41.79685808341789,85.4332072709431,28.71668640500706,27.716686405007056,2000.0,33.74175033762015,0.8917870274166216,5.944219225738391,0.2269024722972488,0.1137206223938469
10685905161.297651,3949139540.8358593,1020515905.8468802,-54.18848182922183,17.81653729805847,72.42925566343638,71.42925566343638,2000.0,33.74175033762015,0.9421518806379156,5.510159673865425,0.26491402547412796,0.13277152757644292
10439637708.812607,3762241385.595813,1021364022.6741085,-10.935251640486298,8.688899528469076,-7.9601091078498705,-6.9601091078498705,2000.0,33.74175033762015,0.9792109650215571,4.812946346010575,0.3232820812488834,0.16202485198239494
10153844318.575344,3739743840.9312563,1168789504.8219438,-33.74448256666273,-18.33509253002558,-98.93097062635265,-97.93097062635265,2000.0,33.74175033762015,0.9220160313706774,5.274786647077761,0.27369055333473474,0.1371702112957531
10239816881.88145,3592364597.9367466,800375048.3201238,38.51824788566946,59.55706010414988,-71.56505378545712,-70.56505378545712,2000.0,33.74175033762015,0.9808050899694923,3.9682256683102417,0.3933327822887191,0.19713336905020126
10145962729.041021,3676370079.975501,1209336168.538137,-11.89093539766552,45.25497804069439,-101.43975849397027,-100.43975849397027,2000.0,33.74175033762015,0.8961615844400272,5.322435164442401,0.26311330310353104,0.1318690285129927
10661796492.144945,3844544040.17851,1126326947.2454362,14.405462283898405,-59.39955645741081,64.75522792939582,63.755227929395815,2000.0,33.74175033762015,0.8720792041321067,5.039598007265722,0.2732726256358062,0.1369607512684709
10736899482.404804,3694872992.550357,1189530717.4176042,-39.575251121286826,38.890565193640555,88.6612522110739,87.6612522110739,2000.0,33.74175033762015,0.9620010404977447,6.511618848730281,0.21478980162281783,0.10764990648669066
9792833188.35574,3627813159.40984,826977867.8696501,18.4324766743492,-26.122239728635343,-213.8443823976366,-212.84438239763656,2000.0,33.74175033762015,0.9202714731033591,5.271648752528614,0.27337014590683045,0.13700962718332813
10546569926.039223,3729569130.5953817,1198826021.4058788,17.675934424121486,-46.31427736280504,28.077472786934276,27.077472786934273,2000.0,33.74175033762015,0.8945232092249985,5.338878205894893,0.26163979044972707,0.1311305227823179
10303503847.35672,3808212915.3147073,826799883.6766486,34.40916720662523,-2.767068099372747,-51.29286305363314,-50.29286305363314,2000.0,33.74175033762015,0.9778011823538085,4.131839107376386,0.3776301380405487,0.18926340421882754
10214542123.299372,3681344813.7775607,759966648.0524389,5.944914383689643,-26.140506250289683,-79.61025931304145,-78.61025931304147,2000.0,33.74175033762015,0.9832302475459991,3.883704205225616,0.4020543913415664,0.20150452816417638
9984828565.988375,3810146724.5090556,1231011051.2577226,14.21528879497074,45.947011243495574,-152.7303555955786,-151.7303555955786,2000.0,33.74175033762015,0.9278495361370178,5.941224011736642,0.2362409355276289,0.1184009409466111
10944708856.273638,4007171999.335986,1234698508.0202818,4.449181149543652,-49.86678501011978,154.8090303551871,153.8090303551871,2000.0,33.74175033762015,0.8275278390494306,5.997901846765736,0.20796604285746023,0.10422992570814123
10631369727.890377,3602010379.080264,1243985520.000156,25.572186913921467,-50.99699027658828,55.07008806258321,54.07008806258322,2000.0,33.74175033762015,0.8247059806463908,5.325037466502946,0.24198887323163573,0.12128173394354419
10614801344.74795,3930879766.6169276,997631922.2092212,-11.738573218614118,-37.52853770568368,49.7962079102677,48.7962079102677,2000.0,33.74175033762015,0.9588630106576133,4.805565579985563,0.3171027493697777,0.15892784973224114
10568110105.583662,3807788583.2004256,877165899.7487866,14.959345129942685,-5.645948853213769,34.93392488610317,33.93392488610317,2000.0,33.74175033762015,0.955239547180728,4.181821312350713,0.36469529701163567,0.1827806270261381
11338828662.148159,3805494126.8774223,714631892.5575278,-16.12174518925436,23.23121777940261,280.26126090588366,279.26126090588366,2000.0,33.74175033762015,0.6435381333450103,5.368531586182569,0.1869481310652445,0.0936960166403786
10495949872.990862,3808012785.1225157,1103455232.8029802,19.460734365134705,-43.16831754606044,11.964609462493094,10.964609462493094,2000.0,33.74175033762015,0.9250353498559876,5.039607878630749,0.289866176246537,0.1452772269951172
11522120141.395979,3801686913.434269,1148624200.483922,-7.986908057752673,-28.778910908500784,338.60475080371583,337.60475080371583,2000.0,33.74175033762015,0.6971705742138136,7.903523250626767,0.11297613765214788,0.056622197895773906
10365008353.93233,3951059622.709777,1219042609.1060975,-18.38947134427691,-62.182322708960164,-31.715370565760768,-30.715370565760768,2000.0,33.74175033762015,0.9711602615035507,5.621902893757546,0.2661341547532941,0.13338304079453583
10282528299.011347,3700515730.1329336,881932780.3760303,-19.19896257503119,-8.03626129188212,-57.96958746009147,-56.969587460091475,2000.0,33.74175033762015,0.970186541278789,4.1531984473748444,0.3728510761577134,0.18686819941443578
10261793572.929174,3762589003.900829,841347669.1124586,40.766766187237565,-40.65452169899854,-64.56965575935985,-63.56965575935984,2000.0,33.74175033762015,0.9474741296457415,4.372417976154528,0.3461988038168426,0.1735104207700341
10890779241.02813,3761182281.926876,1099565035.9876504,-43.74320154039548,85.4933211375986,137.64270066445377,136.64270066445377,2000.0,33.74175033762015,0.8291827771569481,6.652616636462728,0.17922088155031166,0.08982321783244174
10140227752.413683,3634001920.226968,1200464211.918535,-41.64667376471769,75.81412594122062,-103.26525825148506,-102.26525825148506,2000.0,33.74175033762015,0.8029527314503613,4.844285464070218,0.2631851817944169,0.13190505319523455
10767590156.541845,3630710858.115104,1297036105.6237261,17.48960004121039,-37.10128635570127,98.43039720253925,97.43039720253927,2000.0,33.74175033762015,0.8182297499808594,5.745048844274088,0.21795677915570297,0.10923715519535708
10898678557.992006,3601920923.1428494,801959735.5145653,-28.071634420119185,5.126033806981249,140.15713134815508,139.15713134815508,2000.0,33.74175033762015,0.9203680338996829,5.020815641837402,0.28965428806766647,0.14517103134491077
10809289388.06075,3541051170.4235625,1003904605.8673877,-13.292195543179638,16.25790180870021,111.70367484127304,110.70367484127304,2000.0,33.74175033762015,0.9575612383506715,5.626812778686007,0.2621110196115828,0.13136669682235289
10761535473.765165,3709915049.154357,1255053491.6875038,-14.055662584250584,-21.9083003771782,96.50313181701529,95.5031318170153,2000.0,33.74175033762015,0.9337837338912687,6.224873470242047,0.22271986639915647,0.1116243537144289
10407781745.95372,3964548530.938973,967681338.0159198,63.310343962608655,-15.81712474902361,-18.100177019737167,-17.100177019737167,2000.0,33.74175033762015,0.9009291390215015,4.579430500109773,0.31386839287752843,0.15730683154932631
10183923669.814144,3739781263.600267,1069226921.3258886,-19.063038820311036,24.88960186360404,-89.35641575704794,-88.35641575704794,2000.0,33.74175033762015,0.9262091869413481,4.826053555338987,0.30486230495547223,0.15279309525786697
11220668145.966177,3764785939.033555,725225019.1341031,-20.431332797020143,-11.104101054296242,242.649600448579,241.64960044857898,2000.0,33.74175033762015,0.7231054625997168,5.075222627909616,0.2247394840932071,0.11263656031949482
10651668311.907751,3757758321.464618,1120343858.639473,-11.14046307007941,-12.295312575603766,61.53132803084566,60.53132803084566,2000.0,33.74175033762015,0.9598986333737657,5.472819855725653,0.27223464150244053,0.13644052687212035
10157501236.171364,3842542709.468185,1269892617.320847,6.191195856103429,-1.614523753061423,-97.7669376025801,-96.7669376025801,2000.0,33.74175033762015,0.9651044111374045,5.99879467909442,0.24249055790720617,0.12153317189824653
10396451888.718966,3879671878.528311,1213718975.2410715,13.708231413977927,48.35029209388152,-21.706582586610487,-20.706582586610487,2000.0,33.74175033762015,0.9727301981303399,5.570968474554151,0.26970906979140113,0.13517474257293724
10291123547.83556,3667733507.8821325,1249454839.2969155,-41.290181034890495,-10.723227716074506,-55.23363478513486,-54.23363478513486,2000.0,33.74175033762015,0.9147404594431396,5.4836989583919244,0.25877838176660334,0.12969642128014608
10996447191.357382,3646579699.126256,1112365302.221355,12.234261804727904,14.877742191470835,171.2778539070325,170.27785390703252,2000.0,33.74175033762015,0.8641898864358837,6.187914442982749,0.20788240626039264,0.10418800811342693
10138981104.40262,3909388733.6024933,859816302.5125194,54.295693109359725,9.005726198013408,-103.66207863799765,-102.66207863799765,2000.0,33.74175033762015,0.9528259801129505,4.634859601148408,0.327738627132747,0.16425841588546153
11020038414.522055,3699266936.2663345,1178218492.9359953,-50.050081073461826,27.803089226173107,178.78717346751594,177.7871734675159,2000.0,33.74175033762015,0.9077425964321318,7.577266033511991,0.15857550828840639,0.07947602032010498
10398573545.729729,3787682904.36699,839190288.1806824,15.892788798599181,-8.081006237734469,-21.031238184993423,-20.031238184993423,2000.0,33.74175033762015,0.9803309835847938,4.0356516019407715,0.3870860931006778,0.19400260817671747
10000560430.678518,3815410807.053623,1216428014.8509257,21.2973879873367,-19.826229884350397,-147.7227475366002,-146.7227475366002,2000.0,33.74175033762015,0.9783861742795537,6.403722467752044,0.22394329308440397,0.11223751955035387
9829389634.488752,3681480260.865263,748499320.1142602,4.151653070791795,-27.570184350207374,-202.2081041897534,-201.2081041897534,2000.0,33.74175033762015,0.9012752647750351,4.552577717152884,0.31593641109409887,0.15834329587838006
10287775950.96731,3772879294.1563897,1212904641.022524,-5.622885997248558,8.98193284776272,-56.2992079632567,-55.2992079632567,2000.0,33.74175033762015,0.957773397242561,5.52590187948637,0.2683320707234921,0.13448460821938457
10161903241.609484,3836707690.758615,810472811.0572207,-65.86383276027469,5.111324547647331,-96.36573575259173,-95.36573575259173,2000.0,33.74175033762015,0.8791382824394991,3.5102322399317067,0.3917725180926648,0.19635138455405313
10671951122.253231,3759537997.5725617,938718842.5197747,33.31915289773616,-10.532496277579071,67.9875470834028,66.9875470834028,2000.0,33.74175033762015,0.8907633481286591,4.337148859440187,0.3281311443007902,0.16445514047906432
10627603970.976505,4025824765.1942463,903157172.1675894,-9.2064689435187,8.380801256712624,53.87141040793287,52.87141040793287,2000.0,33.74175033762015,0.9687549349715046,4.531818239243022,0.3412181342441687,0.17101417276529413
10064693428.339338,3841811907.0261493,1131228193.2359369,-5.908556366367124,92.9634261836459,-127.30858035055927,-126.30858035055927,2000.0,33.74175033762015,0.8599122339630103,4.87471413816921,0.27988699146595647,0.14027578698108267
10461503536.454012,3822427417.1970654,819035918.4749357,34.087949760644314,30.743873125186013,-0.17830368066923608,-0.0,2000.0,33.74175033762015,0.9746094832020438,3.916284858512671,0.3955506905259688,0.19824495634406758
10502852749.222734,3946637336.38701,951570960.8301706,-65.45084247631075,-72.78003404652245,14.161863210201242,13.161863210201242,2000.0,33.74175033762015,0.9828658990329499,4.62235353078951,0.33904622576655696,0.16992563996370827
10961994498.221214,3744905245.332447,713860349.2846773,-2.059246934248322,51.033635923329264,160.31122107613396,159.31122107613396,2000.0,33.74175033762015,0.8515849698478458,4.578360406261667,0.29675083324040624,0.1487277291883472
10412263108.500025,3733609361.1329603,870131552.1537008,16.472430361999223,5.31782258627267,-16.673715017674613,-15.673715017674613,2000.0,33.74175033762015,0.9803568496699072,4.15648937829452,0.37647422655661694,0.18868407613987778
10241828806.35322,3843808554.6021137,966750973.0435821,19.93187414541331,-40.456484021631695,-70.92463833583784,-69.92463833583786,2000.0,33.74175033762015,0.9744248290749611,4.868648686401184,0.3176021786874275,0.1591781573303464
10739000355.218882,3789027951.3301606,774803254.2460144,16.842283986115397,52.697608140805436,89.32998079740949,88.32998079740949,2000.0,33.74175033762015,0.9367579862202743,4.142260732215227,0.36091200738413676,0.18088449056372116
10636692070.08506,3684132370.0859256,1095807616.0427065,56.753606176962,-3.459799930192367,56.76424220080397,55.76424220080397,2000.0,33.74175033762015,0.8430473420036743,4.785911658388747,0.28006626371237514,0.1403656359423314
9927779105.862833,3637071706.479302,941931861.113769,7.776895415049581,39.81320337058629,-170.88976275498646,-169.8897627549865,2000.0,33.74175033762015,0.8987486716580646,4.81574798507818,0.29652646689052437,0.14861527963813084
10402665062.288376,3864651763.6913285,1151902536.220525,28.287677806886855,-24.533940320581006,-19.72886801489135,-18.72886801489135,2000.0,33.74175033762015,0.944526227010996,5.341233878453858,0.2761154026931293,0.13838551483764974
10559485003.307684,3725740278.6865754,1108414310.2653701,21.430832700387676,41.38538946464195,32.18846956231303,31.188469562313028,2000.0,33.74175033762015,0.9624233279805157,5.244400449412278,0.28769088107287694,0.14418699682470776
10862456025.342836,3640153701.3002496,972862475.7016131,-41.419245395704735,-11.448064581203312,128.62714110330916,127.62714110330914,2000.0,33.74175033762015,0.9603695351233072,5.823723095421,0.2512268571513347,0.12591169354855133
10676666069.602041,3772123969.969232,1238374084.8245492,-21.516195349857306,37.450125715362205,69.48836143736513,68.48836143736514,2000.0,33.74175033762015,0.9760930830330564,6.344099870649808,0.22650680186091515,0.11352231742243274
10545904079.447655,3866648181.569481,1095183658.7640507,58.04431780589594,32.003215690116065,27.865527234156403,26.8655272341564,2000.0,33.74175033762015,0.9184619943327652,4.984205805241934,0.2915013762564116,0.14609676836449353
9997937965.08294,3866159595.0920267,1203642067.2683177,-7.643882827671158,-45.773165777474,-148.5575042618499,-147.5575042618499,2000.0,33.74175033762015,0.9709620939903731,6.155740465903633,0.23530341431437302,0.1179310672832725
10673432594.85161,3809434088.167409,918412623.008505,-1.9023769702154039,14.193520257115217,68.45911445757726,67.45911445757727,2000.0,33.74175033762015,0.9629835602376637,4.680467918337338,0.32777217366165806,0.16427522897748426
9857274952.380344,3900899480.512476,1041322066.0899025,-36.78325775187264,18.24005339010191,-193.33193182548194,-192.33193182548192,2000.0,33.74175033762015,0.8056194343470974,4.710089673882849,0.272345978611535,0.13649632760982747
10787275676.979908,3524419964.511584,829827623.3328317,-9.604473689242768,-2.676929807769365,104.69649297264768,103.69649297264768,2000.0,33.74175033762015,0.9306213102824068,4.547904796057287,0.3265746827352357,0.16367506181277688
10583804589.965471,3841403973.4752765,1316805354.901775,-36.66758752252165,-70.61561132731984,39.92963442339015,38.92963442339015,2000.0,33.74175033762015,0.9481100712213256,6.080816390339786,0.23376372593798886,0.11715939512526446
10174584392.721527,3721998663.170794,858393561.8788837,-17.017321172880738,10.750511239476621,-92.32919998543775,-91.32919998543775,2000.0,33.74175033762015,0.9441950467971986,4.03365545826307,0.3729891270899018,0.18693738877923893
10542458156.676838,3746364207.061407,866705456.2965101,15.419391469402282,-12.958044490811815,26.76865594917957,25.76865594917957,2000.0,33.74175033762015,0.9549719276038754,4.109701304024983,0.3706981979509406,0.1857892043416469
10751931848.495523,3690215508.9269743,754875190.6833022,-23.210990344677704,46.83315016662915,93.44620295048381,92.44620295048381,2000.0,33.74175033762015,0.9460561710834101,4.466841823983098,0.3382460553644339,0.1695246047734378
10504439129.711008,3818236618.6267357,867275119.1339701,-17.17343683882135,-42.340591051127184,14.666823802867803,13.666823802867803,2000.0,33.74175033762015,0.9773065084104655,4.161611046829735,0.37486050532954884,0.18787529966223793
10309335932.887482,3936403372.175536,1174937775.5458555,37.304747270783096,38.422104973454466,-49.43645257212225,-48.43645257212225,2000.0,33.74175033762015,0.9779378301333251,5.519241595467013,0.2744018828174802,0.13752672055140783
11074107020.130234,3569388126.483848,1135220078.5549533,13.101185593637995,5.044670526013248,195.9977451647717,194.99774516477166,2000.0,33.74175033762015,0.8194038286398629,6.3925633468992595,0.18803628146656343,0.09424138372978605
10545390738.351208,3779665143.704883,788655582.0076536,14.376018094051268,99.97828268317522,27.7021256881729,26.702125688172895,2000.0,33.74175033762015,0.9808827038705309,4.025324619598211,0.38822599761781224,0.1945739137682593
10496559023.29459,3755237395.968981,939383395.0985572,27.724549229688584,-40.11647387136662,12.158508026341607,11.158508026341607,2000.0,33.74175033762015,0.9270882976521219,4.365644017715857,0.33927877967496434,0.1700421930137322
10600107247.432217,3744817066.1702285,966588157.1118228,-15.397283333603545,37.359308812461244,45.11893146612319,44.11893146612319,2000.0,33.74175033762015,0.9832654309513541,4.943992761520547,0.31497167109727486,0.15785978050820226
10211331405.645382,3614651549.206732,1115183543.9380217,-10.91344467228516,-21.458702147141494,-80.63226248405124,-79.63226248405124,2000.0,33.74175033762015,0.9567488162820051,5.244605657922209,0.2859811233647753,0.14333008808881142
10658516273.78774,3674495509.2747335,987902188.0467492,-57.452012731470575,-37.80021263957319,63.71110199745609,62.71110199745609,2000.0,33.74175033762015,0.9828176779748159,5.228209712824773,0.2948845291383985,0.14779236139835472
10586249766.50747,3625223586.8082585,1067410301.9929701,20.441360240940213,42.089706600821884,40.707958290172776,39.707958290172776,2000.0,33.74175033762015,0.9569193836166177,5.108867670296604,0.2951131656903871,0.14790695111935193
10451526758.958164,3667916101.457264,1221548224.0941262,-5.800242947971544,23.439297174519613,-4.175706909184113,-3.1757069091841132,2000.0,33.74175033762015,0.9563138337230215,5.607574533652924,0.2629317214539742,0.13177802210837383
10213545792.650352,3750627724.9495773,1152620768.6389496,-0.14141036951415126,41.0138854844234,-79.92740120853219,-78.9274012085322,2000.0,33.74175033762015,0.9432494471762248,5.24420578973562,0.2819719971599941,0.1413207652169745
10535770039.728743,3737969250.635712,932545360.8329512,-30.430890278989402,-63.858736309378116,24.639762204647468,23.639762204647468,2000.0,33.74175033762015,0.971374496553025,4.47197697955609,0.3468877783513692,0.1738557260110331
9948927628.505188,3864286066.7266316,983316002.2250667,17.27182060764838,-47.640691143683334,-164.15797891974316,-163.15797891974316,2000.0,33.74175033762015,0.9578237017515127,5.62304471662075,0.2624104391077163,0.1315167620513141
10779735984.42918,4021372776.1750145,934184546.2953321,17.458643215486973,22.895978669302526,102.29653429496472,101.29653429496472,2000.0,33.74175033762015,0.91597216589,4.763217362666916,0.3058866621563032,0.15330649000959765
10025499400.07251,3799908726.356186,777125023.8255857,5.045063585446694,-33.744666906438674,-139.78442702725772,-138.78442702725772,2000.0,33.74175033762015,0.9536091169887504,4.298633045394298,0.3544109160699521,0.17762622659240668
10761816539.426752,3906971430.121183,834055814.0592773,-44.35208102289745,51.80706040246771,96.59259779576514,95.59259779576514,2000.0,33.74175033762015,0.889854975317425,4.896081123393477,0.2882113771847161,0.1444478628311142
10515380787.046242,3458252688.626223,883107027.9578615,-23.5227207568079,65.56596971808591,18.149661503908078,17.149661503908078,2000.0,33.74175033762015,0.9731109486582321,4.5217049351802245,0.34355151290817687,0.17218363236291329
10338463262.777649,3578835207.598614,901571586.1304593,-0.9797767576711899,-5.23675704265468,-40.16493550994539,-39.16493550994539,2000.0,33.74175033762015,0.9767579573067339,4.286121456695113,0.3640615487536195,0.18246300048988687
9772077323.87378,3625450610.5934668,900910362.7831559,-23.37114664903273,1.1636985080497022,-220.45117925853555,-219.45117925853555,2000.0,33.74175033762015,0.8192520479482996,4.680655992527352,0.2788379854884484,0.13975003857715693
10156873548.477283,3839558917.510519,1061432332.6883435,10.753944389981182,1.0049602380941671,-97.96673680104179,-96.96673680104179,2000.0,33.74175033762015,0.9768816778277726,5.212807905954357,0.2941447989035846,0.14742161804833787
10600854834.508121,3519694515.1481977,1301918461.4197876,28.050430796678377,-11.55875603812003,45.35689582316694,44.356895823166944,2000.0,33.74175033762015,0.8524735572949345,5.657688654043406,0.23169254027033376,0.11612134331016395
10021289303.00753,3990058463.3415313,1181961119.2691195,-21.088192234464888,-1.4933526156259198,-141.12454254483407,-140.1245425448341,2000.0,33.74175033762015,0.9171977424175629,5.509441617012762,0.25794007120535023,0.1292762707290311
10533150492.816235,3924665406.151009,1191988611.1762588,-5.069761977247655,-9.194954880994992,23.805934525073944,22.80593452507394,2000.0,33.74175033762015,0.9703284745068477,5.5696050992116355,0.2691276171109546,0.13488332591253907
10738025149.445234,3869126906.6158185,1172587631.1270456,-19.128252088672525,16.886677167870808,89.01956315859404,88.01956315859404,2000.0,33.74175033762015,0.9767626490568597,6.1393230238962895,0.23760563805846516,0.11908491243276506
10309345483.86284,3892039090.6694975,1073784500.611308,28.759713620763304,-13.158359829698593,-49.43341240224279,-48.433412402242794,2000.0,33.74175033762015,0.9707363274814367,5.169497108187665,0.2952239397238943,0.14796246965076315
10431753374.46103,3753100806.3106604,1269042455.0825438,25.012365555629245,-20.56554560668411,-10.469770677935538,-9.469770677935538,2000.0,33.74175033762015,0.9240521859517705,5.719389684052333,0.2476039281523968,0.12409592778594562
10137315938.265718,3745435398.7294936,1130188975.399671,74.25444284668919,-11.837973143409892,-104.19211748151199,-103.19211748151199,2000.0,33.74175033762015,0.8798268284588279,5.878565034213423,0.22726925971045964,0.11390445156280335
10651832158.034172,3537192124.3007283,1014951436.6332529,0.19855950047855903,-24.15647306305369,61.58348187269837,60.58348187269837,2000.0,33.74175033762015,0.9226751106059877,4.841680763466601,0.30260822576090135,0.1516633795419632
10332450781.041904,3646447724.075755,757245855.5315799,-26.05754658357183,-3.180734501786193,-42.07876788693233,-41.07876788693233,2000.0,33.74175033762015,0.9739642804690563,3.583769147272036,0.4267427140492349,0.21387800032493012
10245690910.154146,3619381864.9991417,1007701846.9478774,11.427794376409894,21.274263683967792,-69.69529251453504,-68.69529251453504,2000.0,33.74175033762015,0.9696743859629079,4.796391001096526,0.3213563039274422,0.16105967697407966
10368133908.414988,3717496656.3687253,839894261.8533438,-6.483354201015393,81.12443600721357,-30.72047567412454,-29.72047567412454,2000.0,33.74175033762015,0.9641690992734957,3.96811968666512,0.38667067804711547,0.19379440745521542
10468473871.786142,3788259721.417138,791104999.859067,5.335041364540121,-64.26101663874768,3.2187266462331197,2.2187266462331197,2000.0,33.74175033762015,0.956244683529454,3.778438043780637,0.40061317624902365,0.200782209558883
10704483740.838612,3856958228.311092,1018426998.5224873,34.70669237232916,-54.368595003478305,78.34300120257595,77.34300120257596,2000.0,33.74175033762015,0.8273963205286984,4.4587046097687,0.29637606272907285,0.14853989899252693
10154191407.05841,3964197007.3044777,1188305943.7459352,-7.939085984307316,-2.6981582567459768,-98.82048893081203,-97.82048893081203,2000.0,33.74175033762015,0.9607792059746664,5.56211207298151,0.26693922042873713,0.1337865294332994
10416901918.145473,3880598919.7358212,889926015.216975,20.178697881648162,1.2456460464345809,-15.197136047403571,-14.197136047403571,2000.0,33.74175033762015,0.9779632039606001,4.246404741819227,0.3678595544589016,0.18436651246261782
10292999326.623245,3817875133.682093,1178373601.7982879,-59.032875498355246,-1.7715041971574388,-54.636555852720754,-53.636555852720754,2000.0,33.74175033762015,0.9032604092034221,5.1482741893896,0.2760486045940693,0.13835203648317032
10581402132.587753,3675067000.602232,1030338722.8113868,29.550092323440108,73.8674532363392,39.16490848892733,38.16490848892733,2000.0,33.74175033762015,0.9693108551082045,5.008041152504834,0.30595599060748724,0.1533412365442582
10460108717.994549,3987696097.654695,801060595.3407824,3.787466680060344,-72.03372823570108,-1.4439845050785827,-0.44398450507858256,2000.0,33.74175033762015,0.9526431945950701,3.82549898815955,0.3948029331124164,0.19787018987454497
10826386177.864103,3945366582.3860846,1297825693.4965084,-6.626246280068123,-6.118473668908017,117.14575205768693,116.14575205768693,2000.0,33.74175033762015,0.9406546267013144,6.58479984084699,0.2065143391303389,0.10350235033309889
10434863494.74513,3742233468.155391,954846561.1090156,-13.892081915682999,-50.20817002222767,-9.479788644285295,-8.479788644285295,2000.0,33.74175033762015,0.9748972026741455,4.511185678227758,0.3450168108146115,0.1729180209670791
10201177861.09242,3903853935.0231547,890064716.9464439,39.59717870395461,-11.935139401649012,-83.86423609506642,-82.86423609506642,2000.0,33.74175033762015,0.9659089378624521,4.627160505223107,0.3328282137757851,0.1668092517353921
10432267017.776466,3727805423.3524785,1226001142.8092723,-14.038889891617854,20.30836923138631,-10.30627293265962,-9.30627293265962,2000.0,33.74175033762015,0.9578814516475579,5.615874708104162,0.26285987248374576,0.13174201232174607
10169212183.567106,3821809226.1028786,786090609.5044245,35.48169361501475,-56.95521976063868,-94.03922726993697,-93.03922726993697,2000.0,33.74175033762015,0.9329867088428418,4.3140892245869535,0.34551470413190744,0.17316755874141615
10356095083.496683,3865383711.5353484,1156953796.7270246,-14.02305910460139,40.3926194142303,-34.55255266365661,-33.55255266365661,2000.0,33.74175033762015,0.957047359535267,5.267261719158691,0.28458188878231405,0.14262880957923205
9999694278.79279,3941010246.562269,824669438.5031484,1.426856480768736,-33.38150695371155,-147.99845224476442,-146.99845224476442,2000.0,33.74175033762015,0.9435350426962786,4.490015059310658,0.3355494478188431,0.1681730994974847
10524845805.308664,3781550218.9407525,949279049.4630438,10.07188608962954,-41.35326077044499,21.162470389747305,20.162470389747305,2000.0,33.74175033762015,0.9447112765826636,4.433981853610217,0.3403305330874695,0.1705693183970037
11045673573.071562,3862415681.188157,851504173.167477,56.664171579870526,-64.93481680446862,186.94709786771298,185.94709786771296,2000.0,33.74175033762015,0.6149328574633989,3.507395875493204,0.2742130451142878,0.1374320775053403
10314911121.0187,3847547509.854707,1222487902.1165643,7.158086339077615,-27.607807933754362,-47.66181507262104,-46.66181507262104,2000.0,33.74175033762015,0.9668467467033125,5.691618703800327,0.2607328608220702,0.13067598123113797
10516125176.22128,3850674103.3276234,947807345.1722673,6.826772617187766,-29.276616216305595,18.386607937490673,17.386607937490673,2000.0,33.74175033762015,0.9600565912092069,4.464902281903122,0.34340499301694505,0.17211019846395542
10803691587.424719,3746400401.403157,1303746710.829368,-1.6225062680822429,32.686856449888914,109.92183955793872,108.92183955793872,2000.0,33.74175033762015,0.9586204532491694,6.783507957664066,0.20104621217044477,0.10076179490894685
10239985342.829994,3751204997.7406526,1090998711.4856126,-8.145258656657838,-61.62684618850893,-71.51143100009982,-70.51143100009982,2000.0,33.74175033762015,0.976472975395502,5.290996267911475,0.2887756709506689,0.1447306796626252
10372874011.652159,3991427019.5260363,1132619880.8580515,-16.635938452143048,8.406551916653575,-29.211653952201168,-28.211653952201164,2000.0,33.74175033762015,0.9743037546218968,5.220583382835679,0.2928438028160651,0.14676957541827407
10310495064.113419,3790132972.3623343,1027839796.5948036,50.74780576971407,33.19280434499309,-49.067489643522194,-48.0674896435222,2000.0,33.74175033762015,0.9735276931996566,4.981850660364656,0.30914572412696106,0.15493989026289148
10574911462.046915,3720136450.3878965,898426500.0670671,41.31825043706533,-9.940891383265043,37.09886388781663,36.09886388781663,2000.0,33.74175033762015,0.9105911288296867,4.135863095878472,0.3513476923324128,0.17609097796140794
10396156646.16848,3641525607.2217464,951144929.9603251,-18.853267400934353,30.317981489664405,-21.800561209252173,-20.800561209252177,2000.0,33.74175033762015,0.9686176981879047,4.472372620624665,0.34587178716994,0.1733465242014229
10376327740.438868,3672755547.6545877,1283193087.2955596,4.826706315179879,-27.34377950761344,-28.112297935194196,-27.112297935194196,2000.0,33.74175033762015,0.9378613635124393,5.801298190490311,0.24660894530979963,0.12359725508755776
9863741601.859224,3743670881.396284,832814787.7486166,-32.47812281445927,16.341277356898562,-191.2735333658692,-190.27353336586918,2000.0,33.74175033762015,0.808069602523541,3.937308882217428,0.32637574924629914,0.16357535888778096
10699609807.957935,3916244245.6781306,1311981943.3297372,26.624221779658438,-13.170627135701432,76.79158018206046,75.79158018206046,2000.0,33.74175033762015,0.8782892279410256,5.883492916300149,0.2266147972827141,0.11357644334912857
10462022087.460464,3867916933.4253955,1172001537.649186,19.54666348872499,85.1774960335869,1.1650599118442313,0.16505991184423136,2000.0,33.74175033762015,0.9766729747240934,5.4855988354290535,0.2761781315288599,0.13841695372929821
10338527470.507675,3656719671.167163,929367007.4182329,3.5319020482118884,-11.201052307307297,-40.144497554708614,-39.144497554708614,2000.0,33.74175033762015,0.9798962042632701,4.436815681820616,0.3527755740226121,0.17680661403566597
11077450162.28306,3859188708.798045,1100893653.8146098,-22.11939025996092,-11.807715365973888,197.06190036293407,196.06190036293404,2000.0,33.74175033762015,0.8960718460605768,6.769064093343768,0.1885542921833099,0.09450100408790149
11032547333.387928,3643127886.636367,942271149.3849729,21.774487633377728,15.933121086943764,182.76888600799435,181.76888600799433,2000.0,33.74175033762015,0.8058337226606986,5.2944490442205545,0.23812255480949282,0.11934398450922822
9736006019.751429,3613171285.7467203,942582506.4458683,17.628401386963585,-20.866725682113106,-231.9330319682219,-230.93303196822188,2000.0,33.74175033762015,0.9329037287756137,5.983558546925208,0.2352236443358639,0.11789108758841702
11093096662.675684,3905779225.272263,1017049817.8016863,-4.581268393587095,-7.734118439161941,202.0423361220848,201.0423361220848,2000.0,33.74175033762015,0.8359840006051752,6.052632020207975,0.20746018641427627,0.10397639691676933
10266066574.05482,3714946538.2333484,720495632.6757494,20.99325999121799,13.352019659132884,-63.20951725739267,-62.209517257392676,2000.0,33.74175033762015,0.9842089039364827,3.5987331295298346,0.4297481113531252,0.21538426708561775
10758373686.769648,3784021050.7227764,1010820531.4466757,-37.07302347397103,34.53156936005136,95.49670375833466,94.49670375833466,2000.0,33.74175033762015,0.9589565391654641,5.7516854291956365,0.2550529682106256,0.12782929156590805
10727902522.454325,3523522928.5709505,1301862714.6463704,-16.279971320184146,-23.509014695695264,85.79743091323665,84.79743091323665,2000.0,33.74175033762015,0.9117561942550666,6.284966400939008,0.2144776697023937,0.10749346995296652
11173056574.814358,3666056559.2318,884116936.2115026,-26.120578105803773,2.395483920645404,227.49436665421197,226.49436665421194,2000.0,33.74175033762015,0.8248573232144676,6.236052687118155,0.19623368788919135,0.09834981917766136
10777227557.932962,3834606246.432373,1165859612.210641,3.591889546576537,-6.746973000325883,101.49807734245324,100.49807734245326,2000.0,33.74175033762015,0.922862228326727,5.7747998444390785,0.24415008889167736,0.12236490764147238
10194663977.798164,3719073186.4247556,979901977.3943342,46.93972287710334,27.526677649955797,-85.93766954507561,-84.93766954507561,2000.0,33.74175033762015,0.9818524272152442,5.001424743973439,0.3103871574803322,0.1555620808110002
10954023820.38719,3887012627.696362,837732906.308035,1.7563900921750133,32.411107391193326,157.77407552197798,156.77407552197798,2000.0,33.74175033762015,0.8694750545482728,4.989976065185935,0.27558750309459257,0.13812093829822616
10259056744.96661,3788995180.604822,1261316458.1157095,32.120585361943895,15.9381475892852,-65.44081515662835,-64.44081515662836,2000.0,33.74175033762015,0.9647310523715777,5.930235074429705,0.24625369185772827,0.12341920659267756
10355961439.040007,3744239262.1266775,720559234.0245228,-0.4892801844593428,10.506776894902266,-34.595093015450395,-33.595093015450395,2000.0,33.74175033762015,0.9854226057494307,3.4669082654057126,0.4435388787855889,0.22229602366469134
9783982341.875998,3751187282.830139,895102673.029997,-10.95405886904741,70.70727622658471,-216.6616943332335,-215.66169433323347,2000.0,33.74175033762015,0.7663634624039427,4.197180890126978,0.2915524544284043,0.1461223680922133
10625155443.402086,3731433557.7907014,1318561672.7971802,28.630334865008383,-34.396216906813805,53.09201987440168,52.09201987440168,2000.0,33.74175033762015,0.8450017825202907,5.683004692268218,0.22832693973996013,0.11443454729085151
10033219692.16597,3885620884.7524843,869919726.4069166,15.492719359608824,64.61167493005433,-137.32698172968284,-136.32698172968284,2000.0,33.74175033762015,0.9161804559440263,4.2435252656411935,0.34484862331286703,0.17283372753834908
10159228537.09898,4010145138.29931,1227246922.8642504,39.93068547624195,21.253174047242954,-97.21712064090546,-96.21712064090546,2000.0,33.74175033762015,0.9784824791001036,6.018797149783332,0.24472218327244522,0.12265163404154314
10558807176.147669,3815793363.8551736,1079078624.6932678,27.505870420341463,-60.46463674466879,31.97271047615634,30.972710476156337,2000.0,33.74175033762015,0.8775653216299846,4.811552786624597,0.289817212087622,0.1452526867837637
11054636234.718044,3883732523.9480824,1201061408.1210556,-22.351512062430267,5.133380477824553,189.80000167630863,188.80000167630863,2000.0,33.74175033762015,0.931870979435616,7.3193255406908095,0.17275205924348488,0.08658112667565683
9951300608.536715,3858933746.3468194,1094077174.8567836,-70.7720438517799,-55.78016156152987,-163.4026359159915,-162.4026359159915,2000.0,33.74175033762015,0.8430597574061992,4.879447176362302,0.27410290705128576,0.13737687771422724
10945132426.714125,3510670021.7273784,931138691.4532602,4.120088028624143,-4.8348730441341345,154.94385701388933,153.94385701388933,2000.0,33.74175033762015,0.8552111649627987,5.188828582017489,0.2589348487174599,0.1297748405184
10624759500.431946,3626574394.630567,1173513241.8620455,-32.544772476591994,-80.02388995141342,52.965987312641,51.965987312641,2000.0,33.74175033762015,0.9258250234567179,5.4807588421288065,0.2620915568711325,0.1313569423453078
10161155808.405575,3791897226.297064,726438969.1122478,-39.05231509841798,28.81087620045513,-96.60365113065797,-95.60365113065797,2000.0,33.74175033762015,0.9040873170110553,3.248533225775367,0.42791455053429917,0.21446530981114298
10082641720.095112,3954414797.1754985,982351989.7386713,-41.06048605266496,-31.102981694920288,-121.59546164458551,-120.59546164458553,2000.0,33.74175033762015,0.921144368243941,4.57912950569299,0.32093327700393687,0.16084766128053818
10757376961.959951,3936628457.41946,936714279.3317678,-17.645491429372726,65.21051133744979,95.1794363976037,94.1794363976037,2000.0,33.74175033762015,0.9408567426730143,5.298666811687285,0.27775176057613715,0.13920563651825862
10469527422.98418,3724794093.7812686,1000776149.6562033,-5.343948064911193,-28.51468517930928,3.554082408169424,2.554082408169424,2000.0,33.74175033762015,0.9700348719565867,4.704672845435603,0.328337179021277,0.16455840245065628
10548922308.648043,3637899599.888115,788014761.4959985,0.37306310782646,2.2172375635038652,28.826259427408484,27.826259427408484,2000.0,33.74175033762015,0.9729582296017935,3.853925574978281,0.4005914155115482,0.200771303355066
10060624285.191456,3806341939.3427615,845785325.2630053,57.25755445869553,-53.49313527895486,-128.60382884282728,-127.60382884282728,2000.0,33.74175033762015,0.8515853158918113,4.838102297865101,0.2795232482023939,0.14009348350106718
9626703056.502092,3752972228.6887746,1052513957.9481406,-33.61275317041443,-4.995270488352528,-266.7252457596692,-265.7252457596692,2000.0,33.74175033762015,0.7685561673634858,5.40502407628884,0.2213977506992143,0.11096172620423969
11116337208.88869,3738026948.102636,946403701.8321941,-0.09217410795574064,1.811885201017053,209.4400317419962,208.44003174199617,2000.0,33.74175033762015,0.8164229852101543,5.845324983573627,0.2125116409488215,0.10650812144073199
10149904807.17553,3638282281.564748,1192306582.7250905,-34.514306693270704,20.076682082949475,-100.18495605164738,-99.18495605164738,2000.0,33.74175033762015,0.8739027150885585,5.135396673619631,0.2678695951326907,0.13425282135741068
11504078844.039625,4013781526.32076,1078745857.1227627,-27.579626182205377,97.60084795055083,332.862027495607,331.8620274956069,2000.0,33.74175033762015,0.5271640021811576,7.647890213472941,0.09060595142179305,0.04541054614325547
10459741098.824512,3750364492.169411,1234688272.562151,2.03937666153048,65.14268982915002,-1.561001321251822,-0.5610013212518219,2000.0,33.74175033762015,0.9616523410921685,5.719324929872012,0.2576829004566515,0.12914738003292092
10852247790.161327,3719293551.181665,1156205151.7972724,11.848740090220724,31.091489396444402,125.37775892454565,124.37775892454565,2000.0,33.74175033762015,0.9257059991980294,6.110348438963143,0.22669306498996072,0.11361567012480586
9792620520.349003,3652389847.447005,1076728681.8660643,-35.696560479462185,-12.63094219528177,-213.9120767266559,-212.9120767266559,2000.0,33.74175033762015,0.8204655199452462,5.266651943659243,0.24400298550095834,0.12229118130002073
10406790199.79766,3720458237.6971817,885426170.9699173,32.074401746018495,-10.92706111119959,-18.415795963818365,-17.415795963818365,2000.0,33.74175033762015,0.9638742936564159,4.251902866295163,0.36210132271232337,0.18148056022296552
10718467519.318365,3910797584.7655244,1186890495.9676685,-25.79555766250232,-11.792495185568669,82.79417613888563,81.79417613888563,2000.0,33.74175033762015,0.9738947932499687,6.049943652829311,0.24183417785615555,0.12120420259625234
10633937785.147264,3843576173.7776823,863296016.1686273,26.883107656215227,-33.266703109732696,55.88752607573651,54.88752607573651,2000.0,33.74175033762015,0.9012959919402403,3.9906701256363206,0.3595840563166031,0.1802189384417916
10660913135.491228,3966394632.6363087,756105681.6522073,-1.3131593117497664,26.973320820530656,64.47404677349145,63.47404677349145,2000.0,33.74175033762015,0.9547603223060701,3.9147133157142417,0.38763504261911647,0.19427773466726475
10399183378.87482,3745710655.4390984,1296545200.8110256,25.415592244151675,-1.6438304633482994,-20.837122265988082,-19.837122265988082,2000.0,33.74175033762015,0.9370672714172305,5.860713181257249,0.24305214130203928,0.12181463032635395
10513656587.876032,3745815841.711113,1039094875.4784191,15.941381502379906,21.466135298479387,17.600831862280383,16.600831862280383,2000.0,33.74175033762015,0.9682050793316612,4.897818403913783,0.313462444659331,0.157103375484852
10238408916.560759,3706138091.078096,1181492410.9771636,-7.865248822673417,-9.042203720424476,-72.01322306643733,-71.01322306643735,2000.0,33.74175033762015,0.9569290713620898,5.461989996496692,0.27207005783337673,0.13635803963832205
9941085548.429249,3893780392.0822024,1032526460.485098,13.461198364974875,15.520759219423063,-166.65419053615952,-165.65419053615952,2000.0,33.74175033762015,0.9422095736278712,5.420192909994571,0.27047568024540797,0.13555895794565068
10222888175.59222,3915954603.601074,1082668703.375033,-37.338380033767926,70.2955834065431,-76.95362835762086,-75.95362835762086,2000.0,33.74175033762015,0.876137053568665,4.639791584853134,0.301018293532045,0.15086652580652785
10894745852.704147,3582991827.517257,730949079.0234433,-36.16036742342337,14.881421478983922,138.9053123755823,137.9053123755823,2000.0,33.74175033762015,0.9064243702700353,4.779683785208171,0.3015526817060243,0.15113435433712766
11040215547.344631,3747086879.484213,824041685.30071,-9.827055056594153,37.67656835322127,185.2097543197855,184.20975431978547,2000.0,33.74175033762015,0.8488577942069565,5.437787612051778,0.24269240169699582,0.12163433342887604
10725134063.817894,3556764661.1144342,1121092433.2686718,38.39389163991488,-32.21902674334774,84.91620315976985,83.91620315976985,2000.0,33.74175033762015,0.7994961367575091,4.834995280062543,0.26261337525808276,0.13161847105911925
10103743474.813879,3715091487.4193377,1057697023.2360276,-20.740627385243084,-4.4927304582982295,-114.87856450177648,-113.87856450177648,2000.0,33.74175033762015,0.9290768425461037,4.95026847317737,0.2971835648839328,0.14894460876366927
10575853727.472477,3958143152.732828,806848849.923353,-16.60648199028285,-13.508415167790043,37.39879628818216,36.398796288182155,2000.0,33.74175033762015,0.9738008102464973,4.000686098642708,0.38761584484186096,0.19426811298639027
10693765224.263153,3670046075.266508,1289948223.7320588,46.53868420888985,21.37466538087974,74.93119141138267,73.93119141138268,2000.0,33.74175033762015,0.8504140681380146,5.702679780309673,0.2287507138097684,0.1146469374445817
10416534646.050516,3617851826.6358085,804290865.9138088,1.2948979113068404,13.384996805370783,-15.314042386147928,-14.314042386147928,2000.0,33.74175033762015,0.9833209772299174,3.851799649523761,0.40505625133155837,0.20300902206829685
10963810420.064087,3826978380.307166,1021007464.4420737,0.10434609720298992,-24.74745873278914,160.8892469512574,159.8892469512574,2000.0,33.74175033762015,0.8517114614420687,5.481143503609443,0.24108941391894498,0.12083093641885642
10863305361.574293,4019697821.246625,797988903.9075248,-29.212577809605467,15.806865210151066,128.8974932224759,127.89749322247592,2000.0,33.74175033762015,0.8917357042128544,4.729233246012111,0.30013236547388206,0.1504225099738644
10288191158.552029,3687234540.7958364,1147079171.4856315,1.770730892840957,7.022484902267733,-56.16704328422224,-55.167043284222245,2000.0,33.74175033762015,0.9628945859521473,5.307159646240519,0.28370225003652505,0.14218794586963868
10564612588.506975,3787589730.2365046,878544695.813099,16.630423214993424,-59.50789783723462,33.82063062349711,32.82063062349711,2000.0,33.74175033762015,0.9148347682604756,4.061168754963066,0.35910858369486015,0.17998063763383473
10617612972.028513,3735188711.501365,791980316.4173261,-1.4854648288080088,1.2250266637790377,50.69117666993506,49.69117666993506,2000.0,33.74175033762015,0.9640335281839231,3.957640154164811,0.38755034077694556,0.19423528318530398
10354464779.342386,4123085703.918337,738312964.2358984,21.39966319300193,49.402032891182444,-35.07149459345581,-34.07149459345581,2000.0,33.74175033762015,0.9739164195474187,3.5261851763163534,0.4324174089604796,0.2167220849691756
10664317449.926052,3712902592.0537786,816761082.6088084,9.244229051710576,-32.38350282920596,65.55767371377411,64.55767371377411,2000.0,33.74175033762015,0.9173432291710281,3.9115072137511153,0.3727186620419497,0.18680183515006296
10700441544.701193,4131891543.086577,827088955.5375478,29.369674800734277,45.88793494271004,77.05633021014164,76.05633021014164,2000.0,33.74175033762015,0.9264945130506832,4.121054958984772,0.358704938378641,0.17977833575443222
10619940560.227345,3880503786.7158833,1037244532.299501,23.129810802318683,30.443528214084186,51.43207100458787,50.43207100458787,2000.0,33.74175033762015,0.9554029450175029,4.976859841014768,0.3037390229191116,0.15223012064148017
10256597770.904991,3660213194.2516513,984924910.4345933,-3.653829111487049,9.818798588500767,-66.22353091031113,-65.22353091031113,2000.0,33.74175033762015,0.9664485040956923,4.632149353480176,0.3326318129399329,0.16671081814378927
10443805697.267073,4006296897.6535583,1293153829.7747557,24.325965618371374,20.723983085091174,-6.633397177293487,-5.633397177293487,2000.0,33.74175033762015,0.9648908956831966,5.892488788936447,0.24844446728546768,0.12451719526880489
10883343382.035118,4011552002.7607327,1291240225.0913355,50.42354257032913,-28.472052054974768,135.27579323470957,134.27579323470957,2000.0,33.74175033762015,0.7407733546738814,5.471936700324371,0.21013175248506258,0.1053153517252392
10564578568.009447,3826857903.493333,1195283755.6201437,8.541597501676113,31.213893280588483,33.809801562801034,32.809801562801034,2000.0,33.74175033762015,0.9689731026757821,5.653523533389658,0.2636084748691744,0.13211720228038581
10241023217.397852,3568562213.5051775,1119203954.7893934,-33.98821994808591,-52.658230290023326,-71.18106526453197,-70.18106526453197,2000.0,33.74175033762015,0.9449430815196379,5.155349675896641,0.28831728656823763,0.1445009432620565
9832206387.12947,3572252563.114822,1224798512.6067965,5.3918097580625854,-40.809254572613725,-201.31150397727845,-200.31150397727842,2000.0,33.74175033762015,0.9697860089786479,6.927128819750379,0.19677187879349312,0.09861955358815173
10864401577.108875,3847130427.1710224,1281864378.2989728,-5.501964191248555,24.8162703067646,129.24642946452167,128.24642946452167,2000.0,33.74175033762015,0.9585558681174895,6.887411352240202,0.19628011103483248,0.09837308586560152
10347255776.257868,3646376804.8733273,724084691.8754547,72.34408632062919,-39.90230860167425,-37.36619154478747,-36.36619154478747,2000.0,33.74175033762015,0.8724897935603488,3.7162823046542206,0.3707935106066065,0.18583697382786973
10548982045.720217,3697859868.006232,782221362.9835907,21.091036432031935,82.91997850894329,28.84527432805317,27.845274328053165,2000.0,33.74175033762015,0.9823924980975123,3.931551829182581,0.39731032787655773,0.19912686411999647
10180697303.284367,3737257502.0750127,929657398.9562726,-30.86345456279713,17.0716331825372,-90.38340011992862,-89.38340011992862,2000.0,33.74175033762015,0.920771243901231,4.198517584395674,0.3501869753744143,0.1755092414402044
10309046510.195757,3725639448.761083,767293580.0009505,-5.2620278478946085,39.57364050842102,-49.52857867618417,-48.52857867618417,2000.0,33.74175033762015,0.9713606995425862,3.6200260338544554,0.4220636252347472,0.21153290074610073
9963665050.761246,3862269910.12106,1075328972.5977585,40.74966302536572,42.15516408983191,-159.46691171877495,-158.46691171877495,2000.0,33.74175033762015,0.964547921709265,5.763331744587151,0.2558530715744365,0.1282302931574323
10285063101.528778,3670703405.5499077,868834422.9791838,-32.462219887752134,-11.545781380151805,-57.16273475926954,-56.16273475926954,2000.0,33.74175033762015,0.960497696829313,4.042137630180264,0.3786888907342759,0.1897940375524921
10650189624.424606,3639037309.408228,871254873.1386751,-13.799693957424601,5.019981025283271,61.06064718638445,60.06064718638445,2000.0,33.74175033762015,0.9715887455249255,4.499893607323591,0.3447411410435499,0.17277985879712607
10647874504.428253,3445449614.836033,885859900.8047886,-0.06914605717101432,22.79701158388808,60.32372160384346,59.32372160384347,2000.0,33.74175033762015,0.9596072998951851,4.524747988450225,0.33854682423175264,0.1696753462900105
10324174602.024061,3656640777.3924465,769807364.0677668,-4.267399999579496,4.363720754211274,-44.71315748813869,-43.7131574881387,2000.0,33.74175033762015,0.9816835253515589,3.6905284939877383,0.41968036727553937,0.21033844228250517
10327824393.018978,4091351819.991075,1161431206.1426046,-16.700417517024558,66.35544973673706,-43.551392931952066,-42.551392931952066,2000.0,33.74175033762015,0.9375431203364232,5.208082400721919,0.2826070627322817,0.14163905197432125
9660990544.043295,3924693147.590031,1106469928.028102,3.4766445931396515,45.039557903430925,-255.81119950290085,-254.81119950290085,2000.0,33.74175033762015,0.8230819294494257,5.816157359637204,0.2156886692752093,0.10810040747878978
9896111875.89193,3728656397.567218,1079580882.9131362,-39.57008219994866,12.95642067295064,-180.96975512278067,-179.96975512278064,2000.0,33.74175033762015,0.8090598916997167,4.8136867573587345,0.2670619380203287,0.13384803392354658
10875718534.933342,3761743218.662118,731042433.6336008,-16.381407925198417,54.3469609504304,132.84872902157443,131.84872902157443,2000.0,33.74175033762015,0.8892307820644798,4.610195352397476,0.3076061065799948,0.15416825360368347
10343225976.728224,4011633141.3993497,971789330.6411748,-16.963356917912257,7.222793204093208,-38.64891657441195,-37.64891657441195,2000.0,33.74175033762015,0.9753936735891624,4.534411885351366,0.3433513393945275,0.1720833079533619
10932950114.829422,3788046044.810939,1127493902.3268874,-8.69203097832728,35.09762131509056,151.06610670441418,150.06610670441418,2000.0,33.74175033762015,0.9488596883639954,6.6152139880901615,0.20686194201951055,0.10367656446352368
11051953540.338364,3815768073.637536,805504295.9088956,-8.660161783926279,10.831741748672393,188.9460735336466,187.94607353364657,2000.0,33.74175033762015,0.8260363473166433,5.099318054540713,0.2553097216615308,0.1279579731176915
10208544972.284943,3776738222.216846,945118274.2119716,-0.4293903003495243,-6.155573451367877,-81.51921176987139,-80.51921176987139,2000.0,33.74175033762015,0.9758082367844084,4.587389666079443,0.3393325440024401,0.1700691390082876
10274000010.1874,3785937814.000026,722389933.121038,-10.091773995436887,-32.68631927337804,-60.68422610498421,-59.68422610498422,2000.0,33.74175033762015,0.9827806083578025,3.553928660670349,0.4335744806805064,0.2173019945436442
10826869836.324585,3656577581.3409796,760152575.6377561,-12.066202741880957,-24.059187498471157,117.29970532719467,116.29970532719467,2000.0,33.74175033762015,0.9003775413082497,4.160488187317388,0.3454425531458888,0.17313139758832996
9906883259.719296,3590894419.941805,842099838.6743368,9.631329441875469,6.196411516247991,-177.5411171626499,-176.5411171626499,2000.0,33.74175033762015,0.9244260521973925,4.7227534595210505,0.311599556109617,0.15616971952606493
10804871955.188644,3685588395.342046,962769975.206569,24.638609809625862,20.958495004593754,110.29756228652887,109.29756228652889,2000.0,33.74175033762015,0.8910049370413055,4.862255653142527,0.2908402740179339,0.1457654323624461
10873597374.460726,3912701286.946127,992353466.6784081,26.349435233433795,-80.18544206365861,132.1735426729584,131.1735426729584,2000.0,33.74175033762015,0.7481683788751231,4.311652457602248,0.2772260921982878,0.138942178238159
10239523718.164099,3880603468.7537537,1248846768.768168,-32.64695662716608,-12.401814491786872,-71.65837069496062,-70.65837069496064,2000.0,33.74175033762015,0.9376218125865668,5.5666536669988895,0.26023298025477815,0.1304254474724728
10387883158.115265,3854660520.8868427,903108632.7219533,6.377136663212518,26.6003533720906,-24.434094249814002,-23.434094249814,2000.0,33.74175033762015,0.9846883311647792,4.283301093638115,0.3672558159219139,0.18406392641543076
10514483777.305471,3777577547.341351,723382179.4952632,20.30484141200926,-2.7455001490042865,17.864134435417718,16.864134435417718,2000.0,33.74175033762015,0.9652199843702192,3.474284517189677,0.4337084198406672,0.21736912314079956
10481775086.016676,3824490562.1832585,1213352463.6468532,-7.983891933864205,-40.12398100318035,7.4526346340604865,6.4526346340604865,2000.0,33.74175033762015,0.9549984418051057,5.555916738742251,0.26571189035208226,0.1331714072674332
10386892416.036444,3814711136.9988837,747969027.6975206,12.48097279806668,-36.64827503322993,-24.749457248161065,-23.74945724816106,2000.0,33.74175033762015,0.9762988172317066,3.655939332070632,0.4207158074525976,0.21085739168043152
10507149235.099073,3888201993.361513,766931404.8165786,-6.6962059508668,69.6463992273683,15.529477140488959,14.529477140488959,2000.0,33.74175033762015,0.9753972917952913,3.847828585504808,0.4021598283754532,0.20155737185951197
10518690570.25512,3653019430.1033416,1296738287.4995978,9.938835545223172,-59.74369335615905,19.203198220418916,18.203198220418916,2000.0,33.74175033762015,0.8765754522227285,5.668165972044276,0.23766909213047888,0.11911671480358
11140852942.922228,3664940326.9981265,1168993594.557807,-43.06412963649242,-10.079971564683225,217.2436322519234,216.2436322519234,2000.0,33.74175033762015,0.9350333171476395,7.873300594342897,0.1525797948082995,0.07647104526738846
10936950723.63032,3652352170.44459,916013473.5188993,12.275439136807254,35.578086261620264,152.33954003649376,151.33954003649376,2000.0,33.74175033762015,0.8862793530597357,5.303967475126638,0.26132074310337977,0.130970620325406
10253751471.240942,3780527318.086422,790789951.6525235,-14.049693246122601,-75.87145586749493,-67.12953623241957,-66.12953623241958,2000.0,33.74175033762015,0.9846818872285021,3.990571190852679,0.39286092083221846,0.1968968781121624
10706869135.883493,3713675775.7502213,945771394.9446194,-21.12163548336923,29.41274742430703,79.10229602781567,78.10229602781567,2000.0,33.74175033762015,0.976437137611857,5.165201193876966,0.29725157850114614,0.1489786963203294
10276244189.314562,3886665507.9777975,916829740.0989075,-8.96980165974646,-58.55441391161341,-59.96988170244155,-58.969881702441555,2000.0,33.74175033762015,0.9841094809584668,4.494311120747316,0.3496329091267482,0.1752315505102904
10042568782.851679,3899729546.21913,1242709453.9286563,26.88351282643586,42.536687399234374,-134.35107373759286,-133.35107373759286,2000.0,33.74175033762015,0.9626104271534623,6.087969463597762,0.23694830991967883,0.11875546796130139
10582874398.791384,3839355218.9225283,965267960.8513751,25.674645733142185,107.8530556339181,39.63354537663718,38.63354537663718,2000.0,33.74175033762015,0.9813209502318564,4.864016784210935,0.32019120036822823,0.16047574194434794
10366432730.667105,3697580293.6807785,760266434.282527,6.2896874985404905,-46.695938364980414,-31.261977369431527,-30.261977369431523,2000.0,33.74175033762015,0.9796006236384115,3.735201839555338,0.4145041365729763,0.20774418153607102
9765034316.843534,3789112199.7485914,1274590786.6111205,23.454426639511986,-0.013908795081323694,-222.69303802472442,-221.69303802472442,2000.0,33.74175033762015,0.9657705022195886,7.214184507700275,0.18342371520243692,0.091929624403946
10225094654.208408,3916637089.1549883,1089203775.7439675,-12.012292996988348,17.139812503437415,-76.25128440043507,-75.25128440043508,2000.0,33.74175033762015,0.9557949488475223,5.002711722842434,0.3020602369654533,0.15138873455351387
9841672437.025286,3758621453.8977776,781371804.7718737,-35.39138665890534,-19.85869046796495,-198.29836671233153,-197.2983667123315,2000.0,33.74175033762015,0.8315797947631717,3.9771937187836004,0.3328009494923948,0.1667955872246229
9943356306.024668,3717518415.1731567,779219128.8516356,-52.7176998603798,24.19038838249014,-165.93138594441075,-164.93138594441075,2000.0,33.74175033762015,0.7908848853563751,3.337604764892681,0.36673537130771217,0.18380308621898278
10205206872.301018,3749817442.3918495,993993199.3031085,-1.5591258157717385,-25.49048364177978,-82.58176199582462,-81.58176199582462,2000.0,33.74175033762015,0.979559977553314,4.868543632793431,0.319283642446707,0.1600208855003042
10497454033.859825,3854929729.94027,766381605.2816434,-4.7847816485277175,-19.70074947939858,12.443398737494894,11.443398737494894,2000.0,33.74175033762015,0.978295198991541,3.7021569495677022,0.41711348186894714,0.20905195208653699
10756138439.118372,3762117654.2071037,1094950518.2746756,0.30120542921082755,-29.617288892596818,94.78520233286453,93.78520233286453,2000.0,33.74175033762015,0.9067536652358965,5.3201120436713705,0.2663655868527568,0.1334990316082381
10853302068.128885,3823557502.9603796,1085593610.8584187,1.1706289288296028,0.5410560244989161,125.71334602440507,124.71334602440508,2000.0,33.74175033762015,0.9168836069054287,5.709986171773425,0.2462156140776067,0.12340012249539577
10296421286.165878,3811328425.958394,729846528.3232176,33.26618438281631,21.2723053932575,-53.54731230017969,-52.54731230017969,2000.0,33.74175033762015,0.98296883271498,3.6402264199289776,0.42512545108337757,0.21306744877302425
10302649079.547628,3781451291.301887,1201905914.869712,-26.395077267917994,40.920285246695336,-51.564944097658646,-50.564944097658646,2000.0,33.74175033762015,0.9219211176071488,5.313712951652594,0.271220472303898,0.13593223821707284
10519433206.244986,3676663644.8181915,1189346737.5734725,-22.322021862735586,-1.760458403200247,19.43958659782923,18.43958659782923,2000.0,33.74175033762015,0.9639515423022563,5.598433915663605,0.26559005627926874,0.13311034558551824
10172915486.354403,3547613584.63719,1267590985.92582,52.730249269663965,-39.768596914783544,-92.86042938120858,-91.86042938120858,2000.0,33.74175033762015,0.8746238658257698,6.269570563612862,0.20647347512346814,0.10348186981454041
10671312585.832888,3579273943.497257,1118424037.6761684,20.704799705166288,-16.605477166270557,67.78429462811908,66.78429462811908,2000.0,33.74175033762015,0.8806616478250529,5.106369357795737,0.27175162377269324,0.13619844455235539
10084569273.024591,3691969300.037262,1132156795.2133486,-9.165201480615407,-17.8976800037858,-120.98190249098964,-119.98190249098964,2000.0,33.74175033762015,0.9521539782829205,5.501625564351427,0.26825302612507035,0.1344449920757684
10450703292.38177,3820715009.8098445,810006675.3319508,-57.61594648798958,-13.031113638138436,-4.437824461392572,-3.4378244613925726,2000.0,33.74175033762015,0.9693515957740302,3.9591948194086206,0.3895487791892399,0.19523687500473627
10471037303.158216,3809072315.7574577,724858580.1569211,-24.500252558366125,25.385759212316028,4.034692194517993,3.0346921945179934,2000.0,33.74175033762015,0.9811441676868687,3.585277560764168,0.42973929844036146,0.2153798501662495
10461503536.454012,3803615416.987707,750231611.7219312,-10.834292704599271,-3.1750131456015107,0.030336102899951995,0.0,2000.0,33.74175033762015,0.9858049606220284,3.6352608238275903,0.42683980893737367,0.21392666304331573
10492798932.275574,3628006832.2948995,1297517374.2627826,-3.1533925628069888,5.964954013663549,10.961633882037846,9.961633882037846,2000.0,33.74175033762015,0.9383642690444524,5.884066605817636,0.24208328379740135,0.12132905131382545
9631955452.780727,4133930935.9933643,1103455518.9487646,4.4680252587771765,4.244376168649746,-265.0533560980247,-264.05335609802466,2000.0,33.74175033762015,0.8634592187017194,6.217866016293937,0.2062791005068314,0.10338445173814088
11035693490.817318,3737653659.2908072,1286829375.2268665,-7.184605515281515,-1.3843658956813707,183.77033902125976,182.77033902125973,2000.0,33.74175033762015,0.9077679100441555,7.313565047548209,0.16850714538477432,0.08445363004182362
10403026835.197737,4028796745.147225,923033501.3213104,31.12993462375735,-16.52369771634404,-19.61371212128831,-18.61371212128831,2000.0,33.74175033762015,0.9596364943271957,4.409127130302686,0.34769147507902287,0.17425852855064114
10039677077.982573,3770397556.8219714,1170123699.3372056,-33.97141133472559,30.851641158966338,-135.2715319853552,-134.2715319853552,2000.0,33.74175033762015,0.8462982253312582,5.025229517583538,0.2660727990811429,0.13335229011494304
10217404707.292175,3607084915.5756164,750131647.9665473,-8.805126530472883,-1.510954705423835,-78.6990705281006,-77.69907052810062,2000.0,33.74175033762015,0.9666053141049963,3.6407307044019186,0.4179998327348705,0.20949617982505228
10564235142.82598,3886139090.2806067,811506561.0710264,-19.851379610309873,-2.477997595442529,33.70048593173873,32.700485931738726,2000.0,33.74175033762015,0.9797246274093447,4.055864958106651,0.3850503560100064,0.19298232273585145
9875099029.994053,4067981923.7252903,879044140.453217,20.665309719968693,-42.338520513832115,-187.65835170893135,-186.65835170893132,2000.0,33.74175033762015,0.9028971397929706,5.168678426117689,0.27464420172551773,0.13764816769458274
10837678185.402092,3610383814.0677714,1045370224.4971255,3.997768985895189,-25.966570595899388,120.74010969189061,119.74010969189061,2000.0,33.74175033762015,0.8699705080147396,5.2249427313616215,0.261222304909121,0.1309212843591422
10923952419.03764,3585354533.3684754,1049687287.3395318,21.055752755437883,-21.909949209296116,148.20205118101555,147.20205118101555,2000.0,33.74175033762015,0.7947693148678967,5.124839691344267,0.24420644529605443,0.12239315275187931
10268413145.937195,3707775894.0936246,1014117338.0669495,1.2032767643480426,24.068643837076564,-62.46258022859158,-61.46258022859158,2000.0,33.74175033762015,0.9670252316488278,4.739213919930806,0.3247255147133941,0.16274828240739808
10978056176.211946,3615424102.6404567,968744786.4049386,103.71611061871724,-67.61900007194038,165.42381196928463,164.42381196928463,2000.0,33.74175033762015,0.5222832887281535,3.2556376826640596,0.2467984125202427,0.1236922136346228
11321343247.511463,3872115900.645286,1060826806.6130601,19.15150485146584,30.27161930070987,274.6954805630006,273.6954805630006,2000.0,33.74175033762015,0.7386085116911895,6.839024366169886,0.15293675513811955,0.07664994922760565
10161253969.926596,3625398728.2225184,1298857466.1719592,-21.95071828171402,6.215998160669578,-96.57240534807418,-95.57240534807418,2000.0,33.74175033762015,0.8962269534040554,5.707234112774233,0.2408211298377521,0.12069647586237713
10202490096.595335,3562148839.319376,989211559.2049253,-1.1070695762159313,-26.7813353816951,-83.44653856148739,-82.44653856148739,2000.0,33.74175033762015,0.9730077788523271,4.860158544447933,0.31776090072484603,0.15925770678919587
10212375826.111609,3690316198.1918097,1220200749.0281634,-12.143919037016081,-32.40386352035464,-80.29981312431863,-79.29981312431863,2000.0,33.74175033762015,0.9553734184447074,5.684359345967712,0.2580698200884106,0.12934129921279836
10629739906.719368,3734756552.7671037,744331222.833511,20.200235638177208,21.220144582335305,54.551299871139385,53.551299871139385,2000.0,33.74175033762015,0.9486773106688136,3.6721060948411655,0.4072938986253474,0.20413050232530452
10401042870.599733,3612048867.5368943,945075297.7162925,26.15579484837848,9.592059651482838,-20.245227666671436,-19.245227666671436,2000.0,33.74175033762015,0.9697594320806803,4.484622853257845,0.3453040936306715,0.17306200344692885
10800461978.25594,3630316584.0760894,1051567121.5584826,9.788564766850511,-77.07563595680458,108.89382303100643,107.89382303100643,2000.0,33.74175033762015,0.7979657370624511,4.6924116305889365,0.27085888167831523,0.13575101361173147
9876997859.046812,3865195858.301717,1087990473.1767092,-5.869708712873401,-26.15304057701475,-187.0539356492651,-186.05393564926507,2000.0,33.74175033762015,0.9414085288742845,5.8373036475721936,0.2454978899981161,0.12304040834948819
10192406589.568226,3602821256.9236374,862535429.1393193,-19.447724154740854,-35.097180379669844,-86.65621853561996,-85.65621853561996,2000.0,33.74175033762015,0.967225789547906,4.2098540417592085,0.36689556629408593,0.1838833739010444
10208983789.93613,3677491221.975094,953418701.6688281,43.97450580634146,-1.7828484357594094,-81.37953177326634,-80.37953177326634,2000.0,33.74175033762015,0.9741629287910343,4.935750355760645,0.3126486538782903,0.15669551393455083
11160940636.439909,3750021661.09613,1286889956.2373579,30.42890945512145,-24.05863676891754,223.63774368923134,222.63774368923134,2000.0,33.74175033762015,0.6846395472336957,6.304107650007058,0.16034344747206622,0.08036208886878471
10186879464.487116,3609589833.0146084,1105360817.8677828,-82.41727466271963,19.135909391425503,-88.41555709111165,-87.41555709111165,2000.0,33.74175033762015,0.8011460873382193,4.477556371187838,0.2857301563878214,0.14320430664390008
9956431320.523527,3655390860.649868,1066465333.5532794,1.2187635324435173,-19.554302494172635,-161.7694795674274,-160.7694795674274,2000.0,33.74175033762015,0.9578295570861465,5.6758168027501,0.2592427109298496,0.12992913712896592
10048996680.071627,3677330049.405862,750070608.7428561,-24.050234059809828,-9.863025422705228,-132.30501050511018,-131.30501050511018,2000.0,33.74175033762015,0.9128017220760123,3.6816689334576926,0.39102953131006846,0.19597900906386204
10193049863.50746,3834272496.9641085,742081125.9215945,-11.0904445205423,49.964817146174475,-86.45145808123745,-85.45145808123746,2000.0,33.74175033762015,0.9354903410973047,3.4284607300256766,0.4248085360126926,0.21290861498545285
10461503536.454012,3666615228.023978,839022068.6882771,46.659045020154366,-8.464147138724455,0.10624745722996944,0.0,2000.0,33.74175033762015,0.9388890579024591,3.9880087958054617,0.37481192342848485,0.1878509510336393
10578246506.091236,3911816808.7752624,794226208.2726946,-32.165876736851686,-18.639802250553924,38.160441377982394,37.160441377982394,2000.0,33.74175033762015,0.9778008060031385,4.015511086032327,0.38788169281498863,0.19440135259660754
10256932347.832447,3785834784.8943934,1309261051.5167387,-29.5548537325356,2.4452885890766316,-66.11703176661291,-65.11703176661293,2000.0,33.74175033762015,0.920202242869091,5.738566972521389,0.24548592128498137,0.12303440978326212
10332014942.234474,3988812171.5321856,711986674.125917,67.97988096880673,-50.253270029907824,-42.21749968811994,-41.217499688119936,2000.0,33.74175033762015,0.849488917008051,3.6020099652569364,0.3706437836415495,0.18576193258445342
10382541242.141685,3990292378.2083383,933054513.3734787,-13.704503029207995,-62.06646679554124,-26.134478915367435,-25.134478915367435,2000.0,33.74175033762015,0.9804609576403278,4.45222983632642,0.3517283064354862,0.1762817368908068
10566751455.545876,3714644222.928334,745884061.5462574,-6.971196299428802,-0.3476865176419879,34.50145314721175,33.50145314721175,2000.0,33.74175033762015,0.9755978684662456,3.708803458105022,0.4153273173850469,0.20815674925004776
9894488306.17151,3780230547.959715,1099978547.3197646,31.556988037745608,-22.503417405006,-181.48655341569867,-180.48655341569864,2000.0,33.74175033762015,0.9654048533258305,6.350878434008083,0.22367715715290545,0.11210413561907731
10873639036.456776,3759275662.6636443,738645404.2660539,-14.517167347440378,-55.688155198715435,132.18680409817924,131.18680409817924,2000.0,33.74175033762015,0.8570291508153984,3.9438727601850525,0.3456275224045573,0.17322410181938813
10466257238.808441,3696253639.2082257,751964666.3747718,0.7502412586765009,37.05035186876159,2.5131504553898174,1.5131504553898176,2000.0,33.74175033762015,0.9864943477912115,3.666906190068971,0.424037223572206,0.2125220430371431
10662649783.38298,3726186481.7907014,758986346.5546238,6.642294862102584,27.471981739061597,65.02683896625642,64.02683896625643,2000.0,33.74175033762015,0.9569856087996197,3.910785826837781,0.38889004338300687,0.1949067250283191
10110874395.040648,3882959372.1656933,875787936.6823573,39.12072755223187,9.214375094207904,-112.60872209600811,-111.60872209600811,2000.0,33.74175033762015,0.9682824053521109,4.68187182700131,0.3294692275327586,0.1651257707124576
9977518275.935535,3760694758.5817595,1061224323.339765,-45.22702700811919,-20.70566034120974,-155.05729319026835,-154.05729319026835,2000.0,33.74175033762015,0.8655028555471714,4.853685185370669,0.28307400310279934,0.14187307652688988
10039682881.955078,3778348903.6862655,1200703963.9233236,-23.38145491469079,-7.593026041748365,-135.26968452352753,-134.26968452352753,2000.0,33.74175033762015,0.9113438198390428,5.562162586726133,0.2532013367354522,0.12690127750916871
10204510832.175844,3835822138.7088127,872991198.6330726,-3.677549178007874,-22.46163276402611,-82.80331844884797,-81.80331844884797,2000.0,33.74175033762015,0.9784450313092891,4.310700648852648,0.36263220212700176,0.18174663020819784
10959086884.487038,3785594936.7638016,882720150.8938582,25.331549958531706,34.06374763772189,159.38569887934176,158.38569887934176,2000.0,33.74175033762015,0.8419511054994508,4.903018186911176,0.2722607602075512,0.1364536172336807
9763486769.276373,3816111517.3371987,1212292348.5797024,-17.96894536163972,-56.56284477889655,-223.18563771469164,-222.1856377146916,2000.0,33.74175033762015,0.9436287567703042,6.719003725638614,0.2008633931275265,0.10067016833857224
10286007303.811544,3852369462.8917584,1164477800.3035417,12.871327493217223,10.800938142033049,-56.862185838107706,-55.86218583810771,2000.0,33.74175033762015,0.9757266301842461,5.447112535918333,0.2783664587708063,0.13951371540596053
10496253353.65071,3812150484.7247868,787524073.5907017,-14.345002235459136,0.7636138162087431,12.061210356788056,11.061210356788056,2000.0,33.74175033762015,0.9849933210604433,3.8475536911030517,0.40614201258644045,0.20355319174801087
10457150196.444075,3740497785.2250113,1201252113.5624201,-11.01955346067446,-44.574630244453516,-2.3857111630823065,-1.3857111630823067,2000.0,33.74175033762015,0.9519298719502879,5.490130212233204,0.2689007008503162,0.13476959837960467
10577430460.840313,3519353348.0085187,1216413569.4797492,35.544485613827284,24.438826900905298,37.90068610704022,36.900686107040215,2000.0,33.74175033762015,0.8956195199264929,5.462209787244474,0.25462589684453063,0.1276152488493735
10317870217.799263,3873986928.8561645,818581665.7446116,-6.580837388369702,-13.3752544579951,-46.719905313193095,-45.719905313193095,2000.0,33.74175033762015,0.983747516494154,3.932811933371392,0.3977429180638694,0.1993436727992695
10357041619.312927,3704892329.007183,1092025529.872034,82.62384454627953,73.76576438762689,-34.25126095571906,-33.25126095571906,2000.0,33.74175033762015,0.9485253489314824,5.189655241762873,0.28713320429664196,0.14390749634396838
10584691545.30129,3958093227.5086694,830099614.8023858,10.023176973268978,46.335091515085566,40.21196107538488,39.21196107538488,2000.0,33.74175033762015,0.9726307193803363,4.136311401120257,0.3752466657464014,0.18806883833329663
11394030216.828468,3575305457.7621293,858562361.5637455,31.40937559204173,-2.1652217017726554,297.8324614933412,296.8324614933412,2000.0,33.74175033762015,0.5693689369322114,5.244735272649047,0.17018459379009407,0.08529434576763831
10470616514.709274,3812037997.4275675,1011084887.2499764,20.70171098903229,-14.81325425036118,3.9007510712277527,2.900751071227753,2000.0,33.74175033762015,0.9572088581596667,4.72525871150617,0.32246370371026806,0.1616146916077536
10299678930.958746,3752499885.5571904,1028262883.5093156,-43.40971364619228,-26.8778525956927,-52.51037175693477,-51.51037175693477,2000.0,33.74175033762015,0.9537977371274134,4.700534269416334,0.32314903309936005,0.1619581699483961
10282761256.668558,3612755592.6567564,1001969178.8649507,-42.96962552599377,-28.415911157725947,-57.8954347347389,-56.8954347347389,2000.0,33.74175033762015,0.945490636658073,4.5729550342280785,0.3298843622798672,0.16533383094794354
10512014879.20724,3647816871.3484097,1039782773.0026997,13.591407836255266,12.463046516255499,17.078259762770028,16.078259762770028,2000.0,33.74175033762015,0.9603852040416868,4.877979623164636,0.31235430665798114,0.15654799086547824
10307754989.11562,3962123380.1329412,840097420.4641906,-30.84989976780846,-56.51921881254393,-49.939682604206624,-48.939682604206624,2000.0,33.74175033762015,0.9818947699219283,4.022659229623894,0.38886515024106627,0.1948942489033736
10112129215.760252,3700785201.0944667,1184345481.263242,-15.279587024827762,38.33404445885145,-112.20930025556973,-111.20930025556974,2000.0,33.74175033762015,0.8926031910513268,5.242868890701029,0.26691411819844835,0.1337739485159431
10623638078.657856,3798594710.1361127,879479508.4985332,-9.388335102349915,27.56902998654538,52.60902767536644,51.60902767536644,2000.0,33.74175033762015,0.977868805240993,4.5192099363253355,0.3454296387344993,0.17312492505021174
9965623436.460186,3692907141.253958,1265992792.0519753,-25.581377048037286,-5.268455995407946,-158.8435381898413,-157.8435381898413,2000.0,33.74175033762015,0.8772025006733205,5.830297723181398,0.22912373949819811,0.11483389315743768
11162866071.106508,3750810549.1021795,1023961592.0928949,33.011244138476094,29.593957803017368,224.2506285788109,223.25062857881088,2000.0,33.74175033762015,0.7515367002797398,5.892774347235237,0.1934963418653849,0.0969778962965092
10907484016.910114,3678543185.145657,895209297.0688614,21.734250385764042,90.66095284823419,142.95999597417406,141.95999597417406,2000.0,33.74175033762015,0.9132428630952062,5.4128003336944435,0.26260697290039337,0.1316152622791802
10778811086.957132,3733400901.280123,816486108.6219798,4.876033988633286,11.722414114880525,102.00213028590551,101.00213028590551,2000.0,33.74175033762015,0.9213801387593906,4.336882246374243,0.33943031076072205,0.17011813845941162
11346480113.196815,3787526826.435048,1005725997.876747,15.657060963782612,67.83941525982651,282.69679341832233,281.69679341832233,2000.0,33.74175033762015,0.7551980061389761,7.191783745878839,0.14417251020870003,0.07225742155659803
10812870210.22889,3624871392.262872,939419194.1518134,-25.29896513044741,-11.568585818526037,112.84348593805821,111.84348593805822,2000.0,33.74175033762015,0.9516920744664126,5.282473210178157,0.2820000151014464,0.14133480745154292
10038250055.589657,3969021782.609339,1089678931.4348776,24.39497171074677,-23.906879563978794,-135.72576732082592,-134.72576732082592,2000.0,33.74175033762015,0.9721447791692619,5.7907712819691515,0.25624406777828335,0.12842625546319708
10040539294.927511,3824725800.596436,1013796558.3827368,-23.731333839144483,39.52181701085389,-134.99707980774605,-133.99707980774605,2000.0,33.74175033762015,0.8715129671781671,4.517335807288373,0.3079925933153918,0.15436195582143072
10430749629.01538,3891928304.9536495,732816665.7627785,43.54836754073576,-75.57278219134596,-10.789272776497313,-9.789272776497313,2000.0,33.74175033762015,0.8865374962070852,3.5508025675196087,0.3913964228356714,0.19616289041262028
9881392452.575293,3788034036.8573136,1217536064.749563,-18.632703903391587,37.86076580141915,-185.65509308339043,-184.65509308339043,2000.0,33.74175033762015,0.829092814272,5.513242636875276,0.2329586749743497,0.11675591385986918
10381463331.878866,3824328387.8654265,741775293.9819392,-15.478315928664022,-0.03230992409276136,-26.477588408441786,-25.477588408441783,2000.0,33.74175033762015,0.9840348064961046,3.5521717850793353,0.4343034524092633,0.21766734586777237
10633405626.054365,3788561425.08706,1214187681.663015,32.49359682819223,-18.94979775558542,55.718134575444054,54.71813457544406,2000.0,33.74175033762015,0.874425626836332,5.381184548119502,0.25328205560222083,0.12694173277470602
10380722847.938156,3832047986.4431753,1205149125.2542377,18.113170174348838,3.3899503414528835,-26.71329176733013,-25.71329176733013,2000.0,33.74175033762015,0.9654682785268988,5.556386819263225,0.26859586793658585,0.13461682001485362
10506296753.573376,3829386890.4282303,1272872591.3551655,-26.63883209186255,4.39300624081156,15.258123843070338,14.258123843070338,2000.0,33.74175033762015,0.9649295507822744,5.934170178870685,0.24608128667455437,0.12333279931585964
10211134935.909924,3982274597.5656395,1114828464.894967,16.844946125249194,49.22282075234191,-80.69480074318355,-79.69480074318355,2000.0,33.74175033762015,0.968607433213841,5.2127979981926025,0.29165404071638823,0.14617328184286243
10995853108.673512,3774647846.391889,808108297.7771357,-0.017347172952808017,33.21271553341279,171.088751515546,170.088751515546,2000.0,33.74175033762015,0.8544658373672434,5.0314892757538034,0.2682537341676757,0.13444534693768306
10121873580.824808,3731366842.8154926,979378691.869444,0.512316681237318,7.926916643169905,-109.10757252093757,-108.10757252093757,2000.0,33.74175033762015,0.9580481312637563,4.7836450401884765,0.318436486963761,0.1595963019873543
10619840196.885973,3845600893.6018734,977858568.1794246,17.299070871992456,-8.701467660034305,51.400124360818864,50.40012436081887,2000.0,33.74175033762015,0.9368955792008966,4.619658050165417,0.32338910521266545,0.1620784910267347
10170591404.223246,3853374898.656009,1095304129.4447525,17.236408821045906,-37.26642698515062,-93.60020769985891,-92.60020769985891,2000.0,33.74175033762015,0.9777102797698043,5.529897111436429,0.27366576423888234,0.13715778731737874
11009790164.260626,3851787494.9339123,942366124.3330203,28.47229519648344,7.855414071177321,175.5250540932175,174.5250540932175,2000.0,33.74175033762015,0.7914943918137618,4.978414831743633,0.2515395958583542,0.1260684341959706
10605590861.072744,3564712525.2139482,1121694389.480125,13.517576804082308,-101.60058856871031,46.864419899915454,45.86441989991546,2000.0,33.74175033762015,0.8126467000919868,4.789607174254956,0.2697373327439452,0.13518890760393693
10437458560.440517,3746358054.3083267,834461202.0928396,9.182359570789076,38.109752253285755,-8.653753578147235,-7.653753578147236,2000.0,33.74175033762015,0.985503814670936,4.00240562666433,0.3921188741396063,0.19652497378306982
10154969400.60681,3721499907.5477953,925448418.6353995,-2.7505808294043845,-0.04323948531974347,-98.57284589296943,-97.57284589296943,2000.0,33.74175033762015,0.9637577104701796,4.518200557286743,0.3405240655882224,0.170666314415673
10891668731.596872,3807850918.448849,1041105392.8628024,41.831408181416286,-65.56870502903921,137.92583430615184,136.92583430615184,2000.0,33.74175033762015,0.7094436896542305,4.363783812296457,0.2597404262353419,0.13017858568605956
9899043420.412941,3833262539.3517666,970685445.6507746,-21.662585668805225,22.28751283799882,-180.03661551995484,-179.0366155199548,2000.0,33.74175033762015,0.8480473752368594,4.606698967003793,0.2935960562686316,0.14714659524515245
10297679016.389252,3881949311.333628,784912696.6002324,53.42781468733527,-35.070920506592984,-53.146964335927784,-52.146964335927784,2000.0,33.74175033762015,0.9199491365546407,4.034006668504587,0.36338178110891683,0.182122309624529
10643324737.604282,3581018234.280611,1298349525.8615649,60.994063284075565,-18.387033243075326,58.87548584394253,57.875485843942535,2000.0,33.74175033762015,0.7636658460727728,5.311937772374263,0.22475511827438177,0.11264439597150779
10048648447.029459,3989765471.3465724,1131202845.2868838,60.62093661665813,-70.46920822783963,-132.415856525128,-131.415856525128,2000.0,33.74175033762015,0.7904579383489486,5.901455389657588,0.20311089803076382,0.10179658910358949
10428889314.9523,3732403638.7024074,1217499722.4312904,-3.7219231885550346,-29.548187482490103,-11.381429134182968,-10.381429134182968,2000.0,33.74175033762015,0.9528918837717366,5.553974593544551,0.2652443663699175,0.13293709021615763
10068425745.634699,3772933547.8006434,927950734.3365637,58.86731501079028,6.291725331342471,-126.12054685707125,-125.12054685707125,2000.0,33.74175033762015,0.9493252488564548,5.198303643917291,0.2868036455999773,0.1437423257324692
9685097423.786852,3802170872.4750094,1285605145.026777,32.204485280824315,-3.3327212363637497,-248.13774135548292,-247.1377413554829,2000.0,33.74175033762015,0.9659790348309281,7.643081277372065,0.16621092752727606,0.08330279496601853
10200050002.29597,3971981255.107454,1204964924.8584116,30.094536731944117,11.400105685034907,-84.22324470019569,-83.22324470019569,2000.0,33.74175033762015,0.9794858016876539,5.82485188726757,0.2561609683147069,0.1283846070729313
10643645571.986095,3928347904.6521225,1306677324.3567345,92.08464041179413,-28.854685731101018,58.97761059950129,57.97761059950129,2000.0,33.74175033762015,0.6932053336158498,5.1000694991860795,0.2142174995239831,0.10736307598097661
10607871552.226028,3648548018.2326303,830495745.1447389,5.734470539516311,22.12701417548667,47.590386441337685,46.59038644133769,2000.0,33.74175033762015,0.9675478251576237,4.147751715371854,0.3723036290363061,0.18659382590610044
10263458343.098536,3858104017.004913,1000834276.2602098,16.213112738808654,-58.537140415100694,-64.03974295622834,-63.03974295622834,2000.0,33.74175033762015,0.9655447363063895,4.987163401276878,0.30623587098749,0.15348150901765836
10364727889.90432,3661043374.026252,945234653.7471344,-34.84174814057323,-22.618159337967324,-31.804645038595094,-30.80464503859509,2000.0,33.74175033762015,0.9700185219201101,4.416072172691135,0.350891469039224,0.17586232467117835
10752924200.78314,3686683055.2971063,1084078330.9778354,-61.74361090309639,-104.74832485027852,93.76207849420932,92.76207849420932,2000.0,33.74175033762015,0.9502129612310102,5.588362288034249,0.2624126223343602,0.13151785625663615
10693956592.40752,3697802236.7709904,862658045.8336822,8.328984200539919,-12.391299646005844,74.99210578363541,73.99210578363541,2000.0,33.74175033762015,0.9245357138010696,4.238346438207525,0.34840874590527937,0.1746180155318142
10235033044.558764,3675423606.2238393,771485713.8049778,12.27102120577172,-21.901745736368078,-73.08779649916345,-72.08779649916345,2000.0,33.74175033762015,0.9850338838420332,3.935585474743759,0.39800875231552424,0.19947690553245978
9677499889.540684,3925107196.4412403,1000497654.4886875,19.985103184385167,-8.026143051190477,-250.55611161665814,-249.55611161665811,2000.0,33.74175033762015,0.8985337983145941,6.12524206917465,0.21928564915366527,0.10990316787348609
11417028547.47564,3829956452.9371653,1099650612.470765,8.787857552463189,22.106445293007724,305.1530575040594,304.1530575040594,2000.0,33.74175033762015,0.7369957481075582,7.547154244433702,0.12964314496637216,0.06497548918443549
10215224846.681305,3685592929.8323183,944118298.3870494,-55.27781900238934,51.30955472510804,-79.39294171104328,-78.39294171104329,2000.0,33.74175033762015,0.8644337348909426,4.044386706954991,0.3406379546321983,0.17072339415056373
10532217116.363571,3931929157.9759765,1311507316.4186099,10.76116556612457,-46.923662272190164,23.50883157266002,22.508831572660018,2000.0,33.74175033762015,0.9140302480101807,5.839217154017486,0.23825326050112683,0.11940949253323761
10196367429.878542,3566428827.6627336,957496569.4482939,31.628832417058184,-9.990862964903707,-85.39544390725108,-84.39544390725108,2000.0,33.74175033762015,0.9800455367476527,4.945278759967897,0.31384728726506045,0.15729625368579947
10166390281.771748,3840897474.7284136,892853990.5931478,44.17727266744604,-77.79465255842662,-94.93746650923943,-93.93746650923943,2000.0,33.74175033762015,0.8738641581798767,4.79645857934775,0.2895996742707751,0.1451436596071289
10446235818.628717,3778001453.836412,1205848184.9434664,-26.19132804618239,71.57825174141651,-5.85986552325555,-4.85986552325555,2000.0,33.74175033762015,0.9316581815652937,5.6025059087204445,0.256451953314752,0.12853044504013092
10818716375.176994,3900958561.385166,994453824.9276509,-24.621753111572087,50.75447004770999,114.70437803730114,113.70437803730114,2000.0,33.74175033762015,0.9390638478011442,5.782775867509687,0.24798050186441545,0.124284661722929
10957059029.48351,3724221423.843954,876659584.2580411,-19.13601200146144,17.838475553265827,158.74021258397136,157.74021258397136,2000.0,33.74175033762015,0.9032358887060322,5.495381770601332,0.2548373077131546,0.1277212052777779
11132766081.411455,3863261117.5948343,884741482.3301783,-17.622506208347335,47.33324043062574,214.66950428484526,213.66950428484526,2000.0,33.74175033762015,0.8020648275778336,6.082062467349401,0.19769843216945096,0.09908393031145606
10046959749.741241,3800508425.8342147,1286981051.2859733,-45.03790609442124,33.43716317478412,-132.9533855667394,-131.9533855667394,2000.0,33.74175033762015,0.810284761792678,5.268441456171443,0.24087599743882795,0.12072397480357609
10531744855.87267,3915757845.361511,1295858531.8811812,-18.93623424581788,-25.442085084059414,23.35850638955192,22.358506389551916,2000.0,33.74175033762015,0.9652994971621526,5.987713875861363,0.24315919244100348,0.12186828299054807
10648471613.285625,3623086252.091972,1103769394.9883428,44.35690630572882,28.052040365528622,60.51378725627297,59.51378725627297,2000.0,33.74175033762015,0.8926591625275055,5.046356527039036,0.2792865455655082,0.13997485116129416
10555657014.414694,3980758327.3221593,880039376.8411772,-29.458946379175128,46.03126747672277,30.969982853472533,29.96998285347253,2000.0,33.74175033762015,0.9618287157646737,4.480486522912398,0.34280653048677934,0.1718102566840321
10936041403.586521,3713645976.2316613,1143424494.4016237,-52.110821728447824,31.574695351120507,152.05009447684762,151.05009447684765,2000.0,33.74175033762015,0.9099318423695749,7.092572114814653,0.17772628036032173,0.08907414279665465
10358958382.499233,3740237470.24805,842292172.6170088,-7.66051620462298,-3.5471928674836986,-33.64113628404472,-32.64113628404472,2000.0,33.74175033762015,0.9837510625841476,4.012816004117249,0.39048433321483644,0.19570576273873386
10014752130.799889,3715295204.895338,906412351.4348865,-14.092342180567975,-15.335900254167223,-143.20538908621234,-142.20538908621234,2000.0,33.74175033762015,0.9323269847018638,4.5887350731687535,0.32411172856297465,0.1624406606246306
10075083229.685425,3900376889.018986,1040145219.7410762,18.993124365706127,93.60109677284419,-124.00140386661428,-123.00140386661428,2000.0,33.74175033762015,0.9156322692299951,4.807418089692709,0.3026769025481632,0.15169779947098538
11018882840.446732,3642220112.190752,954546973.3172287,-20.74316275012212,10.682479131113913,178.4193428151229,177.4193428151229,2000.0,33.74175033762015,0.9066999359290369,6.138690301586771,0.22059443637814036,0.11055911532192747
9999809155.241352,3650649893.3651233,924031697.8680156,-5.072177801288174,21.547465313664926,-147.96188593549726,-146.96188593549726,2000.0,33.74175033762015,0.9092628290268983,4.559670270251417,0.31821629162045545,0.1594859428923854
10728287699.439833,3749910829.6940637,1303406744.3162208,-23.483571372898176,-55.3341434124412,85.9200365556543,84.9200365556543,2000.0,33.74175033762015,0.9200314391659484,6.215705452174397,0.21990349055385955,0.11021282209566986
11147168018.642395,3730824983.3839684,813942537.9473772,-27.220734978775,26.940088592855478,219.25378328565182,218.25378328565182,2000.0,33.74175033762015,0.7921526393839772,5.820098479049372,0.20739535515954907,0.10394390431956002
10896006152.811455,3789737481.7718387,1084007439.6092324,10.27806153740579,9.743597642287323,139.30647835929673,138.30647835929673,2000.0,33.74175033762015,0.893889919965773,5.740499398033019,0.23836039702676617,0.11946318799214323
10800889641.246532,3689962987.018387,733779663.8433912,3.3542212524097184,-34.001169869944654,109.0299523888671,108.0299523888671,2000.0,33.74175033762015,0.8732966387164577,3.7225818682737133,0.3705984527046725,0.18573921329760232
10461503536.454012,3874531481.6327963,766153759.7224948,-1.5778348799902255,50.87704689449067,0.7712995887362877,0.0,2000.0,33.74175033762015,0.9827266905265374,3.7349647924438214,0.4158495848540152,0.20841850303803347
10824490267.26315,3700826723.9819574,838168204.4811662,14.385703981164902,-0.10625019666679555,116.54226497008261,115.54226497008261,2000.0,33.74175033762015,0.8799809799379653,4.32563434911353,0.325019823719851,0.1628957863241758
10998491284.959229,3719194928.283048,1314092973.3677363,-23.161004430751245,25.57411514313757,171.92850910878533,170.92850910878533,2000.0,33.74175033762015,0.9689700856986543,7.870787991906707,0.15820914022799334,0.07929240132541718
10551003237.673582,3951330629.209805,1152590953.0516818,0.45171029713878025,18.172154227408235,29.488639708684477,28.488639708684474,2000.0,33.74175033762015,0.9774873791152411,5.475669745860281,0.2770410879917699,0.13884945649168487
9814807323.318554,4114510170.5961485,1238810982.7831638,5.615545054794276,-27.586333194601576,-206.84979799863592,-205.8497979986359,2000.0,33.74175033762015,0.9541546778121998,6.723012177910609,0.20291659494801814,0.10169920687906293
10706173004.93399,3784671552.340224,740441838.8893813,32.92625050768648,11.417902324742434,78.88071066451037,77.88071066451037,2000.0,33.74175033762015,0.9021176088178459,3.586217204922285,0.39504033382982995,0.1979891720833666
10303998355.757164,3790268184.4584637,1125201533.69439,-52.98896079076479,54.61246978855097,-51.135456140970874,-50.135456140970874,2000.0,33.74175033762015,0.8733505624089714,4.897408519412101,0.28277938935645414,0.14172541987837056
10436803441.241959,3619912109.1950445,978165313.8316923,-9.96124850012373,-43.62403743409974,-8.862284495677306,-7.862284495677306,2000.0,33.74175033762015,0.9663538281939456,4.593133803911135,0.3356006482548698,0.16819876050237745
9577609214.811728,3762680299.6506314,963847493.7372209,12.407780961763068,-40.90597453190973,-282.35230092045424,-281.35230092045424,2000.0,33.74175033762015,0.8877594858570145,6.4375184504359595,0.2016245803413063,0.101051665652519
11141707895.05494,3832988156.397196,1141528412.709917,-16.283225444213464,-35.97048719535987,217.51577196797936,216.51577196797933,2000.0,33.74175033762015,0.8427065467665737,6.791330859911805,0.17641815743570163,0.0884185282868199
10089556585.761513,3944720319.9653683,898031211.1598876,2.402428875577647,29.211903715658547,-119.39439154133724,-118.39439154133724,2000.0,33.74175033762015,0.9387433175889691,4.354191165959395,0.34445123159057417,0.17263455988038676
10914882641.790676,3781019058.0957026,1022934185.4683043,19.023223922715047,-18.244913212258886,145.31505141782225,144.31505141782227,2000.0,33.74175033762015,0.824572873896744,5.089126550122259,0.25545616531237,0.12803136880593785
10667000315.684631,3843996979.596006,869053909.7164962,13.248690671890953,11.596496260220277,66.41165640803386,65.41165640803386,2000.0,33.74175033762015,0.9446441742389761,4.29716429391253,0.35119782786907355,0.1760158678056079
10492130843.754486,3911061283.568551,948616810.1812013,-48.365169805816684,45.04909059225309,10.748974700929741,9.748974700929741,2000.0,33.74175033762015,0.9375725576803396,4.675882066704243,0.3194601421622294,0.16010934490446288
9410567019.348862,3785073601.0846896,1035024757.4919903,-33.87432212939132,-44.42861428265647,-335.5234831461296,-334.5234831461296,2000.0,33.74175033762015,0.7771487463567696,6.2615365784815715,0.18380211010818448,0.09211927109997627
10727847153.103815,3639398915.4475946,806438472.3492814,-79.05996153819304,58.10671888578536,85.77980630157785,84.77980630157785,2000.0,33.74175033762015,0.7780553329491897,4.759433606959872,0.26005614662090265,0.1303368207126985
11138226027.858248,3758272299.4923596,878468047.5295517,18.08589447643483,1.1127067649333675,216.40745921689341,215.4074592168934,2000.0,33.74175033762015,0.7420474857562511,5.117247062170259,0.22840572835794964,0.11447403514034299
10021875553.863144,3904072338.7547755,966274306.2097112,5.731555674463044,-6.948172027362889,-140.93793310170852,-139.93793310170855,2000.0,33.74175033762015,0.9566083390979652,5.014883510196367,0.3014711873557616,0.15109351040916327
10755149554.341185,3729008359.3225684,998142288.4720184,37.46699933042543,60.31170362936399,94.47043053198914,93.47043053198914,2000.0,33.74175033762015,0.9203980524599749,5.024905250768963,0.2893910969130588,0.14503912329821778
10543426787.272991,3910454858.443485,1197389039.875646,1.2809264592195724,17.99600975436112,27.076980643995253,26.076980643995253,2000.0,33.74175033762015,0.974066972594546,5.639297114916292,0.2658637380248301,0.13324751138247043
10466749091.248585,3973473688.89903,1101768268.2499092,-32.15035655746449,-51.93709419708502,2.6697119496311417,1.6697119496311421,2000.0,33.74175033762015,0.980866471486978,5.166338639861606,0.2985217820488516,0.14961530612254742
10430878124.752789,3708310182.3847737,1052780920.2209164,29.813895883747183,-2.3818540938810933,-10.74837131294797,-9.74837131294797,2000.0,33.74175033762015,0.9535857818380178,4.9115129791842875,0.3077573750581207,0.15424406743377037
10517860697.00557,3839708584.9932165,1239924733.8213375,-37.082889568398336,-30.485719435425672,18.939041360807725,17.939041360807728,2000.0,33.74175033762015,0.9693337206793515,5.804386937365788,0.25470333251799143,0.12765405862033938
10371689407.656576,3632541029.0330243,830468111.3206282,-0.258798084848497,10.435201603370082,-29.58872511520792,-28.588725115207918,2000.0,33.74175033762015,0.9821667620304444,3.958768673276483,0.3947374811757983,0.1978373861994958
10330434660.665407,3731028840.2290497,773684082.4205731,-5.974737250164254,-18.60320257347372,-42.720518934508,-41.720518934508,2000.0,33.74175033762015,0.9855850872166554,3.740443575018209,0.4165333374488185,0.20876119110950841
10171065963.493223,3872623240.961657,950030016.2718177,21.547544303849175,-13.435722097114745,-93.44915079264489,-92.4491507926449,2000.0,33.74175033762015,0.9806293356172947,4.856869857433929,0.3204925180668937,0.16062675852818503
10608411206.8868,3742452953.8149734,793840921.5512079,25.287996241525054,37.77405301589903,47.76216385498668,46.76216385498668,2000.0,33.74175033762015,0.9573745452643396,3.9002102839474064,0.38999662424803044,0.19546132923084514
10722742145.925543,3610577058.26618,1048817959.08527,-12.031971176255665,-66.86951748837895,84.15483204769458,83.15483204769458,2000.0,33.74175033762015,0.8896528524575172,4.970100176739946,0.2832765065130224,0.14197456865085967
10835892278.880968,3793700376.0731125,1059571481.7340894,-20.67853758866389,11.029203462654662,120.17163799041678,119.17163799041678,2000.0,33.74175033762015,0.9604683180905477,5.958214202214711,0.2435912161204265,0.12208480774329956
10259985966.19391,3905643141.5966325,790433602.1665869,-1.5672031444481036,-9.280744851033628,-65.14503485352672,-64.14503485352672,2000.0,33.74175033762015,0.978968634385869,3.849675511125637,0.4034606894781765,0.20220934683691918
10474519348.54813,3853955539.5325027,1146276883.0292816,-16.35145849333143,12.69562715496406,5.143061666268172,4.143061666268172,2000.0,33.74175033762015,0.976358511368123,5.3817637653964905,0.2827697448867491,0.1417205861932793
10273501187.802977,3873480573.790633,1049157963.3032761,26.435636034641966,-93.62179407977725,-60.843006201396214,-59.843006201396214,2000.0,33.74175033762015,0.8994920793338372,5.180207546848652,0.27288306773702337,0.13676550982284227
10278640504.639717,3921278334.8449993,967964502.0876089,10.409513892175472,-37.71621812479306,-59.20711084403091,-58.20711084403091,2000.0,33.74175033762015,0.9799710207347168,4.751154451983719,0.3281691770109654,0.16447420198786436
9892965022.409098,3935879113.0489974,1268914303.944023,38.873372313333824,-16.146731345253748,-181.97142969673797,-180.97142969673794,2000.0,33.74175033762015,0.9613267307633299,7.004064055611009,0.19163049126563583,0.09604275579605918
10392534296.322264,3717205294.3466353,1231428301.9948895,72.90729191694794,65.13739504045641,-22.953590976519127,-21.953590976519124,2000.0,33.74175033762015,0.9327845838097812,5.6468287387243485,0.25415489932943036,0.12737919090773508
10205543217.095465,3633039336.1708517,844849109.6577371,-24.39224609848991,-49.61742736101091,-82.4747001225857,-81.47470012258572,2000.0,33.74175033762015,0.972298760415937,4.137699490253563,0.374998718023793,0.1879445701001183
10886244015.670506,3815662199.8158774,811736709.495457,-17.00157046658913,-44.415047080686456,136.19909359705062,135.19909359705062,2000.0,33.74175033762015,0.8745415638659846,4.434444223626848,0.3150184805589831,0.1578832408128234
10841946267.774788,3672350916.0650806,1267729883.9712293,13.254368305813752,-7.619658284853754,122.0986825061665,121.0986825061665,2000.0,33.74175033762015,0.8648169935664015,6.122176953617516,0.21120613029095878,0.10585381616564686
10567636896.991331,3657493995.870935,806055441.9783973,11.110277553882836,12.470207883289538,34.783297912937115,33.783297912937115,2000.0,33.74175033762015,0.9657550422158366,3.925562190485414,0.39112066731207923,0.19602468526459368
10891373343.389736,3564127949.7059073,1171332095.681907,-9.835579570486455,-24.250056579297876,137.8318093195583,136.8318093195583,2000.0,33.74175033762015,0.892798933492827,6.1598954183372925,0.21615442020064943,0.10833383589667046
10226915150.058054,3793401256.2039194,900587163.9778982,-48.21153973278725,3.3267647285993807,-75.67180257373631,-74.67180257373631,2000.0,33.74175033762015,0.9219328443357739,4.035798264385665,0.3640151514988451,0.18243974677811858
10933702517.174803,3814076844.773029,930218422.453947,71.09640797791675,-64.59948810818803,151.30560380933673,150.30560380933676,2000.0,33.74175033762015,0.633315079901163,3.5958801167291283,0.27671443658263367,0.13868574297557942
10440825980.098248,3717345750.5211797,1047444175.8181671,2.21688341746141,66.59129147330671,-7.581870610162107,-6.581870610162108,2000.0,33.74175033762015,0.9736817184078399,4.949634985846937,0.31149674819959056,0.1561181935140438
11351637384.432564,3757669239.426556,1274078730.3492012,-32.89715956972798,-13.426949686271339,284.3384038383923,283.3384038383923,2000.0,33.74175033762015,0.8978179515185181,8.963532672592919,0.11398167044632447,0.057126158095208775
10850798764.57099,3732146511.1762724,711566388.6579509,-67.43120582239345,4.9828039903778585,124.91651975380783,123.91651975380783,2000.0,33.74175033762015,0.8572671535608241,4.591358267530513,0.29783817163247234,0.14927268930908352
10577259833.780582,3610451477.134602,809121226.1577721,39.14064961438088,106.5587405930655,37.84637382707752,36.84637382707752,2000.0,33.74175033762015,0.9759663859755461,4.076561358744149,0.3817497173487593,0.19132808477601776
10549084546.047234,3824242753.221576,1148808310.946264,9.102239864184368,-22.240524304251743,28.877901195479694,27.877901195479694,2000.0,33.74175033762015,0.943059136706811,5.291865302663865,0.2788382810382065,0.1397501867029226
11102172208.810387,3742798172.162795,950481359.6263161,-0.04241531059283982,-49.00744286464443,204.93117217927775,203.93117217927775,2000.0,33.74175033762015,0.7527293670796361,5.2292776266932925,0.22579332413620581,0.11316473149533099
10426818947.565207,3895256067.5142145,885544783.9067256,-29.28172804214777,-39.077755575316715,-12.040447541527042,-11.040447541527042,2000.0,33.74175033762015,0.985347509115336,4.221001004558104,0.37281151903155896,0.1868483738878082
10130157774.277393,3789999919.979427,1296564123.3864195,-3.0618061692501595,65.88242090900921,-106.47063184592066,-105.47063184592066,2000.0,33.74175033762015,0.8925252297228666,5.650204225350355,0.24299653395640267,0.12178676063462497
10241017593.80395,3855478341.814285,871065337.5062052,-11.083285523781422,-7.513665992899467,-71.18285531006704,-70.18285531006704,2000.0,33.74175033762015,0.9730609973019294,4.165203457687239,0.37292347250804553,0.18690448354098346
10690560285.558115,3866318869.098248,1145127978.288522,-70.2480035889551,-30.931457665325418,73.91102773695599,72.91102773695599,2000.0,33.74175033762015,0.9655401367522221,6.052893389538062,0.23959678863635786,0.12008285168263445
10665179996.858776,3797622702.1224813,1297373888.1351988,74.92281129726352,-1.4627105578561501,65.83223092975766,64.83223092975767,2000.0,33.74175033762015,0.7700782795768351,5.3274188810215986,0.22583590274983842,0.1131860713529092
10880332849.569704,3826446444.074997,1174717085.2389345,12.166632662982954,-1.9253308217924976,134.31751098829102,133.31751098829102,2000.0,33.74175033762015,0.8830909829409489,5.940565479555646,0.22487900050458134,0.11270648416375709
10247316647.214281,3723505508.995007,1142234206.1705968,-9.804473745645296,39.700885778966615,-69.17780433595873,-68.17780433595874,2000.0,33.74175033762015,0.9360882466696404,5.132923230563373,0.2870942334013598,0.14388796462876996
9973802737.998493,3670239522.784353,1150631748.5938938,-27.327321303608386,28.417756071398493,-156.23998564811984,-155.23998564811984,2000.0,33.74175033762015,0.8381398801486255,5.087246349281448,0.2597717204672019,0.130194269955554
10643388636.856878,3962189821.394395,1200568490.3018816,-17.182359677095242,14.88311174157874,58.89582560776356,57.89582560776356,2000.0,33.74175033762015,0.9798555335696681,5.9501222224592345,0.2489716097710264,0.12478139235286946
11067493607.625208,3645910605.0463705,875439994.9732738,67.88599414164086,19.057894001294223,193.89263058301043,192.89263058301043,2000.0,33.74175033762015,0.6576047231760731,4.109526528594918,0.2552773430062165,0.12794174534900596
10395132264.659575,4060326318.864159,1091866456.0072877,10.889457547335123,-31.792278225151897,-22.126631970760634,-21.126631970760634,2000.0,33.74175033762015,0.970055715800142,5.120582410326302,0.298358515717484,0.14953347912158482
10220722712.247898,3738943285.710629,1199143673.6126125,-37.70297563300328,-49.673090737923076,-77.64291674828723,-76.64291674828723,2000.0,33.74175033762015,0.9449129925908207,5.461985995124378,0.26865394426660016,0.1346459271300327
11452011167.591927,3681701379.5439386,1251104416.6984649,24.80727966152586,16.032534273324508,316.2883713316856,315.28837133168554,2000.0,33.74175033762015,0.6937593094439448,7.909905665961892,0.11225824731307081,0.05626240042268413
10416509139.577105,3852575465.8443785,1261822759.2837327,13.772425382879511,20.793097264036103,-15.322161348796513,-14.322161348796513,2000.0,33.74175033762015,0.9652252086339965,5.758154607210688,0.2563381201272844,0.12847339329980906
9736470415.362724,3798810905.8553042,1260642972.4446642,14.580895147845014,6.790539589222972,-231.78521025404612,-230.78521025404612,2000.0,33.74175033762015,0.941781935156182,7.012297154659323,0.18737888065464525,0.09391190283547646
10182350213.978947,3869442767.509735,769757525.5165592,-3.9341378885134497,11.386970567994478,-89.85726230486486,-88.85726230486486,2000.0,33.74175033762015,0.9590131213817606,3.730812941564211,0.40620312027892264,0.20358381814335938
10274441232.503304,3659133646.8534045,939485428.2382066,-4.996157435121379,24.993095805221856,-60.54378067982748,-59.54378067982748,2000.0,33.74175033762015,0.9637650773986581,4.386583809179442,0.3510045970711241,0.17591902299653203
10325354305.849625,4190375559.963081,988184154.60343,5.7872139607939665,-44.940983613946024,-44.33764609769302,-43.33764609769302,2000.0,33.74175033762015,0.9720763281204191,4.747810408849673,0.3257761799726522,0.16327486242215392
10100820259.49854,3893953532.779799,1253208425.510417,-6.153874266378543,-13.323457127385007,-115.80905283609248,-114.80905283609248,2000.0,33.74175033762015,0.9589453716795621,5.9551211432148,0.24337824386885953,0.12197806876969734
10791765221.73058,4021350789.6949162,965572747.741659,-39.93366077234265,-34.109902502506344,106.12555945125092,105.12555945125092,2000.0,33.74175033762015,0.9490047106834525,5.260575994733988,0.28262512583458355,0.14164810497059463
10757337903.600664,3746310750.207577,871603357.8385527,-28.425613294542018,-73.31524419236459,95.16700373570444,94.16700373570444,2000.0,33.74175033762015,0.9179589387486908,4.437166335936084,0.33045065847038957,0.16561765136908507
10323479951.356344,3610131352.669685,722404927.4595667,-0.025386923676266215,21.07734504698515,-44.93427166311718,-43.93427166311718,2000.0,33.74175033762015,0.9801794821754997,3.463434896961812,0.441531931979364,0.2212901675468424
10700098428.264673,3623107924.802103,886119442.9488977,-45.28492940638749,-8.9129480596648,76.94711285628529,75.94711285628529,2000.0,33.74175033762015,0.9786429676277536,4.930492968292016,0.3144669314356702,0.15760681143350067
10374819113.083448,3686876939.1070194,1185650723.9722574,-4.071694855616329,16.153398814122056,-28.592508936991422,-27.592508936991422,2000.0,33.74175033762015,0.9584430894694793,5.410931141501914,0.2757231403490631,0.13818891795857105
11147023146.728245,3738846830.6722627,722594986.142507,-9.236221521026799,24.98810921805642,219.20766912314744,218.20766912314744,2000.0,33.74175033762015,0.7611082116001553,5.008625432930389,0.24020600720445032,0.12038818425145108
10203644608.818983,3867416962.4596314,810769110.3486654,20.33754512573619,-35.590543057470924,-83.07904590698018,-82.07904590698018,2000.0,33.74175033762015,0.9730987407781946,4.23192675301617,0.36725205555104756,0.18406204176555885
10173422282.166914,3619868425.7523823,899644316.4027834,4.255351140353564,59.5401646633567,-92.69911126380964,-91.69911126380964,2000.0,33.74175033762015,0.9362346478280781,4.186107571617788,0.35708692801366115,0.17896740961562774
10449424993.947199,3692391329.844839,1034224069.1234431,-8.682199051998,12.03418202535159,-4.844719490609567,-3.8447194906095667,2000.0,33.74175033762015,0.9756372933164362,4.869658948160124,0.3179234026013306,0.1593391506551304
10407464928.512283,3877516874.130176,931349631.0792606,-8.62881011640003,39.88019385856551,-18.201023143461942,-17.201023143461942,2000.0,33.74175033762015,0.978502579818549,4.406676131552991,0.3547270946310566,0.1777846912507789
9914490818.445326,3934184424.3415346,1247701029.876844,11.850285123048067,66.89988590150813,-175.11955601043067,-174.11955601043067,2000.0,33.74175033762015,0.8900694110318874,5.894793240357707,0.22905751871779526,0.11480070414769894
10842955974.991457,3849746517.2134895,836634914.687273,26.104697985104654,-18.733794681188776,122.42008229538338,121.42008229538338,2000.0,33.74175033762015,0.8341886558396081,4.056352785287384,0.3278151351960622,0.16429676075006466
10781690865.939138,3636388464.814592,1052259955.9091645,-30.50221192667341,-24.250737053605487,102.91879240590234,101.91879240590234,2000.0,33.74175033762015,0.96078149055344,5.679065752973363,0.2598472066309341,0.13023210265713203
10846829325.61464,3615955363.3560925,1183881019.2596402,-43.44258157630444,7.135730107845197,123.65300809139845,122.65300809139846,2000.0,33.74175033762015,0.9755105955056028,6.8617484856984134,0.2009357176285933,0.1007064164551854
10607525899.103003,3572235506.772805,1276297383.248232,-21.292843316117906,43.85034817906071,47.480361635088244,46.480361635088244,2000.0,33.74175033762015,0.9541542680626391,6.279934774979758,0.22471140740170412,0.11262248864015104
10816976495.20253,3868623889.511509,1242124401.83296,-65.32343477212957,45.10233746936261,114.15055704065591,113.15055704065591,2000.0,33.74175033762015,0.846313243188174,6.889603512589325,0.17320913208780309,0.08681020575006683
10451733677.404526,3815404390.587067,792824795.8319148,-22.423046177075225,-77.67624805993621,-4.109842722073444,-3.109842722073444,2000.0,33.74175033762015,0.9768044219516497,3.8059494964655665,0.406642406950008,0.20380398301480995
10687763799.653105,3600098856.026729,1192394179.0993078,23.131986337560782,56.694809676809655,73.0208786268176,72.0208786268176,2000.0,33.74175033762015,0.9417723974942191,5.845162801814842,0.24514874671766654,0.12286542219462013
10976108767.020477,3742359410.015662,1121492364.904415,27.301747030326663,-17.55411742092055,164.80393237119478,163.8039323711948,2000.0,33.74175033762015,0.7760362913201666,5.4487703207873945,0.2213120186023184,0.11091875837176336
11013145043.222872,3675089193.682447,967003485.54011,42.94321073774171,19.376747306135506,176.5929452338504,175.5929452338504,2000.0,33.74175033762015,0.75923711777543,4.933029820980849,0.24382287604382488,0.1222009127394499
10050538830.073507,3939615064.4879117,725880388.2877684,1.5668651196349157,-52.225988185287314,-131.8141289135332,-130.8141289135332,2000.0,33.74175033762015,0.9443436189995684,4.006500030059846,0.37538770754353445,0.18813952668142755
10482408738.403719,3816617310.7191234,812588047.9951905,4.0842213986475935,-34.8060423890552,7.654332453260231,6.654332453260231,2000.0,33.74175033762015,0.969241727409653,3.8809466650333686,0.3965860524677021,0.19876386653144787
10537939594.931425,3771895808.5608993,1166616320.2652135,-16.95138458836781,14.45306532150153,25.330353074282787,24.330353074282783,2000.0,33.74175033762015,0.9744846198835724,5.574266436546652,0.2699904143968102,0.13531574889741815
10455383970.410215,3814648973.560439,761459616.9193115,-15.018276865488623,-70.39916495344951,-2.9479183708948935,-1.9479183708948935,2000.0,33.74175033762015,0.9746303989566008,3.662590502882514,0.4193541089532072,0.21017492577648764
10487122457.554382,3822262271.377288,900668084.4878076,7.79882428762023,31.875072895163797,9.154755859610244,8.154755859610246,2000.0,33.74175033762015,0.9835293978029028,4.32985277324809,0.3629126179307686,0.1818871710291531
10204270846.487051,3980720278.2405763,865697807.38415,25.336654967229848,-21.2553324516305,-82.87970826613348,-81.87970826613348,2000.0,33.74175033762015,0.9706657839873089,4.443509256110171,0.3489143211496492,0.17487140338993035
10270401904.633928,3570413100.9241548,1164570658.6848495,11.756861069956166,10.92264347930948,-61.82953867418732,-60.82953867418732,2000.0,33.74175033762015,0.9543918232763324,5.414634631762739,0.27432364751594696,0.1374875100170604
10666037376.104156,3751235551.194532,928924321.0110121,-57.428621121098814,5.847312022226367,66.10514321977104,65.10514321977105,2000.0,33.74175033762015,0.9604591247557293,5.109556903469521,0.29615781449231,0.14843051576249972
10749517610.826086,3957034847.911451,763397844.838896,13.60286538002039,-21.861705201369958,92.67772723270457,91.67772723270457,2000.0,33.74175033762015,0.8913996666882686,3.7465633085295487,0.3761977004123811,0.1885454847666226
10844267043.976355,3636516880.514026,935854311.3548226,-0.26358861115508464,51.81999146298292,122.83740851474523,121.83740851474523,2000.0,33.74175033762015,0.9476736436185763,5.4686553494866175,0.2690253885979981,0.13483209028693258
10903877837.481075,3760819840.0675116,909301415.6052929,-17.029960851629063,92.37482609302866,141.81211341055834,140.81211341055834,2000.0,33.74175033762015,0.8803038088335445,5.802820035349211,0.23139319216650428,0.11597131386211408
9986943813.692537,3680041542.0185876,1146865858.811925,3.591830738661632,24.886016804264443,-152.05705133961607,-151.05705133961607,2000.0,33.74175033762015,0.9228414842549209,5.6096184361857855,0.25360935259405953,0.12710576984862018
10782906952.532911,3793124860.4799128,905217521.6076549,24.901198664840965,-67.69016613924752,103.30588479115582,102.30588479115582,2000.0,33.74175033762015,0.805532947370071,4.024661078532789,0.3188725982249075,0.15981487538388203
11186670349.443214,3868307040.765175,1132615505.9660103,3.5640603758162928,4.809696754321199,231.8277657068551,230.82776570685508,2000.0,33.74175033762015,0.8225398651471716,6.891341307667619,0.16827624982602446,0.08433790813547695
10756673163.023891,3865005525.79823,1038232299.4663291,-20.818156655138164,-8.906390956643824,94.95541023837018,93.95541023837019,2000.0,33.74175033762015,0.962038815513928,5.480472645384589,0.2723612573314914,0.1365039851092158
10736920956.265642,3725435407.6156406,1250801937.0058677,93.93871432576876,35.92000779313774,88.66808755327315,87.66808755327315,2000.0,33.74175033762015,0.7456968334626866,5.101734884934169,0.23035031496176514,0.11544863712085793
10350250375.516077,3672153918.5377345,1156816632.154036,-18.245931100415806,2.421475445333335,-36.412980995740824,-35.412980995740824,2000.0,33.74175033762015,0.9539590927308977,5.264876488169412,0.28381941662963633,0.14224666827031365
10771926362.376612,3707090460.6325216,958671613.8855857,12.602173726690872,84.55998126024646,99.81065438827324,98.81065438827324,2000.0,33.74175033762015,0.962455122579645,5.376857888963888,0.27905814272012147,0.1398603785710622
10279819916.943718,3687779636.297021,1005546728.2660784,34.997220256915675,27.348790242248118,-58.83169224778063,-57.83169224778064,2000.0,33.74175033762015,0.9799806594479038,4.880989024908084,0.3185067218281667,0.15963150280475
10330032808.599268,3619687082.134022,997312914.3673702,-24.74516210370387,23.609859102578785,-42.8484324199435,-41.84843241994349,2000.0,33.74175033762015,0.9499947131035251,4.571959613268701,0.3315318270760754,0.16615951927165343
10032077839.852287,3731699765.321189,1241041958.7502167,14.987500949179466,-13.532936623780099,-137.69044460968982,-136.69044460968982,2000.0,33.74175033762015,0.9718916524573318,6.3183961776628905,0.22687060763616504,0.11370465223250786
9735624918.009636,3643389130.3826146,794356132.3505237,-24.400043364742494,-35.091328617730504,-232.0543404202764,-231.05434042027636,2000.0,33.74175033762015,0.8415059248177807,4.582962487717756,0.2929280289294514,0.14681178847104132
9516897285.726969,3630615665.37352,968602578.1512357,-7.987559911518932,-3.3479557636188315,-301.6775081574222,-300.67750815742215,2000.0,33.74175033762015,0.8084037912848009,5.93015867285776,0.20635380167495984,0.1034218910099439
10004034386.688091,3730332324.6562257,1035990307.0979979,-21.88004224194406,8.008392992763,-146.61695299458552,-145.61695299458552,2000.0,33.74175033762015,0.8927122068656136,4.8674616532540895,0.2910484615486654,0.14586977329504913
10870687126.818169,3776200176.2133937,975904294.4349431,49.04276541710867,18.907374844821053,131.24718207708938,130.24718207708938,2000.0,33.74175033762015,0.8109435840222816,4.632457828011901,0.2790903750699818,0.139876533013322
10600266874.563356,3821391004.607235,1074418143.898602,-39.26604122023453,7.937784612099754,45.169742360068135,44.169742360068135,2000.0,33.74175033762015,0.9783647967561058,5.44253538829499,0.27941343140597863,0.140038444724666
10378642222.25379,3920303956.6308103,1014030056.5656874,13.996597754410987,-11.043505876460975,-27.375575492111818,-26.375575492111814,2000.0,33.74175033762015,0.9784712728901661,4.8023896863356175,0.32382405813200477,0.16229648387713647
9767751411.033794,3966657721.0446506,962188886.4332914,0.48175150531095307,1.953451950980603,-221.82816008227215,-220.82816008227212,2000.0,33.74175033762015,0.8783250281397333,5.315098108443714,0.25831251475790384,0.12946293468281778
10231337167.448189,3604554475.531792,1128473759.9559727,-56.33575592031653,-18.25229029346862,-74.26423072157976,-73.26423072157976,2000.0,33.74175033762015,0.8939417166454561,4.910086657965926,0.28860279897340385,0.14464403843456805
10053313869.721737,3767278013.314564,910819005.1216344,48.26319156047551,-39.04427171304786,-130.93080635894975,-129.93080635894975,2000.0,33.74175033762015,0.9176081629368288,5.195445906172152,0.277403973605439,0.1390313301285228
10519198090.208282,3834953758.616666,1079820110.4272203,-16.55946439436878,-34.22664970193841,19.36474683894628,18.36474683894628,2000.0,33.74175033762015,0.9719116828652891,5.090034660187049,0.3010393978183842,0.15087710300541587
10260814890.790113,3572413441.563469,1153890041.2952635,-7.911617765055029,19.447714298843994,-64.88117995965445,-63.88117995965445,2000.0,33.74175033762015,0.9366207893587757,5.223179245855159,0.2813493192166536,0.14100868698111096
10217173457.836191,3645182308.4737267,789857082.452306,5.55486877981383,28.62780553651282,-78.77267951611498,-77.77267951611498,2000.0,33.74175033762015,0.9665292824859187,3.8148854850738285,0.40153783003289656,0.20124563423088526
10618700682.69063,3757484445.145761,909071410.6962326,-26.07991858247678,-8.546731302424737,51.037405726994415,50.03740572699442,2000.0,33.74175033762015,0.9798766009508906,4.635805051699549,0.33696972372314626,0.1688849236489499
10197059488.49075,3640675765.826024,1285488640.584505,-22.377909550679885,-5.389607201084725,-85.17515480916681,-84.17515480916683,2000.0,33.74175033762015,0.9136529846889293,5.704190461800819,0.24567571638383745,0.12312953266381381
10097821097.839153,3788535388.0586205,1298467133.6629188,-1.6060583099154984,21.5527788899376,-116.76371564253893,-115.76371564253893,2000.0,33.74175033762015,0.9290953870477028,5.959176574304248,0.23558229396776853,0.11807083820527274
10513732752.338339,3719530232.6122046,1314520724.7948759,-25.320234371222902,-5.380718873001446,17.625075763608567,16.625075763608567,2000.0,33.74175033762015,0.951222033699504,6.056441125046735,0.23585103641517774,0.11820552848904797
10115557554.620583,3542432244.312425,736205555.5894333,2.1957315372658464,123.95723587749978,-111.11802610313845,-110.11802610313845,2000.0,33.74175033762015,0.8764243661464598,3.2436643724426117,0.41528668410586006,0.20813638436925888
9905474396.793978,3633391622.5552053,1213526240.2502997,35.08383165921452,5.072293081587906,-177.98957216005635,-176.98957216005635,2000.0,33.74175033762015,0.9764933824956366,6.740871780695299,0.20681504386160224,0.1036530597054994
10441550756.403946,3798207913.890585,1279748035.0964408,-29.12067686559332,-20.493236915918978,-7.351167146786543,-6.351167146786543,2000.0,33.74175033762015,0.9575827164276027,5.825056606415683,0.2504209381298692,0.12550777722365544
10461503536.454012,3677501536.862276,1259454543.775088,-45.13941248424315,-71.4438815180338,-0.03576154119002081,-0.0,2000.0,33.74175033762015,0.9454966271187526,5.717539708365446,0.2534580055389153,0.1270299166367348
10566889762.880274,3617958791.4815245,1145599431.3792458,-4.305454807118537,8.291786085859561,34.54547773908245,33.54547773908244,2000.0,33.74175033762015,0.9579089312724438,5.436647645477528,0.2739425272203493,0.1372964973904306
10676570103.326714,3777866191.3520246,1121658623.0863173,10.707864442143267,40.441061758065565,69.4578144231881,68.4578144231881,2000.0,33.74175033762015,0.9639692793301479,5.587373943929209,0.26627218325976326,0.13345221891985481
10410334071.529163,3815587862.157283,1148439863.6125827,18.262638023140948,-2.2224472724784596,-17.28774655631384,-16.28774655631384,2000.0,33.74175033762015,0.9645112982369698,5.318572884848093,0.28343275019117603,0.14205287598768523
10602963119.356937,3534494850.2707376,1060327957.7751237,-31.427990534896317,48.969660482537414,46.02798373343654,45.02798373343655,2000.0,33.74175033762015,0.9694047793703279,5.527189120985025,0.27151025926842826,0.136077475744167
10567722489.845999,3799469008.6206684,1190336297.8015141,-66.85162882819613,-23.3978461746711,34.81054296476453,33.81054296476453,2000.0,33.74175033762015,0.9567390885076075,5.846525352802364,0.24896653931544066,0.12477885110526121
10731598634.042263,3930929325.4269357,1015909248.3538226,24.120250375531196,-3.9892011222374575,86.97393977211588,85.97393977211588,2000.0,33.74175033762015,0.9001008003252723,4.834102240912411,0.29572015405000684,0.14821116593615372
11007957727.47923,3743348623.791556,847874034.6854596,19.433483076627464,-7.313710369035599,174.9417713498927,173.9417713498927,2000.0,33.74175033762015,0.7840378602826023,4.57063075986576,0.27369947148304236,0.13717468095783247
10790353641.727602,3484399140.5256267,767757621.2623883,41.913789330084434,-29.643069265300962,105.67623958116387,104.67623958116388,2000.0,33.74175033762015,0.7949974539523509,3.4423754268481144,0.3598555416912097,0.1803550034456609
10350544990.939192,3681732492.157091,1263297109.6091483,-27.733472785761762,-58.49645821300283,-36.31920199394117,-35.31920199394117,2000.0,33.74175033762015,0.9452956588698272,5.704707040930773,0.2541540059343871,0.12737874314954478
10879185825.269451,3640972676.415029,1169915113.415292,15.223470080996002,-37.59168308476498,133.9524018138275,132.9524018138275,2000.0,33.74175033762015,0.8047109279131976,5.483044055703699,0.22768556277699856,0.11411309734507254
10686779243.811827,4039962336.1684976,818226195.4627829,27.706579859075344,-75.03400842373559,72.70748476903879,71.7074847690388,2000.0,33.74175033762015,0.845084310826152,3.6591373894106756,0.3639035565139567,0.1823838167963557
9907387244.623682,3827355107.780373,1211060136.2934034,-52.2641275293898,29.94934435197743,-177.3806937850963,-176.38069378509627,2000.0,33.74175033762015,0.7587280020105286,4.9322001201792744,0.24370593213853411,0.12214230194706766
10079094294.69879,3608612642.4715304,893177413.134281,29.062973861441822,-6.763831481204648,-122.72464221873435,-121.72464221873435,2000.0,33.74175033762015,0.9800790116926656,4.902418367668738,0.31697079721684807,0.15886171699774318
10702983949.665255,3806874566.162219,1097326689.3538074,39.56762031736888,-4.091948338955492,77.86560284488523,76.86560284488523,2000.0,33.74175033762015,0.8672428232418685,4.96298003499639,0.27659397204972935,0.13862536768958292
10256338417.227419,3594210246.425622,927154438.6192751,15.690527812915347,-22.658849381950898,-66.3060857499005,-65.3060857499005,2000.0,33.74175033762015,0.9808559883818462,4.620533626522198,0.33849470948672356,0.16964922704511817
10687603130.275255,3695800712.5060806,840705293.006089,14.528492662654356,37.5503108962868,72.96973597544108,71.96973597544108,2000.0,33.74175033762015,0.9510614059678915,4.3175189560131875,0.3519303024784109,0.1763829747287639
9912198892.058393,3705262958.7273927,817231853.9641877,20.214671053501192,-33.3891379460168,-175.84909883779676,-174.84909883779673,2000.0,33.74175033762015,0.940892489460956,4.947594298386164,0.30114840825599576,0.15093173764507892
10664609917.315067,3549705904.210628,753511532.7325327,-7.927497450677289,66.46929261555381,65.650768975084,64.650768975084,2000.0,33.74175033762015,0.9753074624948099,4.228720073552418,0.36835751954630264,0.18461608620721529
10436187918.864254,3817514252.4291754,755635318.5034475,-40.99752275401653,42.80799319223023,-9.058211353668039,-8.05821135366804,2000.0,33.74175033762015,0.9574438536952137,3.71214019113049,0.4072858260121877,0.20412645643464689
9992715128.386469,3812782374.7589774,752379028.2206131,-26.578636033185926,-27.58302281025442,-150.21998481625988,-149.21998481625988,2000.0,33.74175033762015,0.9059033831345811,3.818613456432846,0.3760283040012139,0.18846058544792335
10751076752.72602,3740198136.4059987,765060299.866752,-5.622598777019471,-7.912776573165322,93.17401751341718,92.17401751341718,2000.0,33.74175033762015,0.9281907587899557,4.040955835823708,0.3660510497262338,0.1834601129786502
10019481159.800426,3726031753.471769,1218105038.6362622,-24.445832577637482,24.822013134537446,-141.70009240329128,-140.70009240329128,2000.0,33.74175033762015,0.8623391720893342,5.380497768697504,0.24982065211317486,0.1252069215355633
10747340160.619099,3971714720.9867883,1025576859.7038683,28.13902783878087,49.37376394023112,91.98462330514755,90.98462330514755,2000.0,33.74175033762015,0.9339469098012406,5.158203404594786,0.28477499244424836,0.1427255906693602
10381911157.501127,3602433477.4172473,788601274.9324398,-12.09843083122894,-31.25819639589516,-26.335041085589687,-25.335041085589683,2000.0,33.74175033762015,0.9829042651974234,3.7862192551258076,0.41104492841427553,0.2060104705684709
10561957315.951006,3724591157.629867,1029952185.5384438,-3.801068996324672,-19.687566093405813,32.9754311184196,31.975431118419596,2000.0,33.74175033762015,0.960119567333838,4.88506440424214,0.3117589142757144,0.15624958780448722
10489270706.182417,3773843333.9945283,1040689183.464171,-50.2922741477995,98.83158066923572,9.83856463589442,8.83856463589442,2000.0,33.74175033762015,0.864155805693151,5.079186017903476,0.26833260709619183,0.13448487704253415
10408967643.658518,3676053820.148861,1012659519.4283835,10.470529499465536,36.281123864498625,-17.722694056297378,-16.722694056297378,2000.0,33.74175033762015,0.9759649660216082,4.749418706318835,0.3269582931710695,0.163867322465903
10484319230.842926,3802798549.1743197,836031392.719943,-20.395294693684463,35.37068081928401,8.262461084139229,7.262461084139229,2000.0,33.74175033762015,0.9811553754145392,4.119468045386398,0.3800064630153478,0.19045438795914651
10819206927.445543,3604796142.7425346,974793193.7148697,41.67551310174963,76.28973093601611,114.86052567407016,113.86052567407016,2000.0,33.74175033762015,0.903904102863461,5.12584420728237,0.27767573937701906,0.1391675356637756
10166777019.25869,3744684991.046998,1240526913.6810558,-48.92987357774226,17.591002559524476,-94.81436414378781,-93.81436414378781,2000.0,33.74175033762015,0.8561310641533568,5.206476934713291,0.2581621456586196,0.12938757160992448
10216374386.488153,3663624755.274733,943947859.1037495,8.442889398761796,-18.00091495469858,-79.0270318259616,-78.0270318259616,2000.0,33.74175033762015,0.9819385679375362,4.691328529907627,0.33338915268814084,0.16709038715710958
10024389595.007362,3865289087.911444,1017160805.0195229,-12.012173881920024,-68.2128092761392,-140.13768895123098,-139.13768895123098,2000.0,33.74175033762015,0.9745548064870055,5.4047291494635825,0.28075878403228494,0.14071271828569767
9992668663.465178,3787741722.33022,1276683491.7156658,-10.808256600506441,34.00186894588971,-150.23477506006768,-149.23477506006768,2000.0,33.74175033762015,0.8798810795530857,5.774011478053925,0.2328213650356952,0.11668709587156541
10937682443.450624,3706667421.1438246,852053054.8807034,47.0490410177733,-44.716012528132154,152.57245368921343,151.57245368921343,2000.0,33.74175033762015,0.7042102743813252,3.7191150958501504,0.29908239347089915,0.14989627741030329
10025834508.481636,3873178196.4063864,1152032675.1375737,26.214864296008354,26.46435423953253,-139.67775870768952,-138.67775870768952,2000.0,33.74175033762015,0.9694388077445879,5.859266237910381,0.251532308831336,0.12606478203105798
10021751631.76061,3836611536.9918866,1004896374.6044838,-24.50126335207129,-77.9154667447103,-140.97737873206157,-139.9773787320616,2000.0,33.74175033762015,0.969695270163905,5.273628212699157,0.287920412602384,0.14430203509701164
10645620283.393755,3759845389.140127,1189695696.0325623,38.42715237617496,-18.715213119201632,59.60618076291923,58.60618076291923,2000.0,33.74175033762015,0.8579269702642892,5.229940146446901,0.2573097874895263,0.128960380577097
10109068116.672026,3616772330.8778515,929297957.7845747,-18.907220908650366,-0.7088045736377125,-113.18367835794037,-112.18367835794037,2000.0,33.74175033762015,0.9291886047434069,4.413602742011214,0.3363129580723359,0.16855576108927883
9964975190.164946,3659487114.081054,1040524073.9878576,21.651590100884395,-49.377848716761136,-159.04988139429832,-158.04988139429835,2000.0,33.74175033762015,0.9702373675244812,5.976632577119286,0.2450274493694332,0.12280462951221273
10647960538.47402,3642167393.8488207,934541554.6028577,-49.26873051915013,-21.573640783151394,60.351107091159435,59.351107091159435,2000.0,33.74175033762015,0.983235567313383,4.9686939424354195,0.31317579313905314,0.1569597094023889
10950378068.04712,3715907968.8118606,1237660970.9580727,-9.67623911357375,-32.81776516146424,156.61359650955578,155.61359650955578,2000.0,33.74175033762015,0.8787807276303702,6.506380464606707,0.19644567760247905,0.09845606571562147
10584492665.503258,3642603011.3942113,1267292423.2799911,-8.760993136880732,5.121019357091417,40.14865566950881,39.14865566950881,2000.0,33.74175033762015,0.9481513027233065,5.949757043654928,0.24093613635194347,0.12075411565907382
9534735491.634619,3565941281.19955,1094992584.0810158,-9.856493495739656,-49.6750897850091,-295.99943086523507,-294.99943086523507,2000.0,33.74175033762015,0.9157918230390545,7.094841787940302,0.17877738588979944,0.08960094346922391
10382580710.778444,3732942311.5877304,1307599103.55461,-45.15063091746992,-10.339249382402858,-26.121915658092913,-25.12191565809291,2000.0,33.74175033762015,0.9252538865275044,5.804241833297565,0.24312898369714447,0.121853142753782
10890462518.646364,3699918787.3270254,1156019360.7724626,-53.71148863162078,54.2157548460345,137.54188479916218,136.54188479916218,2000.0,33.74175033762015,0.8696042740699862,6.9664191617138815,0.17485568200714546,0.08763543554917123
10546941812.458487,3681728125.777036,1215909950.6949344,-1.1080079048507803,55.26869324579671,28.195847910723444,27.195847910723444,2000.0,33.74175033762015,0.9669840068939405,5.814626200784131,0.2534875717751274,0.1270447348568707
10810811612.045229,4013186542.4433265,1255056406.6130621,16.351520319767562,74.58435134927961,112.18821378451908,111.18821378451908,2000.0,33.74175033762015,0.9640603986213424,6.617918264325051,0.21004503342545763,0.10527188923965304
10598528483.223219,3766749913.7754993,875861381.4127624,0.32557440926588194,16.381387145627514,44.616395210446086,43.616395210446086,2000.0,33.74175033762015,0.9729387372638694,4.3523827910489485,0.3571471722780831,0.1789976032718553
10431519334.52344,3702454364.175121,1311043737.5938053,-10.16167346811998,-16.06206496121122,-10.544267903832159,-9.544267903832159,2000.0,33.74175033762015,0.9428671560067383,5.89285726483776,0.2427530980979079,0.1216647536901403
11390879550.242702,3661325517.049634,948014029.1640247,-42.76957469274758,12.966726256645874,296.829573171023,295.829573171023,2000.0,33.74175033762015,0.7240809081412758,7.4577303320245125,0.1300211680962263,0.06516494955113421
10339719219.81067,3795005585.840474,1013037310.4570345,-8.150203127725481,28.026683772595046,-39.76515196971245,-38.76515196971245,2000.0,33.74175033762015,0.9706694505469015,4.700506266110211,0.3288673318772138,0.16482410829392283
9982776779.929148,3634637695.8546796,820102518.1026314,-16.189877727683616,11.043668567181664,-153.38345938256464,-152.38345938256464,2000.0,33.74175033762015,0.8886303501023173,4.04142738783892,0.35041154238579436,0.17562179155940194
10527414657.432041,3835813022.588549,1210463781.546417,-20.72426680079031,57.218700844748426,21.98016141676238,20.98016141676238,2000.0,33.74175033762015,0.9617659167573097,5.823018914762185,0.25163293949457644,0.12611521683478555
10592668908.715685,3777111661.091734,915431071.105674,4.362869190753146,-25.943807116854664,42.75123471586749,41.75123471586748,2000.0,33.74175033762015,0.9483763412023924,4.360121041837741,0.34751104073859324,0.17416809716270984
10090158830.395338,3550285758.801972,1130015023.5587552,4.236354233205194,-8.172640894339336,-119.20269112048952,-118.20269112048952,2000.0,33.74175033762015,0.9556851983117329,5.59151942295376,0.2637320541417081,0.13217913863412067
10909517253.158838,3928187236.9707966,843257862.6555632,10.629304278838477,-59.96160001956358,143.60719517309016,142.60719517309016,2000.0,33.74175033762015,0.7952728593619885,4.087948046171671,0.3102568342007454,0.15549676444702684
10901972505.778164,3765445285.895606,924238215.3525628,-7.7611026707832735,-16.608591572634996,141.20562749306225,140.20562749306225,2000.0,33.74175033762015,0.8902286795812095,5.105466710742848,0.27476088737526044,0.1377066490525813
10954678794.217745,3774352578.2722616,944257764.1716146,-23.885246766359113,48.922746914389016,157.98256016743528,156.98256016743528,2000.0,33.74175033762015,0.9037757544664748,6.044362602882271,0.22471104845735637,0.11262230874182637
10513386480.173986,3767422605.9461145,854380406.7326831,-6.116626047149659,2.0698365387301987,17.514853910384932,16.514853910384932,2000.0,33.74175033762015,0.9817606772754585,4.145156720228933,0.37799839967427934,0.18944797224828808
10328139717.710331,3823744581.0070066,731662148.0569913,-9.291206713330864,29.51371435962519,-43.4510219653366,-42.4510219653366,2000.0,33.74175033762015,0.9749791208540999,3.4684858893372814,0.43867888047388465,0.21986025455541505
10489993975.697289,3676164828.925108,1179248600.9149828,-46.49024692471037,16.871808185370064,10.068788472853404,9.068788472853404,2000.0,33.74175033762015,0.9448136400124713,5.592903014680418,0.2606488739108769,0.13063388806345608
10274674933.805523,3893252608.6923823,1288928655.7172508,-10.36649717593155,38.046075948863894,-60.46939124491702,-59.46939124491702,2000.0,33.74175033762015,0.9390692915251261,5.718964579149203,0.25165246050074014,0.12612500051386236
10178923929.445055,3926215174.591801,848062993.0499237,-47.052764758546914,-32.95847009695539,-90.94788254488121,-89.94788254488121,2000.0,33.74175033762015,0.9377112090082202,3.924251039540187,0.3798778780811598,0.1903899428316947
10292902844.305943,3697764188.263858,809342862.76793,-55.775255072610726,21.10386158801911,-54.66726712816013,-53.66726712816013,2000.0,33.74175033762015,0.9240898973550157,3.680772120706179,0.39594695760232623,0.19844356034384475
10744188032.213758,3909946909.8152695,921949653.2208402,-23.662226875575026,26.81720630875506,90.98126967120702,89.98126967120702,2000.0,33.74175033762015,0.957807670921122,5.099593914179941,0.29601854490322405,0.14836071562241732
10552267578.22675,3711334866.139588,760705405.7253745,-18.638228063534125,45.6694849356759,29.891091806260725,28.89109180626072,2000.0,33.74175033762015,0.981676549021522,3.939313912815911,0.39631181976751917,0.19862642460307303
10038291795.180079,3755518326.860326,1105897889.4537446,18.769744524615554,55.01706167771942,-135.71248119654945,-134.71248119654945,2000.0,33.74175033762015,0.9366639681144625,5.3656433875234715,0.2722823405877066,0.13646443304471143
10829801122.439789,3845289736.2122283,934703856.6345205,-9.325386642733143,-19.608378910783355,118.23276267689734,117.23276267689734,2000.0,33.74175033762015,0.914231554328794,4.9672646823870705,0.29129279217873816,0.1459922286876257
10547109360.39456,3802110098.9998016,1052773911.0918423,14.10227700883797,-56.47677439370481,28.24918007518527,27.249180075185265,2000.0,33.74175033762015,0.9135694934205242,4.796392971744038,0.30276264571019595,0.15174077284916704
10604888995.77499,3771342214.678568,1261832399.153375,39.6128840698765,-25.328517043465627,46.641009236870936,45.64100923687094,2000.0,33.74175033762015,0.850618859226422,5.4623000852472465,0.24182711723664532,0.12120066390389231
10521350752.235111,3703396494.7533145,1234878623.005407,2.665528752508538,52.220873917506445,20.049960443698314,19.049960443698314,2000.0,33.74175033762015,0.9642648018354111,5.80625808938199,0.253262275880419,0.12693181943065424
10840271487.353529,3839481069.145532,1271468442.7037253,9.916236990258952,-39.18613878623415,121.56558334089273,120.56558334089273,2000.0,33.74175033762015,0.844740179333078,5.929459818663196,0.21566375850050787,0.10808792251652966
10939639449.135239,3786159188.539028,1279615252.9020545,-19.996194980544168,-54.303992682083575,153.195387945944,152.195387945944,2000.0,33.74175033762015,0.8841541369654119,6.622796557110696,0.19241916585236382,0.09643802943041352
9610251027.470518,3943805852.5800347,1069420105.2499322,22.234684498680686,-51.72459264834261,-271.962089248202,-270.962089248202,2000.0,33.74175033762015,0.8871059263261115,6.867567361421575,0.18248145892164785,0.0914573775852094
10139939435.234642,3794888141.869363,1016134934.6639007,0.9337872032387344,-51.30406112181984,-103.35703245993041,-102.35703245993041,2000.0,33.74175033762015,0.9825896743007969,5.205939902298934,0.2963317636242524,0.1485176968467298
10709838485.404902,4008813758.753572,733215741.1086688,1.1254888816266404,28.434609649382836,80.04746933601497,79.04746933601497,2000.0,33.74175033762015,0.936098634362465,3.864327392188995,0.3844933850427883,0.1927031759975807
10478944241.40486,3766753785.549875,772684534.2260182,-32.18588873100158,-30.27981608942675,6.551548807869209,5.551548807869209,2000.0,33.74175033762015,0.9862395111971237,3.7689468455384914,0.41408329729658294,0.20753326226333374
10231307102.49697,3818819806.6582503,1029299962.545056,-26.832074283045397,-24.640736303239137,-74.27380069278058,-73.27380069278058,2000.0,33.74175033762015,0.9620834048639605,4.7940552366413485,0.3190121322081997,0.15988480803496524
10578891331.412699,3508347159.6246543,1231486756.9250023,-19.50003868584529,45.09692817422287,38.36569565266559,37.365695652665586,2000.0,33.74175033762015,0.9518921480973729,6.013564464215802,0.23835885911044938,0.11946241720811886
10251847086.341223,3604358649.3643827,973719608.8436067,2.190402234388084,36.9255821394587,-67.73572077309933,-66.73572077309933,2000.0,33.74175033762015,0.9571023343948752,4.5362398069057495,0.33677077379688125,0.16878521248577477
10675137422.227928,3781103617.935774,712584686.3585491,29.73069687566658,34.7761327355288,69.00177786569604,68.00177786569606,2000.0,33.74175033762015,0.9311173149407866,3.5475076465763546,0.4113899123053047,0.20618337209046178
10584137147.04629,3645557884.079319,839572861.4797664,-42.99240073931112,-30.196369362210394,40.035490629935,39.03549062993499,2000.0,33.74175033762015,0.9840158981957512,4.296950050668646,0.36585341233315544,0.18336105964035193
10487964034.278301,3727430437.515079,1173014987.1480963,-10.93267535182081,-67.20993135241353,9.422638050815802,8.422638050815802,2000.0,33.74175033762015,0.9370714070451092,5.344645835067823,0.2737209905105982,0.13718546601972356
10619120967.313023,3909734057.7553325,806765411.0774146,-9.375727509211428,13.88913934432995,51.17118647731302,50.17118647731302,2000.0,33.74175033762015,0.9702995396954242,4.106373369653847,0.376936755814004,0.1889158898988593
11349641718.640894,4079906177.9570737,831824285.8477709,62.82314374571869,69.25843556562339,283.70316368738503,282.703163687385,2000.0,33.74175033762015,0.5867379455905766,4.909537800393313,0.1894481618546225,0.09494900015568997
10457271642.093967,3627228205.1060023,884160063.6938053,-6.333129625491856,-14.049736605486805,-2.347053812087411,-1.347053812087411,2000.0,33.74175033762015,0.9772318665677632,4.2113133308485935,0.37056661241721234,0.18572325535201226
10373809792.092514,3715427126.5296845,1081270589.8141196,-15.75026791734315,-10.7250176059074,-28.913785786738654,-27.91378578673865,2000.0,33.74175033762015,0.9701095459032315,5.008733497108283,0.30615928034180406,0.1534431227638253
10299898416.946018,4017512953.872543,1219551805.84755,20.030687406372788,-128.15525425169338,-52.44050719730719,-51.4405071973072,2000.0,33.74175033762015,0.8381997480952212,5.664387519937879,0.22746195838647476,0.114001029679159
10810787386.546865,3685391530.7182627,843586175.4494404,-31.741229063135844,68.3505786102696,112.18050256889225,111.18050256889225,2000.0,33.74175033762015,0.9097958678637915,5.23512234427407,0.27254092500345906,0.13659403225270153
10345286419.738491,3651795734.9933157,1075294512.6599598,14.321738345309454,-7.859785998451355,-37.99305719432559,-36.99305719432559,2000.0,33.74175033762015,0.9676319730155106,5.06021363727692,0.30177888277557924,0.15124772342542145
10389696478.036629,3851498695.5205526,1032963489.6667279,-47.540799149429276,-68.69512557004418,-23.85689659202988,-22.85689659202988,2000.0,33.74175033762015,0.9785916193040736,4.826818134890773,0.3220473120084611,0.16140600140261963
11093725067.004763,3667197446.620165,981165514.3967111,55.66740159333434,-2.333992085351231,202.24236343255123,201.24236343255123,2000.0,33.74175033762015,0.6530009250131582,4.6103486060452985,0.22588060166638282,0.11320847387923823
11255095349.256598,3987185026.108769,1063697711.5093195,-2.0732096522982832,-23.496507138160684,253.60811960957898,252.60811960957898,2000.0,33.74175033762015,0.754419438804156,6.454516399257351,0.17067158833969043,0.08553842121874206
10299804333.801,3792850118.994322,1205982555.146587,-12.753441186503924,24.775098531645057,-52.47045479248957,-51.47045479248957,2000.0,33.74175033762015,0.9483946363155635,5.4288596251261865,0.27170843852361465,0.13617680065683618
10796450537.754206,3761002473.157607,842729670.1347183,-37.49652617483362,84.95476700769737,107.6169418614665,106.6169418614665,2000.0,33.74175033762015,0.8610653738903841,5.158018498176934,0.262563453143036,0.13159345073238213
10120932115.566929,3668682537.022503,1013050465.7158011,-5.041458194239897,-31.76771857245014,-109.40725022001911,-108.40725022001911,2000.0,33.74175033762015,0.9723506688893094,5.088162771790654,0.3013052091662484,0.15101032425951869
9744265286.363928,3715992795.095357,769932117.6867667,1.4975692246294432,6.138481206418892,-229.30402575283568,-228.30402575283568,2000.0,33.74175033762015,0.8430581138325246,4.49856374396002,0.2992272478238761,0.14996887656275068
10663555003.751114,3737951998.621762,1022793988.8248864,-21.207843892197726,-15.180195734537243,65.31497955860826,64.31497955860827,2000.0,33.74175033762015,0.9701908311568949,5.169647560103697,0.2950478198846308,0.1478742006357358
10701548962.531662,3696762627.8261104,1191911841.9388509,32.45747679132756,-26.212612777313495,77.40883225371617,76.40883225371617,2000.0,33.74175033762015,0.8375401215709732,5.238847416863303,0.2506806885925078,0.1256379608394587
10462441374.105259,3848889606.2566547,1318277349.280987,-9.980968956548002,18.156543982823507,1.2985229960271407,0.2985229960271407,2000.0,33.74175033762015,0.9609472340829763,6.013680901264858,0.24061984957118762,0.12059559676239391
10231975991.29892,3584995135.1281676,999935370.2072769,1.813792862768481,61.05395198592726,-74.06088677436212,-73.06088677436212,2000.0,33.74175033762015,0.9375906474841793,4.564738152459097,0.3277475480619178,0.16426288694127403
10862027358.544632,3809061063.7895594,890898308.109331,7.149118029206497,17.359285906339412,128.49069222356192,127.49069222356192,2000.0,33.74175033762015,0.9007885280756693,4.871243193474993,0.29342595536147903,0.14706134284205916
10039220267.681269,3667850626.9735384,1063139440.0994414,37.183804589098685,-16.833212683663447,-135.4169392203708,-134.4169392203708,2000.0,33.74175033762015,0.9735254741967321,5.85136505065735,0.25305260655949785,0.12682673584372525
10124637507.298126,3766726951.038588,936651863.9956906,-11.429399711208568,20.45430572649842,-108.22778739979532,-107.22778739979532,2000.0,33.74175033762015,0.9337603767924337,4.403253566775633,0.33877400971272076,0.16978920875273718
10236627826.486965,3797334856.364392,781549910.3528601,1.2081545804413147,9.337276504660393,-72.5801616451096,-71.5801616451096,2000.0,33.74175033762015,0.9743204796542572,3.7942779673846436,0.40669987088270276,0.20383278320427062
10648317525.630257,3693598176.9074593,1029650153.7821225,7.46649905530648,32.16095896370207,60.4647396322302,59.4647396322302,2000.0,33.74175033762015,0.9647530097191546,5.128434033064928,0.29619160070859035,0.148447448982772
10149945669.673609,3710831387.674062,1196860397.5340164,16.402731693244142,-21.762834151146606,-100.17194911453457,-99.17194911453457,2000.0,33.74175033762015,0.9721995481701696,5.921284141269548,0.24867206498486724,0.12463126433014689
10169950928.091997,3601606525.4622393,1252868621.4371808,-51.908073513864885,5.437560686288867,-93.80407758430005,-92.80407758430006,2000.0,33.74175033762015,0.8452450605756842,5.234125916136988,0.25326201035286683,0.1269316863516349
10885656393.813555,3634073871.651015,1305827956.3969972,31.419974054253803,64.99708705189143,136.0120477506455,135.01204775064554,2000.0,33.74175033762015,0.9042585606895799,6.776960966720928,0.1899312962685181,0.09519114095606045
9760574849.543093,3838415383.3400245,934199799.6829175,-4.063028015059026,0.7517643197980077,-224.11253055356838,-223.11253055356835,2000.0,33.74175033762015,0.8694786751328701,5.180824832037235,0.2637402732113594,0.1321832579269022
10563687541.823244,3704140162.492261,863538090.8546119,-20.792397114170367,38.54977036488344,33.52617911888398,32.526179118883974,2000.0,33.74175033762015,0.9832345368466492,4.434249510258612,0.3541866388264419,0.17751382170116622
10336692702.085066,3753706025.1706533,777786291.4704598,-1.4731181106536753,-0.4108951995029266,-40.728522482483,-39.728522482483,2000.0,33.74175033762015,0.9849740278480634,3.740953217588009,0.4162262413870754,0.2086072784838656
10642749850.4161,3867707545.7567544,975909825.7892699,-54.242878987923405,2.788821458713871,58.69249356850354,57.69249356850354,2000.0,33.74175033762015,0.9636644289820946,5.1843551251146245,0.29207226324151514,0.1463828896332714
10331282507.947048,3907208517.9605927,1201665044.8457148,-22.014706316894955,-29.296586421434473,-42.450640762787614,-41.450640762787614,2000.0,33.74175033762015,0.9705736486809085,5.5064542279832915,0.2731385962761327,0.1368935774644713
10067826732.475092,3734732477.673983,853175385.4632897,4.664340398210548,112.4349794296689,-126.31121866772833,-125.31121866772833,2000.0,33.74175033762015,0.8712384246424743,3.7877689618305688,0.3642169262429133,0.18254087370391398
10743727644.904858,3834342464.5730643,1227564723.2006717,37.36591786917344,47.26725923886232,90.83472383931033,89.83472383931033,2000.0,33.74175033762015,0.9131358868524264,5.8722683405232665,0.23621560081815784,0.11838824351365655
11051861036.078125,3944773786.6056366,1143648531.9939694,-2.8421428561585165,46.5821649438427,188.91662851309852,187.91662851309852,2000.0,33.74175033762015,0.9099569594550887,7.012128600001911,0.1810539444754733,0.0907419255689682
10616462185.18367,3778578814.5598407,832656257.6976097,10.524814162362496,45.676587124965025,50.32486984033131,49.32486984033131,2000.0,33.74175033762015,0.971710370348208,4.215164833620568,0.36814622733204916,0.1845101892468666
10923861317.761255,3739073630.5244055,1094950120.6630883,-8.721033973920537,-40.239608639654385,148.17305274409844,147.17305274409844,2000.0,33.74175033762015,0.8697953353138905,5.73932904197191,0.23199796211134194,0.11627441683774818
10726261736.940207,3754303122.5261936,1209376025.4845173,23.54949959831796,-29.921600966828507,85.27515266298568,84.27515266298568,2000.0,33.74175033762015,0.8510877978156656,5.414914473553817,0.24461490527877694,0.12259786768066745
10502561800.72383,3921114047.7686043,1278283504.8965714,-11.632510773550187,-7.1539108687776745,14.069251426629389,13.069251426629389,2000.0,33.74175033762015,0.9692875492133631,5.898323644973315,0.2492414502696838,0.12491663296591217
10480758646.99441,3840355699.714215,809077042.1616683,12.379198297063798,-66.33295008257413,7.129092044570109,6.129092044570109,2000.0,33.74175033762015,0.9427654730729912,3.839315593122376,0.3894682952857171,0.19519653749977814
10024091487.759346,3598984907.287546,1210790368.9424431,-9.81161453082191,-35.65043965493009,-140.23257943541765,-139.23257943541765,2000.0,33.74175033762015,0.9486638944377214,6.0321704663897355,0.23653495264187688,0.11854829857074012
10818292456.719223,3864883610.5841146,1182682566.775266,-27.465327818597608,32.74297879234647,114.56944060125674,113.56944060125674,2000.0,33.74175033762015,0.9698318071681316,6.616133952194728,0.2113893134075945,0.10594562520512074
10342369988.369255,3808316175.306893,858701742.6110296,-28.16889417026314,-84.23819020329769,-38.921386131529935,-37.921386131529935,2000.0,33.74175033762015,0.9846243635825607,4.149378592425363,0.37873262548233677,0.1898159568498861
10636865015.048737,3488629132.6201887,889667238.3715208,-18.443185671102796,-35.52440350067407,56.81929229250788,55.81929229250788,2000.0,33.74175033762015,0.9487385254356323,4.406906823243764,0.34391875030178176,0.1723676870562986
9999294289.68156,3723746539.819627,1293025769.2745376,31.946050490376006,-4.1080076526928915,-148.12577273323447,-147.12577273323447,2000.0,33.74175033762015,0.9719696577231333,6.740528470032613,0.20587322160616384,0.10318103041472762
9619306946.259533,3830878568.3215947,930724193.2839577,88.67475472264556,-3.8421819857088586,-269.07950076918104,-268.07950076918104,2000.0,33.74175033762015,0.6701160264859103,5.93823845857309,0.1707364152376406,0.08557091163239035
10359363939.305868,4019618646.041195,886254500.5424385,-6.014513725530737,-1.4346488784395235,-33.5120435430837,-32.5120435430837,2000.0,33.74175033762015,0.9826191929935334,4.203889774359391,0.37324694805430236,0.18706660535515798
9896818149.76879,3728991406.477633,1148686141.3118546,-20.976665983266457,-30.27207206280586,-180.7449411654229,-179.74494116542286,2000.0,33.74175033762015,0.9179987863312044,5.838896960523087,0.2393053516557095,0.11993678718852661
10644897043.296669,3946183729.3674264,791232681.6067462,14.48364829046046,35.758898377452354,59.375966289932244,58.37596628993225,2000.0,33.74175033762015,0.9550378109294974,3.981155360171145,0.38186075779643686,0.19138373683081003
11031237159.036854,3770969840.6638684,1004487222.7961774,13.29344581766474,-93.42202784735844,182.351844559423,181.35184455942297,2000.0,33.74175033762015,0.6798386669766537,4.550969473971182,0.2384014622165497,0.11948376934100921
10910885018.741625,3878326054.9997272,928360106.585649,-15.134596992903562,16.287073239626707,144.04256848007304,143.04256848007304,2000.0,33.74175033762015,0.9150300638896286,5.4734553515892586,0.25947159898501543,0.13004385290014484
11023766997.358944,3984158554.5602345,1041515101.0254316,53.30478161365584,-59.873936555510454,179.97401824595298,178.97401824595298,2000.0,33.74175033762015,0.6406634934869736,4.318110311698938,0.23703853066195726,0.1188006854455397
10796653566.930325,3566228203.99354,1077597312.450973,24.167984962805036,-28.80861557148514,107.68156805540889,106.68156805540889,2000.0,33.74175033762015,0.8193242263389237,4.927346624801951,0.2634639107867519,0.13204474860783463
10542466513.392378,3781662173.822882,1100037541.2899866,26.09781728609605,-3.053431169186956,26.77131597435196,25.771315974351957,2000.0,33.74175033762015,0.9359581344641589,5.058105242031053,0.2920423933486362,0.14636791922429065
10071175129.83247,3654729856.969617,973576225.3329946,1.600350719069748,63.36980486383641,-125.24539068600323,-124.24539068600323,2000.0,33.74175033762015,0.9012874261883487,4.502134559566959,0.31963170860017437,0.1601953318128798
10223417209.224255,3676846924.7847037,1250314608.7857654,3.4687772740203693,-36.128389070624785,-76.78523172242062,-75.78523172242062,2000.0,33.74175033762015,0.9569386379036755,5.908065365357244,0.24551473021336978,0.12304884845038487
10304166492.70263,3861498211.643016,1219107679.4770823,27.03601471208416,-57.311438457704824,-51.08193648899659,-50.0819364889966,2000.0,33.74175033762015,0.9253120549484596,5.760729184350145,0.24559261407971245,0.12308788284990135
10607174302.273779,3757574345.193708,1278580265.5654416,-39.009777515269,38.36457546597225,47.36844488839549,46.36844488839549,2000.0,33.74175033762015,0.9493437953984206,6.345495959411728,0.2202287026435195,0.11037581424322869
10713158268.440857,3813917544.851586,981799582.4551296,-22.60602337584315,-3.4321519719961278,81.10418909634481,80.10418909634481,2000.0,33.74175033762015,0.9701276111870495,5.172122971448201,0.29486048004093135,0.1477803082977239
10453051614.110788,3649697922.8106737,1154820086.2755315,2.3844174794203052,0.37555520513059804,-3.6903304391055594,-2.6903304391055594,2000.0,33.74175033762015,0.957194496268778,5.31714132188985,0.28137535803711106,0.14102173730550296
10416748410.038538,3715275057.963234,972539204.4544795,-40.95918968055806,22.041522640812737,-15.2459991954505,-14.2459991954505,2000.0,33.74175033762015,0.9577293878287265,4.601133607409044,0.33199340237916647,0.16639085492092032
10375680416.695995,3813833954.3756685,880048374.2006526,45.82883255900543,39.50761878568181,-28.318347482111925,-27.31834748211192,2000.0,33.74175033762015,0.978352095193619,4.243643518344252,0.3682398861178052,0.18455712983460457
10335879087.537853,3566398050.505689,1107209071.250238,-17.439643646639524,6.190129014035857,-40.98750403640372,-39.98750403640372,2000.0,33.74175033762015,0.9476656179352448,5.042815682603078,0.29673826706301415,0.14872143118066278
10499456405.073187,3704553117.6713943,1286269540.7743506,-12.019977964889703,-83.48618987634674,13.080773290517769,12.080773290517769,2000.0,33.74175033762015,0.9039841369777762,5.7046009451516895,0.24305284841131758,0.12181498472049701
11151518986.03235,3711634536.3588037,1200009437.026648,9.031796265765035,-8.241160260523293,220.63873922033795,219.63873922033795,2000.0,33.74175033762015,0.8007800297258338,6.818626968916367,0.1665906171391669,0.08349309055223911
10854583581.039967,3868897797.8521886,883956534.453454,42.09163412448466,0.7318195842741394,126.12126425327443,125.12126425327443,2000.0,33.74175033762015,0.8172461227018469,4.195368273330099,0.31103985549668595,0.15588920472421053
10750265763.854588,3718460419.9239855,849194157.3777947,-1.2045186972578144,-45.86091481267119,92.91587173805495,91.91587173805495,2000.0,33.74175033762015,0.8942699402693708,4.169095536725712,0.34241996542137204,0.17161651520828367
9889386947.570305,3957911143.792962,1180123227.970967,-21.438713847511053,-40.55972664087218,-183.11036629143118,-182.11036629143118,2000.0,33.74175033762015,0.9336433434702157,6.030308979919912,0.23288960656657895,0.11672129765564752
10608425120.719131,3711751243.4495473,1139624985.148584,-26.061294321041537,25.10310241411579,47.766592765372245,46.766592765372245,2000.0,33.74175033762015,0.9773504584809225,5.72753627420356,0.26139464942119894,0.13100766122838137
10231877981.518862,3888748438.4157324,1236109952.9186308,6.489345598020576,9.586942876356746,-74.09208425629724,-73.09208425629726,2000.0,33.74175033762015,0.9691212507690926,5.7396616027006715,0.2584710794451886,0.129542405279789
9966301097.175375,3746451207.5663095,799424998.2449707,-16.18301966064717,-35.87434725163947,-158.62783208471828,-157.62783208471828,2000.0,33.74175033762015,0.9265988128387687,4.287367854149072,0.34526690681493566,0.1730433658896228
10349039132.1744,3804468375.990159,1234939450.6065207,66.25275302284837,22.158863181808663,-36.79853172597081,-35.79853172597081,2000.0,33.74175033762015,0.9199018934581202,5.7373681390354125,0.24547354746976685,0.12302820818504534
10596235578.957644,3740893227.965806,973714063.4906514,35.12859598551484,5.236990219569509,43.88654111464045,42.88654111464045,2000.0,33.74175033762015,0.9224003536843348,4.5149532334971365,0.32615507266680677,0.16346475860337883
10561114365.811758,3724880318.259838,876737939.4284371,-88.40994993510033,-51.159881007239484,32.70711175553699,31.70711175553699,2000.0,33.74175033762015,0.9632214444746673,4.564832804692422,0.3366998030682799,0.16874964286263855
10821032189.896215,3776859883.2255187,919295404.5483637,-25.939144565041122,-10.929019387431127,115.44152475699916,114.44152475699916,2000.0,33.74175033762015,0.9454458790177913,5.175791575002099,0.28711607984011245,0.143898913784973
10358294142.135847,3776736142.2250295,1315199667.8983083,9.854981054150452,-52.018715203844806,-33.852570558512845,-32.852570558512845,2000.0,33.74175033762015,0.9285679389804731,5.970177749889287,0.23485289040723373,0.11770527045257041
10078572362.424364,3961455488.7810297,1292385325.384717,64.57975807766844,-34.23887315177902,-122.89077842160238,-121.89077842160238,2000.0,33.74175033762015,0.8563149654925726,6.539860428009595,0.1899535836291967,0.09520231109670381
10267817487.132483,4016116294.7843556,761302090.1780198,-56.33803418071291,11.817339856570204,-62.652184314923915,-61.65218431492392,2000.0,33.74175033762015,0.9212681262395241,3.4384559185067913,0.4173884758622829,0.20918977556532106
10199102145.212788,3614662440.7077417,902213652.5089059,-12.357878826638194,-48.49616414006476,-84.52495698046226,-83.52495698046226,2000.0,33.74175033762015,0.9786178348369653,4.493344344232966,0.34775925105970645,0.17429249700690633
10217347542.035643,3698467900.156711,1148423064.58353,33.622586370898354,-49.36581156214968,-78.7172667944012,-77.7172667944012,2000.0,33.74175033762015,0.9356005531414047,5.728273748483349,0.25018605266651267,0.12539005562805652
9788638880.191689,3960445119.9578257,731821475.2877151,-19.34775291628447,14.81622492259981,-215.17947215195542,-214.17947215195542,2000.0,33.74175033762015,0.7968299693557951,3.7430508522595285,0.33655850868944465,0.16867882792378303
10681734510.515244,3537468340.775459,732185880.3196367,1.9919202952481758,-39.9456434312485,71.10169628757582,70.10169628757582,2000.0,33.74175033762015,0.9102925723804024,3.56234528279461,0.4008173116280037,0.20088451960475948
10409857881.953138,3860762234.916711,737645134.6835605,-13.962815368471437,-10.884433611608925,-17.43932240606027,-16.43932240606027,2000.0,33.74175033762015,0.9857846602187029,3.5488148228613885,0.43541217992552383,0.21822302594449342
10221503837.637001,3706245453.896379,1239058621.1879203,18.73542006278698,-10.046643026666906,-77.3942768145866,-76.3942768145866,2000.0,33.74175033762015,0.9628909337835749,5.898695671870659,0.2475754233650178,0.12408164155041401
10038619909.528133,3716852020.4852805,913503976.557,-30.666548180670713,-6.474159896534669,-135.60803915576483,-134.60803915576483,2000.0,33.74175033762015,0.899271380020697,4.304225519316765,0.3337860790579505,0.16728932158634818
11340116925.145649,3756294284.3218684,904375867.9392796,0.6409768857099846,14.97550224610007,280.6713277539895,279.67132775398943,2000.0,33.74175033762015,0.7149042754656058,6.343636312046504,0.1659144696521906,0.08315421406371741
10642106206.458723,3694218803.9936833,1193334071.6291656,-40.59561415448036,-17.19392418621386,58.48761533368814,57.48761533368815,2000.0,33.74175033762015,0.9735243248747566,5.9781640246622425,0.2457708689531868,0.12317722191681856
10531320415.843267,3946577691.2739983,904270208.9433975,27.259472360599688,-30.722678509650947,23.223402932101195,22.22340293210119,2000.0,33.74175033762015,0.9326604567068042,4.21360109791734,0.3534788667492576,0.1771590953717636
10823568096.376806,3774455485.682191,1159900825.704092,16.886314798696212,-18.342032702734173,116.24872886020876,115.24872886020876,2000.0,33.74175033762015,0.8601593322883873,5.530328680833911,0.24073877012358033,0.12065519822506904
10173367052.063005,3801972202.365429,935183750.4433211,-1.0163206966244243,45.960961038806666,-92.71669155189868,-91.71669155189868,2000.0,33.74175033762015,0.9430881363951412,4.35226856866788,0.34619869367403205,0.17351036556786356
10388557852.264408,3758923708.0422087,891455952.9861442,1.0318231996030236,36.78523191495161,-24.219332431991354,-23.21933243199135,2000.0,33.74175033762015,0.9817548434167879,4.222323861780873,0.3713390878883136,0.1861104101964184
10597528099.171892,3804523209.081794,946073344.0637056,0.7636524936521053,-2.166720444406647,44.29796307692819,43.29796307692819,2000.0,33.74175033762015,0.9653909797465124,4.597264992375284,0.33494749749400465,0.1678714096793979
11044012791.799755,3851464830.881246,812622004.04246,-10.30385364900421,48.62115849111537,186.418454770108,185.41845477010799,2000.0,33.74175033762015,0.8282439395240924,5.3665816627287075,0.24071330757921497,0.12064243672289746
10930319740.728321,3862920929.3381557,755983934.52168,4.380319216824887,28.04150809754743,150.22883262367193,149.22883262367193,2000.0,33.74175033762015,0.8598062805308189,4.440197901233262,0.30930064311384703,0.1550175336813652
10807669712.677063,3660362756.0658584,1240736959.4056232,10.235143367496804,-42.437713193264806,111.18811615423725,110.18811615423725,2000.0,33.74175033762015,0.8304977145658202,5.683562654143017,0.2243789835166114,0.11245588203278978
10307240711.43497,3877994593.6887155,1239021084.0345988,-1.9194595869902775,59.786235569226726,-50.103382274200804,-49.10338227420081,2000.0,33.74175033762015,0.9466125185579676,5.5479124214258615,0.2638645222846484,0.13224552997622466
10892296957.153961,3724637130.6709905,990880867.786908,-16.58694239925497,110.75718166020982,138.12580471172654,137.12580471172654,2000.0,33.74175033762015,0.877464080906869,6.245695954790817,0.20828584289427074,0.10439020540390419
11205478334.017805,3726199165.211299,1129425532.0044584,-11.342300412876098,14.360784845412768,237.81453313613954,236.81453313613954,2000.0,33.74175033762015,0.8756740076090704,7.518209650318688,0.15506775300308157,0.07771797815241159
10977341586.092237,3782233692.154794,1235530257.4691913,-12.791985488145922,-64.06282088104248,165.196350869612,164.196350869612,2000.0,33.74175033762015,0.8345739061096351,6.2764475446985095,0.19670710528443391,0.09858708993233402
10666839188.914614,3717082553.5109143,948202375.576515,12.670686061030157,59.34596133052136,66.3603681642084,65.3603681642084,2000.0,33.74175033762015,0.9705794379267882,4.894480689566797,0.31447274922804047,0.15760972723676453
9897120064.79352,3702402217.564543,1143693166.4720964,4.3101874101772255,24.110805026816884,-180.6488386282637,-179.64883862826366,2000.0,33.74175033762015,0.9115003800834495,5.79164345033043,0.24021078863138576,0.12039058064158964
9627570148.046942,3837380431.1046658,1169861802.5389223,55.04299186389811,-4.233355362999236,-266.44924194871726,-265.44924194871726,2000.0,33.74175033762015,0.8947364478489817,7.411702432375719,0.1623771392709553,0.08138134923552039
10627580845.050642,3727903198.6588264,757849095.7853634,-4.833050138697251,-80.4142877897139,53.864049197103434,52.86404919710344,2000.0,33.74175033762015,0.9149002182507702,3.5726602798942912,0.4018904656385072,0.20142237069453975
10140629676.064808,3537898839.9763966,794432786.0678529,2.104668717698327,-4.102597383118308,-103.1373219798409,-102.1373219798409,2000.0,33.74175033762015,0.9650993995071783,4.036015126108406,0.3810399686651179,0.19097236779669294
9987254865.62795,3906916398.095188,1167145497.9290411,-17.55458831843416,-11.876899166067473,-151.9580404334574,-150.9580404334574,2000.0,33.74175033762015,0.9263207735108426,5.631174456117082,0.2533051140423375,0.12695328937051986
10026158344.9314,3808105191.9987736,1139941861.1048946,2.82326875869389,-12.49729903193392,-139.5746783642229,-138.5746783642229,2000.0,33.74175033762015,0.9647584924855268,5.7659536549341,0.25575447695733816,0.12818087879403825
10499166441.421925,3867528852.184208,823112474.2901663,-12.405642063209731,-16.668054559961405,12.988474993687035,11.988474993687035,2000.0,33.74175033762015,0.982052402519979,3.9815724054502946,0.39262452311020535,0.19677839859183083
10922416604.099152,3528540744.407343,1213662105.5047917,-23.96872341493113,38.03276059117702,147.71318610274605,146.71318610274608,2000.0,33.74175033762015,0.9745915369333416,7.325915862544078,0.18039772216672717,0.09041303532540323
10630035226.38533,3950377030.9668636,1197935293.521543,4.507166318196989,-16.6515196049682,54.645303040399654,53.645303040399654,2000.0,33.74175033762015,0.9444744744116753,5.608084278425319,0.2596460961413853,0.13013130864722167
11128239765.628456,3769021132.700572,912901887.3129587,44.394262231184,17.071641383025497,213.22873322312694,212.22873322312694,2000.0,33.74175033762015,0.6987186317069632,4.845645573095723,0.22894848117197214,0.11474605592174635
10381758956.682665,3654941664.5113587,917491614.6181979,-24.142730876977115,-75.38976770855602,-26.38348811079152,-25.38348811079152,2000.0,33.74175033762015,0.9759370396605375,4.3661953359403665,0.3571102102862262,0.17897907839340715
10197003072.306011,3880606386.653793,777634823.9628867,-18.171935040841007,-39.08317046869945,-85.19311263850975,-84.19311263850975,2000.0,33.74175033762015,0.971179930903847,3.8385621101106997,0.4012762795634107,0.20111454847462973
11139751146.995953,3787041794.6097393,981542356.0151188,-1.1063955971031443,-0.27174528466556214,216.89291971603296,215.89291971603294,2000.0,33.74175033762015,0.8139758792587218,6.0714504266407605,0.2011252018023128,0.10080138350402802
10476447792.349169,3860449926.563909,777141216.5954741,7.068795723285692,-35.24154787947477,5.75690439308865,4.75690439308865,2000.0,33.74175033762015,0.9682657712423727,3.721367541041953,0.4110151454685567,0.20599554373629683
10363190942.551373,3942174303.6208863,1041162459.8837786,36.26856704129602,1.541923996020443,-32.293870575582204,-31.293870575582204,2000.0,33.74175033762015,0.9669176184332476,4.9563500578464135,0.30885488013508317,0.1547941229671851
10037932645.891117,3778849097.790773,1090585815.5130477,-18.09109650033775,-1.9197206129042936,-135.82680196584175,-134.82680196584175,2000.0,33.74175033762015,0.920684381008609,5.175568699162966,0.27961077657530004,0.14013735160414792
9994775024.336117,3708441127.1986446,1064623526.2114246,-3.9281580756811594,7.538722288165164,-149.564299570977,-148.564299570977,2000.0,33.74175033762015,0.9289723761917432,5.2812023426056065,0.2753484054399971,0.13800110560615272
10188925957.357836,3820311589.048983,753936645.4357684,-22.277286707948,-12.984355837897917,-87.76413817835686,-86.76413817835686,2000.0,33.74175033762015,0.955598441927684,3.6147328769775937,0.4157211742014411,0.20835414525830162
10700599609.427902,3749468730.4105062,1088812341.9081447,-24.55537532587785,25.32309741463565,77.10664377531016,76.10664377531016,2000.0,33.74175033762015,0.9805619436511623,5.786367779061764,0.2587249168449383,0.12966962534396068
10587602758.12145,3685138783.1588974,1168293131.3141036,-13.377174909008186,-53.761595455962905,41.13862889682677,40.138628896826766,2000.0,33.74175033762015,0.9306719974665152,5.393418926371446,0.26881577699948345,0.1347270356297368
10053005572.732075,3623010069.3718066,796680099.109086,-31.356129661786785,-15.706951719808217,-131.0289403386399,-130.0289403386399,2000.0,33.74175033762015,0.9068104621644341,3.8368132303418045,0.37483073890044205,0.18786038110797892
10671799861.56695,3928287072.75608,1072621045.9004642,12.185039899501199,60.44811741712988,67.93939931156854,66.93939931156855,2000.0,33.74175033762015,0.972935627813913,5.437988916296124,0.2781539396216887,0.13940720352152147
10473104878.592325,3693875963.343757,1208988372.0389996,29.019295431891386,-16.376758567548258,4.6928218956255465,3.692821895625546,2000.0,33.74175033762015,0.9161765569667114,5.446171427102908,0.26143397858732864,0.13102737250435476
9934280568.448986,3848794100.743002,828197486.7320693,-14.796220838378602,60.79748283349878,-168.82028293915994,-167.82028293915994,2000.0,33.74175033762015,0.8295080658547065,3.790845420937183,0.3465261960778928,0.1736745055916608
10420145601.93617,4014265640.569093,1266438238.797318,-20.041021573548445,13.945564542852933,-14.164639429170572,-13.164639429170572,2000.0,33.74175033762015,0.9681441491864774,5.785853170109555,0.25547870624507346,0.1280426660336429
10948828608.975445,3868953912.4676676,1302054906.1386373,36.435430878033245,-9.292477759294174,156.12038836880467,155.12038836880467,2000.0,33.74175033762015,0.7766694164883998,6.004855291773637,0.1948725529715464,0.09766763573369341
10561948527.453186,3690347971.4318132,1143592237.585075,-6.5166916877609635,3.701535274437513,32.97263365267882,31.97263365267882,2000.0,33.74175033762015,0.964061524384714,5.4307063482738505,0.2760794720151068,0.1383675068405293
10244061575.820204,3731621284.883038,1241244928.2679534,40.882560491683556,63.367029773999654,-70.21392574092759,-69.21392574092759,2000.0,33.74175033762015,0.9649043486954073,5.7914798124718905,0.2542940990923722,0.12744895605184547
10524944519.56129,3910261382.2040343,875786464.6476234,-81.34738466802622,-12.278208972430873,21.193892112265537,20.193892112265537,2000.0,33.74175033762015,0.9301188990367857,4.435812794688166,0.33493242155229047,0.16786385380987584
10067414203.744526,3573616218.146185,1115173888.1358225,-5.240826430168877,-43.82064650603209,-126.44253064100234,-125.44253064100235,2000.0,33.74175033762015,0.9672860587599889,5.689222580966139,0.26099529021043555,0.13080750749031528
10027004468.25382,3719737190.627749,1274188374.6575155,-29.03657586014821,19.974762197505235,-139.3053489457659,-138.3053489457659,2000.0,33.74175033762015,0.8526400952107733,5.534987123214769,0.2383784760837063,0.11947224898467763
10687792714.173779,3778610160.7061753,737546945.3216815,-15.55180300743941,28.601875837588388,73.03008240460233,72.03008240460233,2000.0,33.74175033762015,0.960256337457125,4.037246220502652,0.3790203776773645,0.18996017457648226
10635478801.806417,3838634681.7337346,1210065448.3501883,21.82068936084659,34.02518262401789,56.37804691311882,55.37804691311882,2000.0,33.74175033762015,0.9494599489940723,5.729523398337978,0.25381910582648204,0.1272108954909224
10494798711.026644,3717935347.618402,854562555.493159,29.480909544447357,-60.08961167709279,11.598183228683709,10.598183228683709,2000.0,33.74175033762015,0.912976260034487,3.99349652936537,0.36400708086016753,0.18243570187704616
10885944248.789356,3818954480.0656605,1198064331.7869797,-5.548953196351757,15.940838226099153,136.10367483523032,135.10367483523032,2000.0,33.74175033762015,0.9454172960641347,6.542989023758787,0.20956784180818822,0.10503272689308366
10333719705.923498,3630265361.851668,1101445233.4579308,25.412918803706287,2.862747002642167,-41.67485655229646,-40.67485655229646,2000.0,33.74175033762015,0.9631308216601293,5.194070337505115,0.29125825781736037,0.14597492050658167
10521399327.890963,3730831698.8678823,1198327041.684922,-31.975231378511232,-9.630295878034858,20.065422555183662,19.065422555183662,2000.0,33.74175033762015,0.9671033334365513,5.664473344592869,0.2624372907896071,0.1315302197714792
10194383752.831308,3693582648.4382753,954456145.9337752,6.841191287329181,-18.545612938343798,-86.02686792238138,-85.0268679223814,2000.0,33.74175033762015,0.9813213457335636,4.760509111279739,0.3279142836879459,0.16434645270843018
10669735128.704681,3808534596.252905,984423932.8055522,-5.0481078705942455,18.631508830336447,67.28217442917995,66.28217442917995,2000.0,33.74175033762015,0.9702789002742362,5.020674219352809,0.30537196618212026,0.15304853095813778
10769694033.245995,3959895297.9290085,1273063889.0197048,-48.189433791193636,-2.569726757453078,99.10008195678174,98.10008195678174,2000.0,33.74175033762015,0.970192218823832,6.785374329132652,0.2033856717725275,0.10193430219509746
9843013957.148487,3704389571.8681164,753684072.0058235,24.429406397528556,-1.7391247597079569,-197.871347594602,-196.871347594602,2000.0,33.74175033762015,0.9055063239141463,4.629865538745327,0.31182069402928103,0.15628055102827146
10769535835.547798,3898626097.860939,805415451.9923193,-19.489445496097765,79.11393456682748,99.0497260654743,98.0497260654743,2000.0,33.74175033762015,0.9065587867670417,4.746751150877742,0.3038931120083397,0.15230734812584254
10664584682.969198,3783279827.547543,1302614022.2288597,11.340055709414516,2.33183146541218,65.6427366333225,64.6427366333225,2000.0,33.74175033762015,0.9235235597332538,6.050652994008382,0.22928871461631092,0.11491657658050197
10716936529.060244,3771692134.870047,1266338623.8697011,-22.077197515855183,-45.733656813369116,82.30684680407448,81.30684680407448,2000.0,33.74175033762015,0.9344533014412263,6.107852864768718,0.22896669545419834,0.1147551846874678
10565130508.401781,3869094914.8216186,799733341.5242548,4.173760995972553,-36.3822559238098,33.9854896462651,32.9854896462651,2000.0,33.74175033762015,0.9524551807599031,3.8198631868815736,0.39523757841449353,0.1980880285511021
10782729717.292683,3660124521.5387087,1302995647.5100684,16.41063515502017,-30.10151645178224,103.24946906201087,102.24946906201087,2000.0,33.74175033762015,0.830923652689748,5.87189443255772,0.21496694192365837,0.10773868694403282
10474061162.231773,3953235229.7092433,871934158.1118399,-0.7691445739903454,-63.76368767699539,4.997216432057713,3.997216432057713,2000.0,33.74175033762015,0.959656386527397,4.134598607239461,0.3703871381064263,0.18563330511868223
10707074578.580898,3587657417.4399667,1253465028.8951929,-13.99615618654553,42.87437920612169,79.1676904694439,78.1676904694439,2000.0,33.74175033762015,0.968583625192835,6.485837504617028,0.21754713698335912,0.109031847768223
10604748015.80829,3844657406.81463,1261178042.3095665,16.218241074080158,73.42553096448319,46.59613391971659,45.59613391971659,2000.0,33.74175033762015,0.9738412063022682,6.091480916861163,0.23951904714196381,0.12004388863812106
10338886398.061377,3651146637.658738,724771503.5628229,5.25687046870266,-24.99555304973101,-40.0302473659417,-39.03024736594169,2000.0,33.74175033762015,0.9862329790768586,3.565351026713115,0.433954721903824,0.2174925665904698
10222830680.86081,3611430868.884001,716226937.1840701,-12.35154588620347,35.77824681710433,-76.97192949903246,-75.97192949903246,2000.0,33.74175033762015,0.9476047935908565,3.349873626935076,0.4381672221551967,0.21960381793810949
10303065748.186949,3879462637.8002176,909401864.9277786,0.6094035165371695,-29.77062863066343,-51.43231435050022,-50.43231435050023,2000.0,33.74175033762015,0.984669699399695,4.408552001666502,0.3568086495073798,0.17882793998088664
10718215463.443613,3863183928.0616317,1277253414.2302856,-2.870359429033212,-27.21992324228305,82.71394426208136,81.71394426208136,2000.0,33.74175033762015,0.9224951466911273,6.044475376198224,0.22935940450559295,0.11495200545055664
10327059977.560879,3654070913.0574226,1192116309.523239,-10.076087738518199,-69.33657487287547,-43.79471392941681,-42.79471392941681,2000.0,33.74175033762015,0.9490360045521943,5.53124179182599,0.2655574623058329,0.13309400990213902
10500453828.317337,3746627256.9258523,945844702.5793461,24.597596312769994,-2.4969846828702966,13.398262969840275,12.398262969840275,2000.0,33.74175033762015,0.9558762798124976,4.441045721625319,0.3437930655255623,0.1723046954509961
10495505139.086466,3759616516.7389503,1232705965.9466245,47.954352433790554,48.555113726064576,11.823046264002711,10.823046264002711,2000.0,33.74175033762015,0.9375108471531999,5.594451047195436,0.25854205507614697,0.12957797735992396
11076557210.54804,4005956908.1667166,897570245.5739186,-14.773478885604227,49.74434317498463,196.77766499779233,195.7776649977923,2000.0,33.74175033762015,0.8155046444850957,5.854991201681985,0.21180066464592406,0.10615178919430829
10233145371.69419,3981145059.2786202,921835938.3762634,-3.806205490519976,20.709268816420686,-73.68866143383836,-72.68866143383836,2000.0,33.74175033762015,0.9658592667808444,4.3414944645553755,0.3554384484612723,0.17814121270907485
10507158135.277138,3703304614.8147087,826285045.4493462,-26.70946056511491,-10.742513354835827,15.532310155155637,14.532310155155637,2000.0,33.74175033762015,0.9854142318697284,4.062092408293635,0.3867315372725807,0.19382490932206706
9886245353.959743,3594639194.165165,1294527823.1164095,-37.611805995105975,47.458137074306244,-184.1103665960447,-183.11036659604468,2000.0,33.74175033762015,0.7360864903125921,5.266747799408496,0.21890418631860623,0.10971198357045123
10243795330.769043,3859652021.066079,1199597101.0914967,31.165468498822943,68.62485859281182,-70.29867417285959,-69.29867417285959,2000.0,33.74175033762015,0.9693222806408236,5.5624191535002065,0.26929375375434994,0.13496659147724652
10855046250.473433,3879672489.9253893,991857120.9764762,-19.179088405622682,-30.388797930883186,126.2685365079817,125.2685365079817,2000.0,33.74175033762015,0.9203839352763539,5.352056924751837,0.26838815031168106,0.13451271459305195
10947981050.286016,3743838027.621645,871216419.6493298,9.017281916199124,10.452554986258592,155.85060205883866,154.85060205883866,2000.0,33.74175033762015,0.857400787554088,4.910567879357962,0.27677514703425665,0.1387161702788806
10070881481.454607,3712313852.2724967,1298441752.9018283,-38.242837016654754,-2.114658542622549,-125.33886186773883,-124.33886186773883,2000.0,33.74175033762015,0.862647281141781,5.611918558190041,0.23694164650806843,0.11875212834446984
10767936250.538631,3700237021.9656315,951914227.2274628,-18.263330405126858,-25.486440413364807,98.54056234326514,97.54056234326515,2000.0,33.74175033762015,0.940997524879069,5.007014423726382,0.2970893193151752,0.14889737408778198
10228654024.528143,3825353122.2856402,838600213.125483,12.751866048230776,-46.51578401337471,-75.1183016390744,-74.1183016390744,2000.0,33.74175033762015,0.9784378440695316,4.311022130994882,0.36260269609052936,0.18173184215940294
10563773327.54844,4021073710.850956,968862168.905721,12.792282498496839,-32.93718525411694,33.553485563307575,32.553485563307575,2000.0,33.74175033762015,0.9426388430010851,4.529854342446617,0.3321696106003551,0.16647916823184022
9756136085.776741,3591998601.1692243,1148144632.980857,6.084490052365102,4.335469124745273,-225.5254329428325,-224.5254329428325,2000.0,33.74175033762015,0.918076704083693,6.421130744832575,0.20929839258279165,0.10489768238120414
10436717676.689201,3832478202.6228294,1179538337.7635057,10.940029097600982,10.05586783121744,-8.889584200704073,-7.889584200704074,2000.0,33.74175033762015,0.9688984171779687,5.440747338781071,0.27682385518570407,0.13874058218255964
9949200834.043041,3616123383.034192,776668934.0629152,5.609901447039826,5.5065983346712155,-164.0710148960843,-163.0710148960843,2000.0,33.74175033762015,0.9210354937539762,4.255428464907559,0.34572717727229785,0.1732740475668685
10009598921.397032,4026963590.156708,1286235208.2760038,27.524372734157676,50.55653168826726,-144.8457065847169,-143.8457065847169,2000.0,33.74175033762015,0.9568756828560319,6.259248862915131,0.2264282612846289,0.11348295388827634
10620381808.049519,3723815605.206371,1121020198.6973255,46.92828632271179,-27.237130322109117,51.57252454864294,50.572524548642946,2000.0,33.74175033762015,0.8422370435627328,4.87790514899279,0.27393266579994746,0.13729155497241977
10572681730.166584,3832873930.172724,748364059.766478,15.273610111345832,-49.741983702208266,36.38911818676809,35.38911818676808,2000.0,33.74175033762015,0.92961286056772,3.5245610258122966,0.4129010817537328,0.2069407509258615
9957911143.163202,3907924382.3742914,1220179449.2617798,-3.5672092512851923,-46.599877162140466,-161.2984373914202,-160.2984373914202,2000.0,33.74175033762015,0.9733201283890667,6.3696763336447315,0.22453708042489087,0.1125351181848954
10461503536.454012,3650599862.3639174,1302048607.9744208,-29.11451765985381,15.601502670809467,-0.7855850222006582,-0.0,2000.0,33.74175033762015,0.9362924635237917,5.930793135475081,0.2389638540869294,0.11976563296673928
10762842009.64292,3612045375.893839,1220368923.281648,-14.01611367614659,-21.289177033314903,96.91901510355828,95.91901510355828,2000.0,33.74175033762015,0.9276851257038489,6.0883085608142125,0.22833355437131095,0.11443786245963969
10049868943.611753,3843810182.5573964,716271531.3077711,-9.49139113661754,-65.09214570882878,-132.02736039693013,-131.02736039693013,2000.0,33.74175033762015,0.951672374460325,3.9532294481123236,0.3829697910185816,0.19193957012341747
9601006225.563643,3689995423.8865824,998349860.3044124,39.699544363400314,36.50075899358028,-274.90480109097126,-273.90480109097126,2000.0,33.74175033762015,0.8936085359103133,6.434277048029458,0.2031045271284241,0.10179339608867015
10466559784.996834,3906475766.009098,1069027046.1686456,-43.63401904406176,55.24926046147901,2.609453898182418,1.6094538981824185,2000.0,33.74175033762015,0.9296336973511075,5.107053946148476,0.2868180395603828,0.1437495398016658
9981531792.522755,3847889714.6339445,1250963806.4136465,-22.69003571510036,7.1363844321972865,-153.77975118219385,-152.77975118219385,2000.0,33.74175033762015,0.8863962715972049,5.719701296325579,0.23749681565675593,0.11903037203429574
10507245558.118391,3800649531.6303983,1016415122.8610734,-29.228115680257936,25.389808622752515,15.560137709804833,14.560137709804833,2000.0,33.74175033762015,0.9763937140782379,4.962316568915393,0.31145357332141455,0.15609655481628856
9993932956.055033,3813516596.2090344,757391981.4790409,23.658814916199304,-55.10591587591529,-149.83233822968785,-148.83233822968785,2000.0,33.74175033762015,0.9252277124406547,4.506511242772841,0.3277913644247041,0.1642848471429265
10532365307.81642,3691042474.07719,1278682380.1035633,-19.913546057229773,-55.788387065725715,23.556002377149614,22.556002377149614,2000.0,33.74175033762015,0.9309018587138574,5.791435906184929,0.2453354501479616,0.12295899557035843
9999769925.149433,3923545427.248203,1289769546.710729,-51.737867102193675,6.413230180769752,-147.97437326159096,-146.97437326159096,2000.0,33.74175033762015,0.8209741816812464,5.390445012937524,0.23729303890013415,0.11892824172536694
10265062550.28927,3650991732.2274733,1006309421.0173489,-57.8730150356818,8.272589167317761,-63.5291079479303,-62.52910794793031,2000.0,33.74175033762015,0.900672472378692,4.429419842351363,0.3248066446961287,0.16278894371900907
10509698492.74196,3651203444.60056,742852209.7297976,7.974916779837631,-7.604448240161814,16.340931050649516,15.340931050649516,2000.0,33.74175033762015,0.9715204021693676,3.582052964827454,0.4258401722560638,0.2134256579003777
10368885240.825909,3797168542.820295,1221064850.6144526,-46.20816181721583,-11.403293332892156,-30.481319139918053,-29.48131913991805,2000.0,33.74175033762015,0.9396563766174872,5.48762559714843,0.26558681181256993,0.13310871950022887
10634435128.766634,3920575651.8642745,1161874578.0353427,29.9680918780009,-24.798926839851866,56.04583546661225,55.04583546661225,2000.0,33.74175033762015,0.8886792412856891,5.212248530591202,0.2676209959029956,0.13412822659719792
10842773407.054893,4078515514.842951,1301640893.51026,28.89897259586789,56.92178612003757,122.36196911627505,121.36196911627505,2000.0,33.74175033762015,0.931100976844652,6.5822196482214315,0.20453838261964727,0.10251202615573755
10816792176.680502,3777781514.3739166,714766973.5585293,-32.42146429152295,-33.79715386229201,114.09188663288762,113.09188663288762,2000.0,33.74175033762015,0.9162146794147129,4.07266830884389,0.3586992055465163,0.17977546253215881
10461503536.454012,3860301001.043513,975460825.4225386,-10.305898854341219,-5.25703643608802,0.9559134770347547,0.0,2000.0,33.74175033762015,0.9832881869660384,4.631767979250717,0.338457407659801,0.1696305318456736
10815591343.811134,3757157374.0725923,883104537.6097649,-0.2875485594998393,40.99831310651466,113.70964965891346,112.70964965891348,2000.0,33.74175033762015,0.9391272265209543,4.999391627594446,0.2970197093233346,0.14886248644853858
10293973520.290257,3903842335.8184133,775889340.1156517,-42.59028757203045,-40.252083464709905,-54.32646037745343,-53.32646037745343,2000.0,33.74175033762015,0.9700890472830885,3.660181028781559,0.41763174072093634,0.2093116968068683
10261852236.934593,3769578764.2774243,1157893932.9117663,-35.41007629063176,5.690460611641559,-64.5509824264719,-63.550982426471904,2000.0,33.74175033762015,0.9270217251881884,5.1422657091766855,0.2837026165423913,0.1421881295576999
10281877455.031885,3777591887.08296,918059612.5913106,-18.706628790127667,-4.515853892114792,-58.17675753311732,-57.176757533117325,2000.0,33.74175033762015,0.9701153670161111,4.305141488415265,0.3600055824184524,0.1804302019426791
10611846940.037327,3768509119.216683,734040095.2132874,-2.1133582235741497,24.373853754402553,48.8557916830885,47.855791683088505,2000.0,33.74175033762015,0.9710377910789225,3.7568157844992616,0.4088411053305023,0.20490594257371067
10423455216.432823,3734481011.687478,791671531.069806,6.5298457185317105,-96.47386644613923,-13.111156415428859,-12.111156415428859,2000.0,33.74175033762015,0.9404047895654776,3.832938980568114,0.3890638985941814,0.19499385904065936
10451556085.225899,3733713464.990889,1201039848.891116,-53.533965304183816,-11.700843783856417,-4.16637206823934,-3.1663720682393404,2000.0,33.74175033762015,0.9450419546146628,5.558719182728719,0.2627720510470621,0.1316979973388414
9991867558.109161,3650951008.454266,1079193007.1816752,5.504978987163637,-30.990510193188637,-150.4897748147624,-149.4897748147624,2000.0,33.74175033762015,0.973848098406397,5.788475555404001,0.2568287659585932,0.1287192987266935
10720286520.892418,3868730088.066511,841245662.7377052,-4.420871193025668,43.05886192514296,83.37318232289051,82.37318232289051,2000.0,33.74175033762015,0.9559292835922949,4.565651148872835,0.33408782638433343,0.1674405534941125
10570078249.478937,3681242870.549781,1134092905.8618932,-8.622351271785316,-2.198371470040498,35.56040454540152,34.56040454540151,2000.0,33.74175033762015,0.9629346147584332,5.398026156170532,0.2778396242858461,0.13924967268786387
10516737242.910986,3749921724.5707693,789709839.1609288,-14.102690576718931,-22.207403428561275,18.581434815828135,17.581434815828135,2000.0,33.74175033762015,0.980039291791137,3.842694152460537,0.4045517391772808,0.20275616701736315
10484731188.950727,3822212993.9132776,1120178175.044193,27.408062688694205,34.962658136758556,8.393591422545994,7.3935914225459936,2000.0,33.74175033762015,0.9669428845718,5.210500535575974,0.2913068978208053,0.14599929825535188
10698793266.361496,3895853136.0254235,1109129237.9686584,42.30526776112134,25.246965477911015,76.5316669194335,75.53166691943352,2000.0,33.74175033762015,0.8994902571356914,5.151533292029741,0.2746901803041466,0.13767121157121187
10655684444.766357,3592564176.8883157,713678388.9893059,-14.049924168024239,40.11705361369481,62.80970282396762,61.809702823967626,2000.0,33.74175033762015,0.9734299215281371,3.9293071212962403,0.3938891150435312,0.19741219592456177
10093008173.31619,3740085630.888839,1021745515.703921,-6.047360309732151,42.75210531775724,-118.29571709965431,-117.29571709965431,2000.0,33.74175033762015,0.9142061478233711,4.715108969983089,0.3086975910895161,0.15471529170555748
10658769774.455372,3834531938.1103625,1152524463.210446,-45.58224701705656,30.36746225666687,63.79179376611727,62.79179376611728,2000.0,33.74175033762015,0.9566912872960223,6.028814648880264,0.23872085096548742,0.11964384290454098
10125984264.356628,3760649240.271385,1172140278.8084853,-12.545591581768688,-22.576807184388848,-107.79910131378627,-106.79910131378627,2000.0,33.74175033762015,0.9559185980737236,5.58047666533425,0.2644680692470106,0.13254802000865512
9755468265.42553,3769062323.1469717,1139978027.3638391,17.870366562249167,11.771125511706163,-225.7380067628179,-224.73800676281786,2000.0,33.74175033762015,0.9355225381865016,6.48597196325391,0.21011500043276757,0.10530695581049189
10004562998.958485,3835244494.0618362,1249165851.350903,-4.116772618915513,11.705005591509494,-146.44869048296127,-145.44869048296127,2000.0,33.74175033762015,0.9279028844893511,5.949506561056259,0.235804380510519,0.11818214514525968
11082311085.073647,3945101346.92235,1170724176.843085,8.676847200729988,14.255643585659865,198.60918014315382,197.60918014315382,2000.0,33.74175033762015,0.8596071744579368,6.704790005872118,0.18357816775221167,0.09200703405009429
10174202119.645353,3750617679.1941466,1271659034.7797318,-4.298769328665184,13.349383046737278,-92.45088128480576,-91.45088128480576,2000.0,33.74175033762015,0.9388082281607268,5.792272621449829,0.24737147871521037,0.12397942709556395
10274741187.833843,3789900692.0185513,962865467.2611958,1.5695922756746545,3.660936657409638,-60.44830193270316,-59.44830193270316,2000.0,33.74175033762015,0.979100818089679,4.5852985971261315,0.3406414978315475,0.17072516995684375
10252153943.980036,3804796528.6486545,731112696.5165489,17.47560845591142,-16.511624806844722,-67.63804495301413,-66.63804495301414,2000.0,33.74175033762015,0.9813754249656014,3.7211398830745335,0.4166018461048968,0.20879552677332783
11015301879.18881,3649099789.6121655,820516336.9559791,20.30606767517062,-2.8293641979802,177.27948744468543,176.2794874446854,2000.0,33.74175033762015,0.7778325736510594,4.493861940978336,0.27637574879819615,0.13851599698183384
10179103082.592293,3936261980.6474533,885527652.037381,-55.27057492327775,-38.71935468316958,-90.89085632697447,-89.89085632697449,2000.0,33.74175033762015,0.9305971327688346,4.045215715091597,0.3666402485075512,0.18375541188591524
10819851710.413076,3890007057.881202,735758532.5510712,-6.892017012400936,-35.41995378342424,115.06576646707887,114.06576646707887,2000.0,33.74175033762015,0.8825676844871455,3.8537826704463156,0.36338730787567064,0.18212507956946924
9999460889.48298,3749591661.187906,776166025.4216863,-81.9209650222666,28.555606455496516,-148.07274236940614,-147.07274236940614,2000.0,33.74175033762015,0.7669501866121862,3.0540670369479033,0.37962993778312276,0.19026567831961677
10074086130.92206,3667324333.9901867,1026167919.5441537,-0.300326372256389,-12.603055649334054,-124.31879026049492,-123.31879026049492,2000.0,33.74175033762015,0.962587751587266,5.175036509832048,0.2923726069959023,0.14653341808866993
9590213279.295877,3694259552.564137,864039900.7027937,-15.840431413961262,3.6420222811858833,-278.3403025890513,-277.3403025890513,2000.0,33.74175033762015,0.7708951763726007,4.94773708269952,0.24672980752840679,0.12365782968855153
10570279055.564632,3680159472.705521,884159497.8935275,-17.100872222937806,-21.242314419760778,35.624323107684184,34.624323107684184,2000.0,33.74175033762015,0.9738995249589881,4.338988280231209,0.358604162204891,0.17972782802269494
10979632918.066444,4052878027.0994225,1161750892.1702535,42.98385530418442,-64.40495279054565,165.92570448953106,164.92570448953106,2000.0,33.74175033762015,0.6807741381565212,4.883042019873052,0.22115606146162964,0.11084059464385715
10083203318.333178,3708273838.8997135,1230677808.4290729,9.527196987479442,-15.817974815588672,-121.4166993733458,-120.4166993733458,2000.0,33.74175033762015,0.967659134453328,6.102817136814319,0.23737812051701537,0.11897088354556418
10142228611.409258,3717964317.388749,1235158981.5490203,31.145686139019535,63.723402139472356,-102.62836505233379,-101.62836505233379,2000.0,33.74175033762015,0.9536486961149994,5.815654334217161,0.24993264535102994,0.12526305111662883
10570058790.430845,3685479526.4568853,935963595.5654669,17.131463921957383,-4.097774247125145,35.55421053801814,34.55421053801814,2000.0,33.74175033762015,0.9467786222322038,4.4206502735495725,0.34212390141567284,0.17146813170829067
9979373873.523684,3855759734.911857,1142365738.5148344,46.71524080534125,-26.905922972616505,-154.46663813318202,-153.46663813318202,2000.0,33.74175033762015,0.9368315334087041,6.339426237113059,0.21763005749549438,0.10907340647031104
10205426833.83469,3706546788.549896,1229231811.0176148,-7.088965060615495,27.33547667077366,-82.51174606507658,-81.51174606507658,2000.0,33.74175033762015,0.9301733451637522,5.5206255139370874,0.2609163766970192,0.13076795704483035
10894472769.00546,3646824289.907675,802223186.7357366,-7.284155138640345,-19.11413295006891,138.8183871345347,137.8183871345347,2000.0,33.74175033762015,0.874935548206227,4.4876453982697155,0.31132322612957025,0.15603122646779705
10559593301.832193,3575050350.0255146,832419325.4968737,-2.740146237695474,-24.203435965657174,32.2229420533235,31.222942053323496,2000.0,33.74175033762015,0.958510358643063,4.006542460815855,0.38101543080017286,0.19096006973204202
10593023775.233536,3737861070.0348454,1104818669.0587692,68.1362542265605,-61.70920898564007,42.86419223677504,41.86419223677504,2000.0,33.74175033762015,0.7504019795873426,4.57698743355503,0.2615743939135798,0.13109774687327744
10474926334.52037,3937928824.431784,871991954.3821943,-12.293335214465417,-67.74083808144253,5.2726093247704275,4.2726093247704275,2000.0,33.74175033762015,0.9688030245966829,4.146960681363939,0.3728545247983254,0.1868699278290839
10376383824.357721,3762292542.53074,827623783.7467422,0.6322350001413103,16.381433406211617,-28.094445869367117,-27.094445869367114,2000.0,33.74175033762015,0.9848194012791048,3.947192194050867,0.3968600441422982,0.19890118766087558
10681795559.745892,3689872485.988535,934075355.3706474,38.24884490212379,5.402922396011694,71.12112886123501,70.12112886123501,2000.0,33.74175033762015,0.8896703495236957,4.340074184633692,0.3275078382305425,0.1641427474340138
10505831674.9694,3705828721.327737,720045349.674251,25.676284571258808,1.4624210453570743,15.110084725572445,14.110084725572445,2000.0,33.74175033762015,0.9640342296715053,3.453905562141662,0.4352130389599918,0.21812321903487655
10239958402.244902,3538646443.1642203,977180694.9109421,-13.89046726019523,27.27048858210535,-71.52000645467434,-70.52000645467434,2000.0,33.74175033762015,0.9372199596280707,4.467062349053296,0.3350698059377375,0.1679327091099616
10462682484.73433,3793953913.758775,739093961.613636,48.6103326949578,-18.157309759601077,1.3752708929242043,0.37527089292420435,2000.0,33.74175033762015,0.9350711714080379,3.5521463873593873,0.4126957809150065,0.20683785676643893
10531580116.604853,3897455401.000818,859303647.2071451,13.37661786095397,0.7059592528498322,23.306068251963236,22.306068251963232,2000.0,33.74175033762015,0.9678029735069508,4.110010540534334,0.3756521666467185,0.18827207020775993
10543712671.126945,3848711561.908723,842762635.3145546,40.348647182762114,-34.29045928024906,27.167980301009234,26.167980301009234,2000.0,33.74175033762015,0.9075747249525546,3.897280565710219,0.3699596297540608,0.18541904339020762
10472140372.88865,3688215544.58406,910893751.3748193,16.884460070931503,-34.03987937915469,4.385810194865358,3.385810194865358,2000.0,33.74175033762015,0.9516979615827083,4.288668813637477,0.3545130753806288,0.177677427534714
11125694244.222998,3869668287.4398165,786656602.3707293,21.694966438691438,-29.606077404093902,212.41846859427707,211.41846859427704,2000.0,33.74175033762015,0.6892015588770539,4.207201168122366,0.26159300952354464,0.13110707677933803
10387847705.31562,3900424765.040567,997197634.3825654,-20.714925702601906,38.103118776925186,-24.44537922643373,-23.44537922643373,2000.0,33.74175033762015,0.9661503436946547,4.65436065246807,0.33083286617216345,0.16580920898980817
10801495260.42411,3874071066.67112,1129109189.1151679,39.56737098033028,27.819701185169347,109.22272696035266,108.22272696035266,2000.0,33.74175033762015,0.8756183987228535,5.398154740387017,0.25263842457590396,0.12661915312114957
10406706958.747831,3621688159.1932774,916667807.1903723,-19.555881897963822,-39.80644419486929,-18.442292412915407,-17.442292412915407,2000.0,33.74175033762015,0.9766608485669684,4.336645258640258,0.3598149903341595,0.1803346796232011
10962494974.325094,3739362868.294401,1274827026.7872763,2.1447268532401096,-12.654488151429307,160.4705275677977,159.4705275677977,2000.0,33.74175033762015,0.8721228184468225,6.656688424350207,0.18832536039044745,0.09438626639594742
10127504036.578123,3810732405.6897907,1233775129.7545562,30.332211633202345,4.662603047752112,-107.31534279093701,-106.31534279093701,2000.0,33.74175033762015,0.975697400718638,6.120100403954552,0.23839937232340905,0.11948272191324748
10361443298.920326,3664753412.1081314,896628554.8608792,-9.468777550475142,-31.873367833735877,-32.85016282087038,-31.850162820870377,2000.0,33.74175033762015,0.9808399426148302,4.275066830574841,0.36651475265060374,0.18369251496454003
10918360233.391388,3684357781.0145807,733998246.1860744,3.331022289039927,26.562570033029235,146.42200320443854,145.42200320443854,2000.0,33.74175033762015,0.8703036768579467,4.372155940997272,0.3180205792168391,0.1593878543342304
10361337606.305145,3891610894.781469,1178020438.2108521,0.23131817391611784,-31.102815978532004,-32.8838058251791,-31.8838058251791,2000.0,33.74175033762015,0.9716314020108918,5.468295018963111,0.27584939790491225,0.13825219663371163
10705066639.064623,3666890185.1800327,856443353.077636,4.372735202889363,-13.341853782950151,78.52854347055434,77.52854347055434,2000.0,33.74175033762015,0.925791775461685,4.259491373714146,0.34718758017570744,0.1740059828580096
9835030964.62738,3738499434.4407406,912547244.9085178,16.468998024331857,-13.334513719112868,-200.41241303540156,-199.41241303540153,2000.0,33.74175033762015,0.9344976924786131,5.425930179873056,0.2679077119618445,0.13427192502556892
10273945505.832018,4033392799.4950757,1063036938.3834982,-41.79485477997173,-72.9765375339863,-60.70157538014267,-59.70157538014268,2000.0,33.74175033762015,0.9778977454562157,4.983703331503653,0.3104009999889735,0.1555690184996126
10718109652.771591,3918702678.5072565,1318472656.9831047,-14.623032456998228,-69.24046092384233,82.68026367911304,81.68026367911304,2000.0,33.74175033762015,0.9012201511586102,6.077515222260228,0.2223716260103185,0.11144982007730991
10365217039.548311,3736267488.6419287,892769985.3008058,57.622732499947176,-34.19326802381648,-31.648943871089326,-30.648943871089322,2000.0,33.74175033762015,0.9062195040051548,4.381503550132999,0.33043272353085595,0.16560866260635496
10454439452.01413,3708617839.0882664,995569951.5524745,-54.50426496655769,46.60474796250787,-3.2485679140514416,-2.2485679140514416,2000.0,33.74175033762015,0.9237004219483657,4.809771070001296,0.30517857093310186,0.1529516037282856
10034151563.609503,3804234918.6407785,1092331706.2735062,-17.768976415766502,22.760504178024235,-137.03035783655395,-136.03035783655395,2000.0,33.74175033762015,0.8962070078234597,5.018912951402246,0.28217402973518313,0.1414220213644361
10319149412.752232,3894346990.036848,1126378986.7763808,22.275736863652003,17.63542636882957,-46.31272491330678,-45.31272491330678,2000.0,33.74175033762015,0.9793196803570386,5.296395515209697,0.2892577013289056,0.14497226713441794
10265152665.418497,3737667362.5580826,839489497.345618,-51.361557229504704,-24.855019548978476,-63.500423411402714,-62.50042341140272,2000.0,33.74175033762015,0.9471161994957771,3.8571284544972255,0.38966412117239946,0.19529468293419708
10832494721.44459,4002387393.449503,1072770182.4151714,-24.04206084365181,-18.638184168910637,119.09016186954025,118.09016186954025,2000.0,33.74175033762015,0.9458711451458061,5.784253110077003,0.24969317173390115,0.12514302999693333
10169825612.284655,3699797990.623238,1041588222.7542402,-22.417981320022975,1.570045755469613,-93.84396684467228,-92.84396684467228,2000.0,33.74175033762015,0.934509351816438,4.787965933888661,0.31030377456549296,0.15552029035858014
9737939212.388645,3786968242.05325,1111284294.8518126,43.724778509261306,10.42334641724387,-231.31767763989816,-230.31767763989814,2000.0,33.74175033762015,0.9465819891788194,6.792888497308108,0.1980931176311264,0.09928174162614606
10222213453.570911,3771519368.385571,780328932.7244661,-24.23533514611491,-60.22084283552522,-77.16839904742939,-76.16839904742939,2000.0,33.74175033762015,0.9793320380370787,3.8678931741271128,0.40192095061852495,0.20143764937734202
10455221064.015635,3849801235.3987193,787207334.9424195,17.633288333064982,-28.27232852592709,-2.9997730868125325,-1.9997730868125327,2000.0,33.74175033762015,0.9655507274602325,3.7734666849331493,0.4049751984426458,0.20296839939512526
10384496035.604294,3666468532.948043,1304254896.446737,-17.572433690862237,-30.5352128544517,-25.512248830771757,-24.512248830771757,2000.0,33.74175033762015,0.9385303286007619,5.8388125134743625,0.24466230336029976,0.12262162299402511
10771938147.570927,4068516952.1037884,1210355882.5265052,0.291574642614489,51.50102662805463,99.81440573213429,98.81440573213429,2000.0,33.74175033762015,0.9685105016340126,6.336648149536347,0.22513318695899992,0.11283387916967265
10376668793.100273,3877117468.08722,1214164637.7968786,-31.605820872405463,-21.752478774234255,-28.003737501359513,-27.00373750135951,2000.0,33.74175033762015,0.9641347987763024,5.52906505360991,0.26991763057950463,0.13527927057736994
10824142532.572536,3696679207.2803564,1279034839.8254936,-41.04427611258362,-32.531462749700786,116.43157758029149,115.43157758029149,2000.0,33.74175033762015,0.9651958334809079,6.834886989400256,0.20004455717114095,0.10025977821079683
10425738836.341183,3856064893.3062954,1295195511.6261358,-13.069484069793031,31.881077058023994,-12.384257622311898,-11.384257622311898,2000.0,33.74175033762015,0.9572225491978181,5.886719048015529,0.2467976476424463,0.12369183028763595
10570658705.831018,3590525732.1131663,949885306.2527465,-38.39306439324815,-17.693332809554573,35.74516954076717,34.74516954076717,2000.0,33.74175033762015,0.9811314806750056,4.771606202097072,0.32701418420084516,0.16389533433650083
10727797182.340353,3715175092.5805783,1169420853.4251254,-4.92261349414465,36.42745764892807,85.76390011354772,84.76390011354772,2000.0,33.74175033762015,0.9719238893232004,6.077486252321975,0.23981902430164956,0.12019423336093532
10240871282.978748,3863391687.471002,1100958497.2014148,3.2997500694141144,-38.43066668675223,-71.22942749218424,-70.22942749218424,2000.0,33.74175033762015,0.980180345474518,5.332239683512567,0.2871322812855279,0.14390703374258154
10965937395.110619,3632133891.0806646,1051173704.4460435,11.404280494164821,73.9932592151806,161.56628413623466,160.56628413623466,2000.0,33.74175033762015,0.9325495075626609,6.457477879431059,0.2108259709602124,0.10566328516233249
10454810167.34203,3778348388.9758534,1123929014.5111785,42.604068235469526,-3.575145565664866,-3.130565560221027,-2.1305655602210276,2000.0,33.74175033762015,0.9277662261729109,5.155546431389482,0.2830635281889033,0.14186782663377184
10905828956.418613,3695152685.635437,904798170.9925246,39.56842741237437,5.140305544611583,142.43317385749714,141.43317385749714,2000.0,33.74175033762015,0.796623133981518,4.409345191465512,0.28861466532574814,0.14464998569887272
9822864809.04236,3843690721.3532577,1235243555.4227476,-30.80494399560427,-9.759795460982748,-204.2850206349636,-203.28502063496356,2000.0,33.74175033762015,0.8513550969920661,5.8956659918861,0.21905044575022714,0.10978528693037722
9775500643.596943,3841480536.935351,958125840.397348,-20.92285209299421,-2.2048446841781235,-219.36150274708461,-218.36150274708461,2000.0,33.74175033762015,0.8404438979002569,4.966138628198301,0.2678519827155498,0.13424399423878633
10150107031.920647,3679013143.8461113,800531308.4468741,47.125828557328155,0.43973081282588894,-100.12058591604558,-99.12058591604558,2000.0,33.74175033762015,0.9698515512007763,4.398516679091327,0.3522521048238499,0.17654425795604925
9800807466.242218,3753405619.5997677,716999687.5142866,-1.5429055807323266,-13.3671663395103,-211.30609091119373,-210.3060909111937,2000.0,33.74175033762015,0.8631234394853983,4.21319521635904,0.32715486965018636,0.16396584408766776
10236157694.488026,3860665281.0258126,1099478551.3896763,-10.78340043858283,48.60863706055551,-72.72980930818339,-71.72980930818339,2000.0,33.74175033762015,0.9377266904502255,4.944302548679447,0.30036271591123476,0.15053795867232603
10253547929.400457,3876166811.2194943,851340888.4979903,29.857905239606556,-89.28608043874996,-67.19432561249788,-66.19432561249788,2000.0,33.74175033762015,0.9070766484347741,4.416263256379855,0.328108635750133,0.1644438594808275
10583428799.75207,3685684780.6742086,1292405681.9041932,-17.451326436823724,-48.20403919166699,39.81001668333324,38.81001668333324,2000.0,33.74175033762015,0.9255854651187256,5.895598401307575,0.23815334507766922,0.1193594161985582
10750728939.848461,3553143437.892098,829040740.8021772,26.02125774099387,-15.110121664486725,93.06330523594791,92.06330523594792,2000.0,33.74175033762015,0.8624021450851109,3.9380857977535766,0.34825811764589026,0.17454252257118485
10396442484.31815,3870419258.7371936,902816977.2725259,-8.448240443842641,-5.578600813402874,-21.709576100363844,-20.709576100363844,2000.0,33.74175033762015,0.9850008332736004,4.285292131064117,0.36720398428010476,0.18403794905825807
10622599481.022858,3681541769.14087,1309493479.1527822,36.095496576004436,56.488005243231285,52.27843178037937,51.27843178037937,2000.0,33.74175033762015,0.9233383452747566,6.031440316657121,0.2302591197422554,0.11540293124107182
10588169142.533772,4142959381.2890015,1026822727.157034,-4.081465831062744,21.446011632751798,41.31891465464897,40.31891465464897,2000.0,33.74175033762015,0.9750308480348665,5.0139696756392755,0.30734162881262617,0.15403570072310005
10190417595.983147,3940479345.8166866,1271680160.898144,22.84534066681651,-0.36302061160458593,-87.2893348573068,-86.28933485730681,2000.0,33.74175033762015,0.9755916437404869,6.088308905830575,0.2401248912603481,0.12034752997582343
10479330699.417044,3681607811.540719,1186085125.1412425,29.517232856538634,-32.01921067933377,6.674562213742358,5.674562213742358,2000.0,33.74175033762015,0.9018475680483521,5.324942605385427,0.264629878833206,0.13262911690753476
10992395569.687311,3572523382.434858,782745249.8617055,45.05302254093151,77.15871850093498,169.98818267437255,168.98818267437255,2000.0,33.74175033762015,0.8098165434273088,4.570811392546529,0.28268678413534054,0.1416790073237812
10510735230.457941,3756520167.7268176,841813596.490338,-22.246514696247537,34.026589214728986,16.670934915025722,15.670934915025722,2000.0,33.74175033762015,0.9823214754893912,4.205712554244792,0.37297728498074084,0.18693145366530825
10704322713.564463,3697170519.634318,946043537.1198037,-10.727408410044468,100.35645800168211,78.29174462926912,77.29174462926912,2000.0,33.74175033762015,0.9561827924868014,5.3809856633047115,0.27697613933992915,0.13881690505654098
10538446918.589054,3732086925.081646,1246676080.8080692,-39.55630486384189,-59.09666877825116,25.49183921000102,24.491839210001018,2000.0,33.74175033762015,0.9552751221118454,5.7878804136831885,0.25196512092771567,0.12628170192832294
10824595518.015484,3641082922.1358676,913659743.9847776,-48.091441590682884,67.73446282396063,116.57576732507898,115.57576732507898,2000.0,33.74175033762015,0.8679580961829905,5.68203245806551,0.2345824472756015,0.11756972780757417
10032538671.90423,3900675714.372534,992257271.2349259,-13.892978251571032,-4.1526637539309625,-137.54375721168606,-136.54375721168606,2000.0,33.74175033762015,0.9313261886445834,4.841911108353749,0.30542930542239216,0.15307726865334795
9800400860.833841,3685902869.1136,1003023670.5591941,4.42803754975012,-33.879179644020866,-211.43551743245584,-210.4355174324558,2000.0,33.74175033762015,0.9469989696901918,5.958736328558897,0.2401462855758747,0.12035825253363755
10829815279.810345,3818021204.877459,908038296.7482805,34.93761858186664,4.873775732066096,118.23726910790764,117.23726910790765,2000.0,33.74175033762015,0.8463719272442803,4.39675369351253,0.3075288617171006,0.15412953946453758
10218832020.154896,3806048257.7584515,1189158315.7247298,-11.63155873416697,4.515759461533076,-78.2447427332194,-77.2447427332194,2000.0,33.74175033762015,0.9517430702633799,5.437908359102694,0.2721002165715499,0.13637315481287676
10236143195.082996,3764362164.700077,743694839.7689468,53.28562866997722,-12.52927625361387,-72.734424612148,-71.734424612148,2000.0,33.74175033762015,0.949990894044849,3.978694761708659,0.38005807673065833,0.19048025609434022
10816597342.125954,3789286147.7097683,847857389.8074245,5.052183482176273,-57.37083548215464,114.0298688680047,113.0298688680047,2000.0,33.74175033762015,0.8469764302493874,4.09629467964073,0.3297933216907438,0.16528820256693297
10407160238.553272,3860104823.6891403,1212659517.9380262,24.54892767359292,-13.926398046275343,-18.298008969636104,-17.298008969636104,2000.0,33.74175033762015,0.9497082456716895,5.5697735753077655,0.26339822935546936,0.13201182991298946
9962686872.346127,3795487647.481741,1085567986.161185,-7.180062695524512,-50.785080787831795,-159.77827557875898,-158.77827557875898,2000.0,33.74175033762015,0.9698774956327889,5.814615854440472,0.25424668374706444,0.12742519208609918
10151882403.379473,3882743003.445313,1021933864.2353204,-35.13132405138475,3.377747904788944,-99.55546762905271,-98.55546762905271,2000.0,33.74175033762015,0.9178461103021017,4.5991907269656105,0.3183103785535618,0.15953309806210944
9894132786.396078,3584522891.23668,935285570.1294423,44.14273316397811,-53.87118063105176,-181.59971887495269,-180.59971887495269,2000.0,33.74175033762015,0.8908677006453525,5.819639750084471,0.23326481629603468,0.11690934798198348
10851955352.821007,3677898370.5873036,789548364.3173578,-8.15442181532193,8.485071395375522,125.2846732280323,124.2846732280323,2000.0,33.74175033762015,0.9114886699548247,4.535765859805894,0.3207559259192591,0.16075877518102774
10699948045.030664,3815165405.2732835,988422957.563904,30.964982826523094,-16.42509227308423,76.899244386184,75.899244386184,2000.0,33.74175033762015,0.880160250406294,4.551472996909499,0.30861316710541026,0.15467297948251166
10342542371.548101,3571557630.56895,1311297347.4265046,-10.383327243188806,37.512987274676235,-38.86651486149135,-37.866514861491346,2000.0,33.74175033762015,0.9136628274995922,5.764984615878585,0.24226322506336864,0.12141923557913098
10321147645.891844,3607508060.477362,1072628156.4870775,16.293786491081022,-31.25753674732574,-45.676667550068146,-44.676667550068146,2000.0,33.74175033762015,0.9602822100202464,5.120508156664486,0.2953575437105408,0.1480294302632321
10435581165.863298,3703523841.3192196,1061359049.2714152,-4.532486810794035,-53.73027968396323,-9.251346832343884,-8.251346832343884,2000.0,33.74175033762015,0.957108493006808,4.937059577672791,0.3070826022725174,0.1539058799280269
10573657790.45948,3830286020.6614895,1313138548.022345,-9.765281524072195,-55.79403828079692,36.699807827508415,35.699807827508415,2000.0,33.74175033762015,0.9230679335888576,5.919889293657143,0.23618087918191663,0.11837084147284181
10582309557.965975,3731609145.5166583,1249383674.0712178,-4.265492750845926,10.087212583686052,39.4537509577893,38.4537509577893,2000.0,33.74175033762015,0.9578595521720382,5.886090300949645,0.24699764043225989,0.12379206412070802
10652456175.917553,3693168754.1944375,1318667267.6575506,18.91733176802031,155.1253625230359,61.78211293413399,60.78211293413399,2000.0,33.74175033762015,0.9557185329507814,6.774686753717597,0.20084514238389964,0.10066102129886227
10289575026.793097,3595050510.8846636,1290924847.2722058,-33.83371408607071,-54.92898312749362,-55.72654434191456,-54.72654434191456,2000.0,33.74175033762015,0.9258002731594688,5.757250720364565,0.24591908402966098,0.12325150542097849
11445595635.306337,3785763348.7263947,1116713320.2444701,-27.30830159597159,-25.213619341945655,314.24624398005125,313.24624398005125,2000.0,33.74175033762015,0.7831522468984861,8.124020467337965,0.12062689570755859,0.06045666016071677
9903698140.52301,3834205486.0611424,896200575.3308054,27.290837188813736,60.245306273521024,-178.55497209150127,-177.55497209150124,2000.0,33.74175033762015,0.9044648429678116,4.755158444598847,0.30260482310899545,0.1516616741762675
10625337933.79718,3489687276.937294,1092753203.71553,-20.6610193303328,25.15749001212391,53.150108371293655,52.150108371293655,2000.0,33.74175033762015,0.9712091185326933,5.558563403539339,0.27005760444800236,0.13534942369330244
10950317313.58907,3595235637.98323,922318403.9316822,4.9402116215605245,49.442010181436935,156.59425776492878,155.59425776492878,2000.0,33.74175033762015,0.9100401395775083,5.663825067266535,0.2469892444745777,0.12378785617390364
10259061282.074703,3724763800.0831885,1203943552.1842358,-37.82737418693139,11.305707965323927,-65.43937095026759,-64.43937095026759,2000.0,33.74175033762015,0.9100653550456466,5.269070600172369,0.27049891139874155,0.13557060110312388
10941787448.26074,3879094845.041373,793908201.8035982,-6.249127823429533,18.24822890079238,153.8791173031053,152.8791173031053,2000.0,33.74175033762015,0.8685918794576464,4.7418757390593935,0.2914930409014282,0.1460925907909881
10313968359.543325,3703398987.780474,991931112.2050148,30.41863547242987,1.07455817662808,-47.96190537054587,-46.96190537054587,2000.0,33.74175033762015,0.975498920555849,4.811311312975917,0.3221778372892099,0.16147141900699655
10582401637.435343,3627236034.3511624,1222212724.0730288,2.093670584815754,-44.96452262279326,39.48306076320369,38.48306076320369,2000.0,33.74175033762015,0.9005763429066673,5.490583981672269,0.25436780138484977,0.12748589469992427
10244566410.769558,3670882084.3665733,987039535.9747325,5.536664574255864,7.250648366884883,-70.05323178565706,-69.05323178565706,2000.0,33.74175033762015,0.9737917359398947,4.721710416492138,0.3283182641509439,0.1645489225591196
10177316641.048822,3662521631.3636785,1076238200.8448534,-11.2713215293215,-39.63736326450246,-91.45949833135053,-90.45949833135053,2000.0,33.74175033762015,0.969450794932877,5.222346535606752,0.2912668892460685,0.14597924646845817
10007711382.888065,3757936038.0089192,770152747.4389678,2.4406404885432518,23.484703173060257,-145.44652875267354,-144.44652875267354,2000.0,33.74175033762015,0.9153336808974296,3.931298035177499,0.37021127351753563,0.18554516403188312
10616926959.305822,3624894828.1745567,883897604.2088963,-50.07933681801018,-109.00929173967188,50.47281203825479,49.47281203825479,2000.0,33.74175033762015,0.9512337913066986,4.315546837511473,0.35215396764708073,0.17649507285590832
10545227515.203407,3838891949.40381,1291443512.0068004,-45.9856511719486,-83.6208593024742,27.650170146573977,26.650170146573977,2000.0,33.74175033762015,0.9543012309535877,5.950857291283248,0.2424374765271857,0.12150656818823695
10454236405.114494,3818308119.61348,1110285602.8837783,11.026156129156576,-7.7245592672398455,-3.31319974956433,-2.3131997495643306,2000.0,33.74175033762015,0.9657906709706116,5.154073587129538,0.2947648185170408,0.14773236396320064
10948436397.723644,3825928776.132771,932503901.960211,-49.73167626851913,1.434927873650612,155.99554364988404,154.99554364988404,2000.0,33.74175033762015,0.9008971621225432,5.926373946143405,0.2301642266906516,0.11535537205504805
10246005845.786402,3844317674.6973553,1025012373.3630726,36.00526404595399,70.42229618781101,-69.59504538927655,-68.59504538927655,2000.0,33.74175033762015,0.9780050218127818,4.879186901465714,0.3179965400181305,0.159375806194731
10405978815.937912,3529300442.9222703,1182085592.6071138,23.19438882671689,-35.03047869550507,-18.674067467866383,-17.674067467866383,2000.0,33.74175033762015,0.9111332273255478,5.379606816238407,0.26401050219360156,0.13231869324295806
10922140995.331282,3979651645.542618,1189758063.628083,-34.08064134747823,21.998228914390108,147.62545710721412,146.62545710721412,2000.0,33.74175033762015,0.9464180146934176,6.961919010313653,0.1904982968815941,0.09547531442479296
10037986103.948643,3734396258.0257535,1214414642.311625,-61.441260265562434,-74.31721335179998,-135.80978573763514,-134.80978573763514,2000.0,33.74175033762015,0.8946736132358661,5.525811105650931,0.25065912438956905,0.12562715313624245
9986271262.75881,3887963046.486728,886660337.6183069,-68.14739377041468,90.54805837556106,-152.2711309507836,-151.2711309507836,2000.0,33.74175033762015,0.7322074047803449,3.3420927066893116,0.33917579052896435,0.1699905761685548
10914115037.023151,3921312575.4984536,855404443.1464959,8.05349926584416,-106.30119198818488,145.07071523163734,144.07071523163734,2000.0,33.74175033762015,0.7441214754098309,3.8521386099571893,0.30649964617233233,0.153613709772849
10254236502.90891,3751420112.8256984,1099064022.4927192,-3.2292246192634275,56.07722889475585,-66.9751458573929,-65.9751458573929,2000.0,33.74175033762015,0.9417540262088491,4.966512760777753,0.3001139683731019,0.1504132895818176
10025113859.289291,3963503846.797794,1031295287.1084878,37.005951206703465,-18.345044528229128,-139.90714847008317,-138.9071484700832,2000.0,33.74175033762015,0.9567884674286781,5.63801941310357,0.26122455055454996,0.1309224098479624
10163419541.64936,3775380501.091883,1054240119.4745324,12.546814121765047,-75.92743823160745,-95.88308245947803,-94.88308245947803,2000.0,33.74175033762015,0.9623597953374515,5.467328704809637,0.2732779559689088,0.13696342276337292
10793141614.315239,3489826148.1029625,840980386.6204182,42.87741445139601,-26.841165308413128,106.56367881821812,105.56367881821812,2000.0,33.74175033762015,0.78962375481707,3.745793787432618,0.33330423071615806,0.16704782534889737
10944221274.455217,3778137251.2968082,904305422.2709618,23.831891988074016,30.174048535585808,154.65382824206043,153.65382824206043,2000.0,33.74175033762015,0.850416412485342,4.96810504014156,0.27090756279070205,0.13577541196377851
10486530872.697515,3707952855.3937826,1168194650.979337,-27.039442874646404,-10.600016988770289,8.966448551152908,7.966448551152908,2000.0,33.74175033762015,0.9662233435349182,5.463463414777995,0.27461938116763684,0.13763572794784135
10620679200.444914,3871492603.0431914,928475866.0489358,-5.8284859309713415,-38.39249943669747,51.667187488173134,50.66718748817314,2000.0,33.74175033762015,0.949269326552796,4.46594127606817,0.33946524746023704,0.1701356482871936
10455684834.523512,3705091203.414674,1171502098.725747,-24.25801230339124,1.7277375572363507,-2.8521503492346945,-1.8521503492346947,2000.0,33.74175033762015,0.9632058815509167,5.4365873407207355,0.275461172513877,0.1380576230239548
10482723188.60324,3954612576.8159485,738713266.1030653,-9.50284963905833,-5.650063460072855,7.754425060479948,6.7544250604799485,2000.0,33.74175033762015,0.9810998290963585,3.5849368758495395,0.4297535891773359,0.21538701250118023
10271173015.293722,3741159660.581832,1289240087.8488433,-15.119224667445216,30.653832235409116,-61.58408652783323,-60.58408652783323,2000.0,33.74175033762015,0.9235532197619083,5.676746284481805,0.24991210828102284,0.12525275819932516
10644315941.043867,3780882553.9741364,836997424.4031936,-7.225440616959415,21.439866018430514,59.19099569798173,58.190995697981734,2000.0,33.74175033762015,0.9716129642953968,4.326908923566869,0.35875867274038414,0.179805266730545
10503912406.5345,3504913723.7598395,1001466348.1146033,37.15174918706488,-24.31259825237104,14.499162608503195,13.499162608503195,2000.0,33.74175033762015,0.9010365926627277,4.565499422942077,0.31491437574328274,0.15783106480823525
9469396921.325878,3776573256.420338,1270986480.8999593,-16.187275303409503,-36.28283471661108,-316.7973437436219,-315.7973437436219,2000.0,33.74175033762015,0.8843878521522115,7.583660428076717,0.1542683113650799,0.07731730820941508
10493092873.895615,3811521040.2342725,864642835.3043323,-34.136604319246565,-4.120093488658478,11.055198405657743,10.055198405657743,2000.0,33.74175033762015,0.9835663245541432,4.2412305871551945,0.37040819980557044,0.18564386097341176
10200816460.259722,3836735015.3456492,848754888.7203599,-18.422897754623026,-12.028032456331351,-83.9792735529895,-82.9792735529895,2000.0,33.74175033762015,0.9624140561715223,4.055456848799792,0.37828251905275967,0.18959036925360853
10354490591.554213,3918958641.163833,1310412233.218698,-14.119046617365491,4.502626041058095,-35.063278311247224,-34.06327831124722,2000.0,33.74175033762015,0.9596104417872152,5.895553104210954,0.2469105543808011,0.12374841770348986
10379042744.378422,3672233528.1613917,1260967955.533787,-17.04315893038636,-46.503429643208385,-27.248085340206153,-26.24808534020615,2000.0,33.74175033762015,0.9443069748512087,5.698660949200249,0.2542418866086484,0.1274227878215671
10771262789.299664,3590639689.142416,1034367222.9864639,-5.49531485192881,-1.0250901655037628,99.59943251767524,98.59943251767524,2000.0,33.74175033762015,0.9366230030738607,5.385459453737472,0.2710309418493092,0.13583724797284938
10273130339.137661,3813801631.459418,747466740.0529647,-12.769887935895865,-38.38046942267731,-60.96105099784424,-59.96105099784424,2000.0,33.74175033762015,0.9827888147439724,3.6696291341061924,0.42217964625298876,0.21159104899927583
10467045847.220001,3679769541.380308,1078460992.105861,30.345320996396573,16.2816783919303,2.76417230911708,1.76417230911708,2000.0,33.74175033762015,0.9525490067906633,4.995700091285688,0.30152082963069304,0.15111839048360712
10174540852.383549,3811865440.5922318,863485127.80299,24.771780491774837,4.60138626783977,-92.34305930546405,-91.34305930546405,2000.0,33.74175033762015,0.9798829731207488,4.4289924918579455,0.35340684916761334,0.17712300107924678
9764891995.665663,3717680172.4378247,840612377.5743768,-21.95774355465898,-15.753241350108146,-222.7383402626543,-221.7383402626543,2000.0,33.74175033762015,0.8379964946685864,4.587959292895377,0.2913709652522284,0.1460314080340724
10391716852.316656,3710771274.2918453,1277840677.1579423,26.842332473385344,-68.3089497953857,-23.213791484905705,-22.213791484905702,2000.0,33.74175033762015,0.8740732235810561,5.734033789265682,0.23342342509349154,0.11698884068640983
10194010094.785975,3950671516.795956,1087444152.2744608,38.481647198046595,38.5092896711582,-86.14580697226327,-85.14580697226327,2000.0,33.74175033762015,0.9816752000323912,5.325996166638206,0.2879838960984738,0.1443338522147979
10812586137.066101,3865403383.245995,980663414.7715095,-0.43535053659115064,-39.60983263075523,112.75306264194317,111.75306264194317,2000.0,33.74175033762015,0.8855098392647365,4.870813463188972,0.288477565854208,0.14458127319399974
10415561824.094856,3652837512.208872,748463359.5588075,-24.079335479536212,-24.807092693693505,-15.623701232131113,-14.623701232131113,2000.0,33.74175033762015,0.9854665048441534,3.601362321313216,0.430036813786932,0.21552896105975886
9929457833.215618,4013630015.988771,936572315.1844871,11.667487143845845,-9.309808523232578,-170.35540724238783,-169.35540724238783,2000.0,33.74175033762015,0.9351315467133692,5.107579687433569,0.2884793557248389,0.1445821702543098
10471020442.319664,3767173553.9710364,1236342166.8797524,-2.6858800562447547,10.258661721523156,4.029325222917392,3.0293252229173917,2000.0,33.74175033762015,0.9626337225616842,5.68411484891347,0.2600456460262743,0.13033155794872528
10674543423.233309,3811341944.8230596,894595725.5259358,8.964186847841969,-27.429300138798535,68.81270211332547,67.81270211332547,2000.0,33.74175033762015,0.9207285488535061,4.288324709303691,0.3430039635459195,0.17190920761276912
10384883863.215506,3886017954.8391924,906844376.030696,-30.03329173657294,-26.508998991417553,-25.388799467988008,-24.388799467988004,2000.0,33.74175033762015,0.9821222203798955,4.286212893781423,0.36605323360013164,0.18346120750836764
10514896289.061693,3762050641.8199315,1079792744.9529352,58.131435791074,-62.205571092449354,17.99544100559015,16.99544100559015,2000.0,33.74175033762015,0.8072837274421594,4.710651146199611,0.2728733255915962,0.13676062718392606
10534576487.367683,3730047791.2742395,863827595.219253,-5.851467641613968,35.46266331089726,24.259842688444323,23.259842688444323,2000.0,33.74175033762015,0.9847467244405934,4.287295819002342,0.36693992088796606,0.18390560385724986
10581122827.69149,3701587907.446341,1049398625.462823,14.472110930607542,-25.203413001691658,39.076002979187244,38.07600297918724,2000.0,33.74175033762015,0.9256893794287534,4.8444025439251615,0.3034066020152055,0.1520635155282516
9786961527.805399,4112218727.415018,1178319277.3289304,-16.90375806877371,-24.241662002998563,-215.71338999912538,-214.71338999912535,2000.0,33.74175033762015,0.9029036619426238,6.120065117489821,0.22061493147964467,0.11056938720515333
10758514585.98721,3564158287.4893007,884852749.2891009,4.0969567693045965,-87.91917089165332,95.54155337224012,94.54155337224012,2000.0,33.74175033762015,0.822130384522299,4.005101947422903,0.32691173048801814,0.1638439858435942
10595475870.637938,3828705180.8510056,998144049.4015374,-64.19962420594081,-28.960360010249126,43.64471844586196,42.64471844586196,2000.0,33.74175033762015,0.9742436018059062,5.124723980787471,0.29936096094184883,0.1500358918704471
10651300133.049408,3640358799.5961757,1061169082.3975644,-36.496535001764116,29.099093028012103,61.414133060351176,60.414133060351176,2000.0,33.74175033762015,0.976356725900272,5.637168866335101,0.266619331842265,0.1336262053575765
10033655187.25608,3783866437.2637343,931525021.7861234,-69.12850208435033,36.16629390539335,-137.18835933711608,-136.18835933711608,2000.0,33.74175033762015,0.785762537745939,3.7293068418166904,0.3329359062860308,0.16686322584668453
10548358031.935436,3842160666.3875256,846462056.8935469,27.485088729752913,-46.54448359659356,28.646644571242568,27.646644571242568,2000.0,33.74175033762015,0.9166201934289744,3.9277435058095715,0.3710351633635297,0.18595808710461048
10012274746.069483,3776789872.9410815,779966606.7696074,-38.804311366359876,-3.1937425803885926,-143.99396513778126,-142.99396513778126,2000.0,33.74175033762015,0.8721225319387864,3.630861308445758,0.37799963120086716,0.18944858947369175
10399215122.03432,3391763150.4571214,1054603622.0613974,-43.50604590252628,19.41774296848045,-20.827018104500482,-19.827018104500482,2000.0,33.74175033762015,0.9242972818025045,4.860757814435416,0.30181157687707927,0.15126410929170817
10461503536.454012,3577670844.6960616,1281059119.187799,31.500219605995177,-61.724493181900954,0.19375484115443722,0.0,2000.0,33.74175033762015,0.8379776620511071,5.560802861873886,0.23289070502769746,0.11672184819033675
10972472854.069578,3812582661.3216166,721739726.0269024,-13.632357478511791,-20.34778193199785,163.64658533361992,162.64658533361992,2000.0,33.74175033762015,0.834341797620402,4.28451346236449,0.31109473027875484,0.15591670726443155
10043449783.745005,3740548712.324393,1237365209.206911,-4.536876381858892,22.601915878837602,-134.0706424435105,-133.0706424435105,2000.0,33.74175033762015,0.9158741952087326,5.7525019172315295,0.24354859650101454,0.12206344733414823
10270376189.102758,3630843034.857245,1296306859.0551188,30.13188802278865,38.07134366318267,-61.83772418198716,-60.83772418198716,2000.0,33.74175033762015,0.9459385493369284,5.940243652294708,0.2409009758037806,0.12073649364120724
