scan,offset_MHz,Delta_MHz,delta_r_MHz,eps_2mu_minus_Omega_MHz,eta_shift,IL_dB
Delta,-300.0,-300.0,0,0,0.1547601415573714,1.266287548796985
Delta,-290.0,-290.0,0,0,0.1727146092103299,1.3403607883122675
Delta,-280.0,-280.0,0,0,0.1928964078441523,1.4187724692209056
Delta,-270.0,-270.0,0,0,0.21553817699539135,1.5014247801579557
Delta,-260.0,-260.0,0,0,0.24086974648100323,1.5880891086783613
Delta,-250.0,-250.0,0,0,0.2691046938101309,1.6783743313389419
Delta,-240.0,-240.0,0,0,0.30042195698240026,1.7716945288421
Delta,-230.0,-230.0,0,0,0.33494211008655816,1.8672394929898806
Delta,-220.0,-220.0,0,0,0.37269864350340454,1.9639528796620962
Delta,-210.0,-210.0,0,0,0.4136057948193856,2.060524281618419
Delta,-200.0,-200.0,0,0,0.4574261483665068,2.1554023975836274
Delta,-190.0,-190.0,0,0,0.5037431566959963,2.2468362331468703
Delta,-180.0,-180.0,0,0,0.5519454352461307,2.332949205833004
Delta,-170.0,-170.0,0,0,0.6012303380304815,2.41184668363193
Delta,-160.0,-160.0,0,0,0.6506330204938425,2.48175101271209
Delta,-150.0,-150.0,0,0,0.6990833433701251,2.5411505831507277
Delta,-140.0,-140.0,0,0,0.7454868632869022,2.588943010480545
Delta,-130.0,-130.0,0,0,0.7888193134324619,2.624549584173299
Delta,-120.0,-120.0,0,0,0.8282188484884833,2.6479806437229927
Delta,-110.0,-110.0,0,0,0.8630592378529796,2.659839649640579
Delta,-100.0,-100.0,0,0,0.892991038133515,2.661265396237877
Delta,-90.0,-90.0,0,0,0.9179453518587325,2.6538235213923818
Delta,-80.0,-80.0,0,0,0.9381032945461105,2.6393666712355497
Delta,-70.0,-70.0,0,0,0.9538408095362841,2.619885366346729
Delta,-60.0,-60.0,0,0,0.9656612855399986,2.5973689456887046
Delta,-50.0,-50.0,0,0,0.9741275752038472,2.573689787417014
Delta,-40.0,-40.0,0,0,0.9798017770856733,2.5505167721482302
Delta,-30.0,-30.0,0,0,0.9831971796034685,2.529257688213853
Delta,-20.0,-20.0,0,0,0.9847433527412007,2.51102607006969
Delta,-10.0,-10.0,0,0,0.9847631364440368,2.4966259974549745
Delta,0.0,0.0,0,0,0.9834592761556122,2.4865482771749905
Delta,10.0,10.0,0,0,0.9809084416795146,2.480972586399247
Delta,20.0,20.0,0,0,0.9770609873014573,2.47977202381335
Delta,30.0,30.0,0,0,0.971745751914889,2.4825186865342275
Delta,40.0,40.0,0,0,0.9646802037993931,2.4884910956615047
Delta,50.0,50.0,0,0,0.9554870897580153,2.496686324347062
Delta,60.0,60.0,0,0,0.9437192334029899,2.5058413074270196
Delta,70.0,70.0,0,0,0.9288939991846851,2.5144687094164073
Delta,80.0,80.0,0,0,0.9105379606117191,2.5209124819012594
Delta,90.0,90.0,0,0,0.888240356356741,2.523426432208251
Delta,100.0,100.0,0,0,0.8617111355664548,2.5202755313221687
Delta,110.0,110.0,0,0,0.8308363669796129,2.5098545617734076
Delta,120.0,120.0,0,0,0.7957215506545168,2.4908129912575676
Delta,130.0,130.0,0,0,0.7567131494764104,2.462170270810241
Delta,140.0,140.0,0,0,0.7143913006385487,2.4234039589278566
Delta,150.0,150.0,0,0,0.6695320272590479,2.3744954951911255
Delta,160.0,160.0,0,0,0.6230439411704742,2.315925099803956
Delta,170.0,170.0,0,0,0.5758901818046154,2.2486165553083413
Delta,180.0,180.0,0,0,0.5290091402785924,2.1738418216444924
Delta,190.0,190.0,0,0,0.48324653845123994,2.093101849689469
Delta,200.0,200.0,0,0,0.4393073767509979,2.0080020338557474
Delta,210.0,210.0,0,0,0.39773087934542745,1.920138561096495
Delta,220.0,220.0,0,0,0.35888670020314495,1.831006876312811
Delta,230.0,230.0,0,0,0.32298749406978866,1.741937511121544
Delta,240.0,240.0,0,0,0.2901117801142358,1.6540592494431405
Delta,250.0,250.0,0,0,0.26023142565905155,1.5682859492314822
Delta,260.0,260.0,0,0,0.23323936571138226,1.485321491266298
Delta,270.0,270.0,0,0,0.20897471810909432,1.405676972529231
Delta,280.0,280.0,0,0,0.1872438367316309,1.329694887316431
Delta,290.0,290.0,0,0,0.16783687727885024,1.2575761427308643
Delta,300.0,300.0,0,0,0.150540107232958,1.1894069615279599
dr,-300.0,0,-300.0,0,0.6175602660658822,2.2318620275459513
dr,-290.0,0,-290.0,0,0.6428549522367841,2.269411787724521
dr,-280.0,0,-280.0,0,0.6678034156642109,2.304338649196738
dr,-270.0,0,-270.0,0,0.6922614603678346,2.3365021447372523
dr,-260.0,0,-260.0,0,0.7160900823691081,2.3657970519313585
dr,-250.0,0,-250.0,0,0.7391587520001944,2.3921560797259502
dr,-240.0,0,-240.0,0,0.761348454313863,2.4155515120648565
dr,-230.0,0,-230.0,0,0.7825543394567507,2.4359957402702173
dr,-220.0,0,-220.0,0,0.8026878585110391,2.453540674617533
dr,-210.0,0,-210.0,0,0.8216782936851919,2.4682760841080187
dr,-200.0,0,-200.0,0,0.8394736313760623,2.4803269667985224
dr,-190.0,0,-190.0,0,0.8560407684299726,2.4898500969476065
dr,-180.0,0,-180.0,0,0.8713650817663716,2.4970299266111344
dr,-170.0,0,-170.0,0,0.8854494258027361,2.502074036587248
dr,-160.0,0,-160.0,0,0.8983126482185214,2.505208334718747
dr,-150.0,0,-150.0,0,0.9099877311141447,2.5066721898200814
dr,-140.0,0,-140.0,0,0.9205196713798753,2.5067136692642498
dr,-130.0,0,-130.0,0,0.9299632119684546,2.5055850205112202
dr,-120.0,0,-120.0,0,0.9383805264084525,2.503538504763622
dr,-110.0,0,-110.0,0,0.9458389443682084,2.5008226574904047
dr,-100.0,0,-100.0,0,0.9524087885416657,2.4976790183291935
dr,-90.0,0,-90.0,0,0.9581613745656155,2.49433934380126
dr,-80.0,0,-80.0,0,0.9631672077331205,2.4910232916525685
dr,-70.0,0,-70.0,0,0.9674943941466596,2.4879365461283247
dr,-60.0,0,-60.0,0,0.9712072704190949,2.485269339249205
dr,-50.0,0,-50.0,0,0.9743652454463096,2.483195313922237
dr,-40.0,0,-40.0,0,0.9770218401885182,2.481870669966482
dr,-30.0,0,-30.0,0,0.9792239066259493,2.481433533197512
dr,-20.0,0,-20.0,0,0.9810110047752436,2.482003489886545
dr,-10.0,0,-10.0,0,0.9824149164737588,2.483681233513566
dr,0.0,0,0.0,0,0.9834592761556122,2.4865482771749905
dr,10.0,0,10.0,0,0.9841593016752396,2.4906666928022387
dr,20.0,0,20.0,0,0.9845216120449076,2.4960788471188904
dr,30.0,0,30.0,0,0.9845441234545533,2.5028071137460506
dr,40.0,0,40.0,0,0.9842160198922438,2.5108535508721546
dr,50.0,0,50.0,0,0.983517799869077,2.5201995443011125
dr,60.0,0,60.0,0,0.982421405974176,2.5308054263866757
dr,70.0,0,70.0,0,0.9808904490368643,2.542610092226878
dr,80.0,0,80.0,0,0.9788805433194689,2.5555306453764497
dr,90.0,0,90.0,0,0.9763397731246064,2.569462115988379
dr,100.0,0,100.0,0,0.9732093141350746,2.5842773043646488
dr,110.0,0,110.0,0,0.9694242343086316,2.5998268118812753
dr,120.0,0,120.0,0,0.9649144987642732,2.615939328504771
dr,130.0,0,130.0,0,0.9596062003303221,2.6324222508444644
dr,140.0,0,140.0,0,0.9534230318013809,2.6490627059647593
dr,150.0,0,150.0,0,0.9462880070769244,2.6656290530418385
dr,160.0,0,160.0,0,0.9381254260076047,2.681872926441529
dr,170.0,0,170.0,0,0.9288630620134203,2.6975318691288424
dr,180.0,0,180.0,0,0.9184345328069243,2.7123325840263535
dr,190.0,0,190.0,0,0.9067817937839153,2.725994803025826
dr,200.0,0,200.0,0,0.8938576722988235,2.7382357394997507
dr,210.0,0,210.0,0,0.879628341104659,2.7487750517992233
dr,220.0,0,220.0,0,0.8640756130918849,2.7573402046517637
dr,230.0,0,230.0,0,0.8471989296641781,2.763672075639943
dr,240.0,0,240.0,0,0.8290169140388763,2.767530618691267
dr,250.0,0,250.0,0,0.8095683702869837,2.7687003696161536
dr,260.0,0,260.0,0,0.7889126298834656,2.7669955638510446
dr,270.0,0,270.0,0,0.7671291794586433,2.762264636608554
dr,280.0,0,280.0,0,0.7443165443775916,2.7543938922574918
dr,290.0,0,290.0,0,0.7205904493654792,2.74331016296144
dr,300.0,0,300.0,0,0.696081325209609,2.728982324567522
eps,-300.0,0,0,-300.0,0.6764107936873461,3.3275501258943097
eps,-290.0,0,0,-290.0,0.6904739335620191,3.292214146765471
eps,-280.0,0,0,-280.0,0.7047137612111215,3.2561421215680406
eps,-270.0,0,0,-270.0,0.7191071616180901,3.219377811192249
eps,-260.0,0,0,-260.0,0.7336276558486824,3.1819751452662945
eps,-250.0,0,0,-250.0,0.7482451806918605,3.143999290217633
eps,-240.0,0,0,-240.0,0.7629258823884135,3.105527736106306
eps,-230.0,0,0,-230.0,0.7776319314264764,3.0666513792087735
eps,-220.0,0,0,-220.0,0.7923213663761275,3.0274755710700556
eps,-210.0,0,0,-210.0,0.8069479756896395,2.9881210978524892
eps,-200.0,0,0,-200.0,0.8214612272537498,2.9487250464846317
eps,-190.0,0,0,-190.0,0.8358062561780946,2.9094415066439563
eps,-180.0,0,0,-180.0,0.849923921760473,2.8704420504230437
eps,-170.0,0,0,-170.0,0.863750944696204,2.8319159251993993
eps,-160.0,0,0,-160.0,0.8772201353002246,2.7940698904874024
eps,-150.0,0,0,-150.0,0.8902607226911402,2.757127627260469
eps,-140.0,0,0,-140.0,0.9027987934573406,2.7213286493765625
eps,-130.0,0,0,-130.0,0.9147578462140655,2.686926652331332
eps,-120.0,0,0,-120.0,0.9260594656207111,2.654187245577474
eps,-110.0,0,0,-110.0,0.9366241158518245,2.623385031866979
eps,-100.0,0,0,-100.0,0.9463720492444593,2.5948000209440565
eps,-90.0,0,0,-90.0,0.955224320979945,2.568713395367275
eps,-80.0,0,0,-80.0,0.9631038953671549,2.5454026824984144
eps,-70.0,0,0,-70.0,0.9699368238125036,2.5251364271711845
eps,-60.0,0,0,-60.0,0.9756534691872661,2.5081685017787265
eps,-50.0,0,0,-50.0,0.9801897463833471,2.4947322312055373
eps,-40.0,0,0,-40.0,0.9834883447601659,2.485034545306799
eps,-30.0,0,0,-30.0,0.9854998953032482,2.479250397385403
eps,-20.0,0,0,-20.0,0.9861840439792166,2.477517699484092
eps,-10.0,0,0,-10.0,0.9855103932494882,2.479933021267592
eps,0.0,0,0,0.0,0.9834592761556122,2.4865482771749905
eps,10.0,0,0,10.0,0.9800223318360278,2.4973685865255875
eps,20.0,0,0,20.0,0.9752028576469822,2.5123514355297987
eps,30.0,0,0,30.0,0.9690159209539722,2.5314072027574457
eps,40.0,0,0,40.0,0.961488222708679,2.554401036122412
eps,50.0,0,0,50.0,0.9526577145954506,2.5811559962610593
eps,60.0,0,0,60.0,0.9425729812227308,2.611457314728024
eps,70.0,0,0,70.0,0.9312924079399825,2.6450575613087466
eps,80.0,0,0,80.0,0.9188831628167378,2.6816824770465524
eps,90.0,0,0,90.0,0.9054200276603631,2.721037210462777
eps,100.0,0,0,100.0,0.8909841173416144,2.7628126940086406
eps,110.0,0,0,110.0,0.8756615289698759,2.806691914260775
eps,120.0,0,0,120.0,0.8595419626061491,2.852355859547464
eps,130.0,0,0,130.0,0.8427173533685582,2.8994889684773377
eps,140.0,0,0,140.0,0.82528055124712,2.947783947872606
eps,150.0,0,0,150.0,0.8073240800693675,2.9969458747526954
eps,160.0,0,0,160.0,0.7889390012642612,3.046695540780134
eps,170.0,0,0,170.0,0.7702139017884946,3.0967720363510898
eps,180.0,0,0,180.0,0.7512340192107246,3.1469346036122774
eps,190.0,0,0,190.0,0.7320805108470834,3.1969638123397157
eps,200.0,0,0,200.0,0.7128298682853,3.2466621298032443
eps,210.0,0,0,210.0,0.6935534738248139,3.295853966013981
eps,220.0,0,0,220.0,0.6743172914164175,3.344385280037745
eps,230.0,0,0,230.0,0.6551816816537565,3.3921228324748656
eps,240.0,0,0,240.0,0.636201328234939,3.4389531649345235
eps,250.0,0,0,250.0,0.6174252620110636,3.4847813804851135
eps,260.0,0,0,260.0,0.5988969681721116,3.52952979063357
eps,270.0,0,0,270.0,0.580654562171163,3.5731364851988276
eps,280.0,0,0,280.0,0.5627310205305166,3.6155538721408083
eps,290.0,0,0,290.0,0.5451544535851538,3.65674722545867
eps,300.0,0,0,300.0,0.5279484083857036,3.6966932710026996
2D,nan,-300.0,-300.0,0,0.7033509857620316,2.5353607242821004
2D,nan,-300.0,-285.0,0,0.6661583920768308,2.4816698932010546
2D,nan,-300.0,-270.0,0,0.6285521135446663,2.4235458459929555
2D,nan,-300.0,-255.0,0,0.5909637780476035,2.361605738901879
2D,nan,-300.0,-240.0,0,0.5537905677695789,2.296510432748244
2D,nan,-300.0,-225.0,0,0.5173843985282105,2.2289401217111195
2D,nan,-300.0,-210.0,0,0.4820448591813093,2.159571480295708
2D,nan,-300.0,-195.0,0,0.4480158547013512,2.089057622311088
2D,nan,-300.0,-180.0,0,0.41548555305093415,2.0180117208531274
2D,nan,-300.0,-165.0,0,0.38458901469524515,1.9469946900548651
2D,nan,-300.0,-150.0,0,0.35541278535657156,1.8765069345318064
2D,nan,-300.0,-135.0,0,0.32800073768925453,1.8069838658143824
2D,nan,-300.0,-120.0,0,0.30236052566792554,1.7387946796364937
2D,nan,-300.0,-105.0,0,0.2784701348543757,1.6722437792879452
2D,nan,-300.0,-90.0,0,0.25628414511405695,1.6075742026143884
2D,nan,-300.0,-75.0,0,0.23573945001986518,1.5449724427133182
2D,nan,-300.0,-60.0,0,0.2167602871500693,1.484574123557023
2D,nan,-300.0,-45.0,0,0.1992625204239302,1.426470082953137
2D,nan,-300.0,-30.0,0,0.18315717897365918,1.3707125118905976
2D,nan,-300.0,-15.0,0,0.1683532992144059,1.317320891327058
2D,nan,-300.0,0.0,0,0.1547601415573714,1.266287548796985
2D,nan,-300.0,15.0,0,0.14228886478026964,1.2175827249737052
2D,nan,-300.0,30.0,0,0.13085374329106486,1.1711590939226668
2D,nan,-300.0,45.0,0,0.12037300864145868,1.1269557211061179
2D,nan,-300.0,60.0,0,0.11076938919353704,1.0849014719207701
2D,nan,-300.0,75.0,0,0.10197041266136245,1.0449179026846571
2D,nan,-300.0,90.0,0,0.0939085266020057,1.0069216775565533
2D,nan,-300.0,105.0,0,0.08652108262195271,0.9708265607258858
2D,nan,-300.0,120.0,0,0.07975022155784624,0.9365450349383965
2D,nan,-300.0,135.0,0,0.07354268940842343,0.9039895963140704
2D,nan,-300.0,150.0,0,0.06784960740125849,0.8730737724812087
2D,nan,-300.0,165.0,0,0.06262621423894646,0.8437129070514218
2D,nan,-300.0,180.0,0,0.057831594194819896,0.815824748950511
2D,nan,-300.0,195.0,0,0.053428401202508684,0.7893298804846336
2D,nan,-300.0,210.0,0,0.049382586283775995,0.764152013518911
2D,nan,-300.0,225.0,0,0.045663133466491077,0.7402181789344373
2D,nan,-300.0,240.0,0,0.04224180765089903,0.7174588306950345
2D,nan,-300.0,255.0,0,0.039092916592301484,0.6958078824368628
2D,nan,-300.0,270.0,0,0.03619308820048183,0.675202691491158
2D,nan,-300.0,285.0,0,0.03352106364273083,0.6555840026502913
2D,nan,-300.0,300.0,0,0.03105750622252236,0.6368958617631701
2D,nan,-285.0,-300.0,0,0.7729407382551404,2.614888014914759
2D,nan,-285.0,-285.0,0,0.7382098903443507,2.573455526419311
2D,nan,-285.0,-270.0,0,0.7021472033268223,2.5266164286764576
2D,nan,-285.0,-255.0,0,0.6651954621066667,2.4747860126484262
2D,nan,-285.0,-240.0,0,0.6277977718843963,2.4184749996428807
2D,nan,-285.0,-225.0,0,0.5903807238300758,2.3582683959374924
2D,nan,-285.0,-210.0,0,0.5533398045885748,2.2948018227347404
2D,nan,-285.0,-195.0,0,0.5170279869278294,2.228737214995883
2D,nan,-285.0,-180.0,0,0.48174798012354064,2.160739617162631
2D,nan,-285.0,-165.0,0,0.44774817464367467,2.091456468427999
2D,nan,-285.0,-150.0,0,0.4152219521202039,2.021500339265085
2D,nan,-285.0,-135.0,0,0.3843097848489056,1.9514356293592219
2D,nan,-285.0,-120.0,0,0.3551034259776675,1.8817693264715474
2D,nan,-285.0,-105.0,0,0.327651476338775,1.8129455965294623
2D,nan,-285.0,-90.0,0,0.30196567806467367,1.745343745487788
2D,nan,-285.0,-75.0,0,0.2780273969025897,1.6792789625463418
2D,nan,-285.0,-60.0,0,0.25579388616109605,1.6150052086211657
2D,nan,-285.0,-45.0,0,0.23520405413342954,1.5527196334072562
2D,nan,-285.0,-30.0,0,0.21618357014687678,1.4925679673780154
2D,nan,-285.0,-15.0,0,0.1986492355057044,1.4346504221451393
2D,nan,-285.0,0.0,0,0.18251261312091235,1.3790277281878536
2D,nan,-285.0,15.0,0,0.16768295544672387,1.3257270319730203
2D,nan,-285.0,30.0,0,0.15406949806694195,1.2747474580037779
2D,nan,-285.0,45.0,0,0.1415832000295928,1.2260652118225999
2D,nan,-285.0,60.0,0,0.1301380157602199,1.179638156417829
2D,nan,-285.0,75.0,0,0.11965178046336952,1.1354098374291681
2D,nan,-285.0,90.0,0,0.11004678400978782,1.0933129635542098
2D,nan,-285.0,105.0,0,0.10125009936986677,1.053272369579641
2D,nan,-285.0,120.0,0,0.09319372205499736,1.0152075025249854
2D,nan,-285.0,135.0,0,0.08581456764820962,0.9790344783845497
2D,nan,-285.0,150.0,0,0.0790543658619878,0.9446677595248786
2D,nan,-285.0,165.0,0,0.0728594819147208,0.9120215022849183
2D,nan,-285.0,180.0,0,0.0671806894559357,0.8810106218018375
2D,nan,-285.0,195.0,0,0.06197291377347039,0.8515516173494037
2D,nan,-285.0,210.0,0,0.057194959500528796,0.8235631971223757
2D,nan,-285.0,225.0,0,0.052809233394199066,0.7969667368455763
2D,nan,-285.0,240.0,0,0.04878146985673519,0.7716866021127283
2D,nan,-285.0,255.0,0,0.04508046459666205,0.7476503601433
2D,nan,-285.0,270.0,0,0.041677820067879894,0.724788902784222
2D,nan,-285.0,285.0,0,0.03854770498380306,0.7030364991255078
2D,nan,-285.0,300.0,0,0.03566662919633777,0.6823307930508431
2D,nan,-270.0,-300.0,0,0.8347825027626935,2.666913177341967
2D,nan,-270.0,-285.0,0,0.8041947931154895,2.6387121569750267
2D,nan,-270.0,-270.0,0,0.771475859943203,2.6047287422132848
2D,nan,-270.0,-255.0,0,0.7369981749468948,2.565096375187503
2D,nan,-270.0,-240.0,0,0.7011723529455918,2.5200737688756485
2D,nan,-270.0,-225.0,0,0.6644305424630301,2.4700357215270246
2D,nan,-270.0,-210.0,0,0.6272088395366577,2.415457710538096
2D,nan,-270.0,-195.0,0,0.589930298915903,2.3568956942475476
2D,nan,-270.0,-180.0,0,0.5529899271513944,2.2949629124946385
2D,nan,-270.0,-165.0,0,0.5167426808129338,2.2303055951368864
2D,nan,-270.0,-150.0,0,0.48149504258541986,2.1635793707696767
2D,nan,-270.0,-135.0,0,0.4475002954439069,2.095427864315043
2D,nan,-270.0,-120.0,0,0.4149572316236988,2.0264645542106896
2D,nan,-270.0,-105.0,0,0.38401176156068423,1.9572585046930902
2D,nan,-270.0,-90.0,0,0.35476074093667187,1.8883241623270353
2D,nan,-270.0,-75.0,0,0.32725729944267296,1.820115054414949
2D,nan,-270.0,-60.0,0,0.3015170060461418,1.7530209733203326
2D,nan,-270.0,-45.0,0,0.2775243105311834,1.6873680780552447
2D,nan,-270.0,-30.0,0,0.25523883035690487,1.6234212813256776
2D,nan,-270.0,-15.0,0,0.23460118251203643,1.5613882972289315
2D,nan,-270.0,0.0,0,0.21553817699539135,1.5014247801579557
2D,nan,-270.0,15.0,0,0.1979672840214728,1.443640068890436
2D,nan,-270.0,30.0,0,0.18180035880467693,1.3881031447345134
2D,nan,-270.0,45.0,0,0.16694665724335042,1.3348485068805553
2D,nan,-270.0,60.0,0,0.1533152064145343,1.283881753995627
2D,nan,-270.0,75.0,0,0.14081660963214773,1.2351847344225417
2D,nan,-270.0,90.0,0,0.1293643709555323,1.1887201866306285
2D,nan,-270.0,105.0,0,0.11887582196908687,1.1444358371361305
2D,nan,-270.0,120.0,0,0.10927272719025559,1.1022679563735633
2D,nan,-270.0,135.0,0,0.10048163569255991,1.0621443958591699
2D,nan,-270.0,150.0,0,0.09243403691713678,1.0239871444953819
2D,nan,-270.0,165.0,0,0.08506636914594316,0.9877144499493393
2D,nan,-270.0,180.0,0,0.07831992029366647,0.9532425543979195
2D,nan,-270.0,195.0,0,0.07214065283928703,0.9204870939731558
2D,nan,-270.0,210.0,0,0.06647897797144185,0.8893642090815594
2D,nan,-270.0,225.0,0,0.06128949835573188,0.859791409260896
2D,nan,-270.0,240.0,0,0.05653073426989368,0.8316882320124835
2D,nan,-270.0,255.0,0,0.05216484408266981,0.804976730547598
2D,nan,-270.0,270.0,0,0.04815734705077024,0.7795818209235941
2D,nan,-270.0,285.0,0,0.044476854052999684,0.755431514807871
2D,nan,-270.0,300.0,0,0.041094810058122586,0.732457060208461
2D,nan,-255.0,-300.0,0,0.8862973528194277,2.69192901194357
2D,nan,-255.0,-285.0,0,0.8610361129557783,2.676526843014729
2D,nan,-255.0,-270.0,0,0.8331080976529404,2.6556246777382366
2D,nan,-255.0,-255.0,0,0.8027523181322724,2.629063105734204
2D,nan,-255.0,-240.0,0,0.7702716574014786,2.596803754959603
2D,nan,-255.0,-225.0,0,0.7360234750919895,2.55893622774093
2D,nan,-255.0,-210.0,0,0.7004062114542747,2.515677767430013
2D,nan,-255.0,-195.0,0,0.6638431878438354,2.4673656620940108
2D,nan,-255.0,-180.0,0,0.6267651136682629,2.414443105270295
2D,nan,-255.0,-165.0,0,0.589592892998802,2.357439846235622
2D,nan,-255.0,-150.0,0,0.5527221743280466,2.2969493813179893
2D,nan,-255.0,-135.0,0,0.5165107504623664,2.2336046129154528
2D,nan,-255.0,-120.0,0,0.4812694718129381,2.1680538327269634
2D,nan,-255.0,-105.0,0,0.44725687453189195,2.100938612494754
2D,nan,-255.0,-90.0,0,0.4146773214042468,2.032874779636871
2D,nan,-255.0,-75.0,0,0.3836821573979152,1.964437195617822
2D,nan,-255.0,-60.0,0,0.3543732114163078,1.8961486125435136
2D,nan,-255.0,-45.0,0,0.3268079227764754,1.8284725096569163
2D,nan,-255.0,-30.0,0,0.3010054099622028,1.761809534183786
2D,nan,-255.0,-15.0,0,0.27695289820291136,1.6964969969660424
2D,nan,-255.0,0.0,0,0.25461205065144993,1.632810793200667
2D,nan,-255.0,15.0,0,0.23392488081316862,1.5709691137104689
2D,nan,-255.0,30.0,0,0.21481904483417458,1.5111373604219134
2D,nan,-255.0,45.0,0,0.19721241227986286,1.4534337599701506
2D,nan,-255.0,60.0,0,0.18101689009458607,1.3979352639482063
2D,nan,-255.0,75.0,0,0.16614152752823586,1.3446834201576547
2D,nan,-255.0,90.0,0,0.1524949631989712,1.2936899876847838
2D,nan,-255.0,105.0,0,0.13998729328663387,1.2449421449113918
2D,nan,-255.0,120.0,0,0.12853144627436058,1.198407201776706
2D,nan,-255.0,135.0,0,0.11804414833524778,1.1540367758136079
2D,nan,-255.0,150.0,0,0.10844655734810914,1.1117704269740698
2D,nan,-255.0,165.0,0,0.09966463484096053,1.0715387709175848
2D,nan,-255.0,180.0,0,0.0916293154679552,1.0332661063292379
2D,nan,-255.0,195.0,0,0.08427652395543722,0.9968726009489677
2D,nan,-255.0,210.0,0,0.07754708042770135,0.9622760850848739
2D,nan,-255.0,225.0,0,0.07138652697177639,0.9293935019257092
2D,nan,-255.0,240.0,0,0.06574490135145347,0.8981420621273905
2D,nan,-255.0,255.0,0,0.06057647793540097,0.86844014682867
2D,nan,-255.0,270.0,0,0.05583949108926469,0.8402079991210829
2D,nan,-255.0,285.0,0,0.05149585238559166,0.8133682395318793
2D,nan,-255.0,300.0,0,0.047510869882568196,0.7878462366062156
2D,nan,-240.0,-300.0,0,0.9262408661702992,2.6931909625849517
2D,nan,-240.0,-285.0,0,0.9068147317383992,2.6888788984608887
2D,nan,-240.0,-270.0,0,0.8845158244346157,2.679911890426929
2D,nan,-240.0,-255.0,0,0.8594288999388382,2.6658987352751313
2D,nan,-240.0,-240.0,0,0.8317067261149156,2.6465332927070717
2D,nan,-240.0,-225.0,0,0.8015711935991344,2.6216145967758946
2D,nan,-240.0,-210.0,0,0.7693095631223349,2.5910619293347583
2D,nan,-240.0,-195.0,0,0.7352658854684088,2.5549234506797287
2D,nan,-240.0,-180.0,0,0.6998282089514928,2.5133775359631834
2D,nan,-240.0,-165.0,0,0.6634127060783623,2.466726665228722
2D,nan,-240.0,-150.0,0,0.6264462063101881,2.4153844522333587
2D,nan,-240.0,-135.0,0,0.5893487503253706,2.359857053916324
2D,nan,-240.0,-120.0,0,0.5525176691451225,2.300720676858748
2D,nan,-240.0,-105.0,0,0.5163143777591686,2.2385971275481613
2D,nan,-240.0,-90.0,0,0.48105463437968,2.1741293284499883
2D,nan,-240.0,-75.0,0,0.447002544359561,2.1079584777228204
2D,nan,-240.0,-60.0,0,0.41436816377093616,2.040704135359213
2D,nan,-240.0,-45.0,0,0.3833082372087836,1.972948053813278
2D,nan,-240.0,-30.0,0,0.3539294111549436,1.9052221121853616
2D,nan,-240.0,-15.0,0,0.32629319343004454,1.838000316634145
2D,nan,-240.0,0.0,0,0.30042195698240026,1.7716945288421
2D,nan,-240.0,15.0,0,0.2763053801209167,1.7066533892722981
2D,nan,-240.0,30.0,0,0.25390684320474605,1.643163805313986
2D,nan,-240.0,45.0,0,0.23316943750591113,1.5814543581634644
2D,nan,-240.0,60.0,0,0.21402136731796337,1.5217000239792278
2D,nan,-240.0,75.0,0,0.19638063118956683,1.4640276824303542
2D,nan,-240.0,90.0,0,0.1801589486173979,1.4085219804879225
2D,nan,-240.0,105.0,0,0.16526495524273532,1.3552312170467151
2D,nan,-240.0,120.0,0,0.15160672569709893,1.304173005242017
2D,nan,-240.0,135.0,0,0.13909370294049522,1.2553395487167478
2D,nan,-240.0,150.0,0,0.12763812052647497,1.2087024332923892
2D,nan,-240.0,165.0,0,0.11715600353658122,1.1642168863554
2D,nan,-240.0,180.0,0,0.10756782806194284,1.1218254939707073
2D,nan,-240.0,195.0,0,0.09879891042394931,1.0814613921456353
2D,nan,-240.0,210.0,0,0.09077958748610224,1.0430509658907523
2D,nan,-240.0,225.0,0,0.08344523951847706,1.0065160998102605
2D,nan,-240.0,240.0,0,0.07673619780580727,0.9717760287212112
2D,nan,-240.0,255.0,0,0.0705975708986293,0.9387488377924935
2D,nan,-240.0,270.0,0,0.06497901623950425,0.907352660128295
2D,nan,-240.0,285.0,0,0.05983447786218473,0.877506616555702
2D,nan,-240.0,300.0,0,0.05512190588917097,0.8491315383089032
2D,nan,-225.0,-300.0,0,0.954746983726656,2.6759959658739376
2D,nan,-225.0,-285.0,0,0.9410106524474318,2.680186598247679
2D,nan,-225.0,-270.0,0,0.9244947473260615,2.6809196870530574
2D,nan,-225.0,-255.0,0,0.905153912867273,2.6776795384169105
2D,nan,-225.0,-240.0,0,0.8829948641386529,2.669982532543143
2D,nan,-225.0,-225.0,0,0.8580859802834345,2.6574025683844127
2D,nan,-225.0,-210.0,0,0.8305635788555755,2.6395954041189267
2D,nan,-225.0,-195.0,0,0.8006338977348522,2.6163200292681648
2D,nan,-225.0,-180.0,0,0.7685701931264478,2.587455244062247
2D,nan,-225.0,-165.0,0,0.7347048890882153,2.553009913469526
2D,nan,-225.0,-150.0,0,0.6994173044362668,2.513125891746429
2D,nan,-225.0,-135.0,0,0.6631180293616483,2.4680733117199956
2D,nan,-225.0,-120.0,0,0.6262314208669655,2.4182386943576093
2D,nan,-225.0,-105.0,0,0.5891778582414641,2.3641070349623083
2D,nan,-225.0,-90.0,0,0.552357323535161,2.306239551615072
2D,nan,-225.0,-75.0,0,0.5161355791397075,2.245249066346803
2D,nan,-225.0,-60.0,0,0.4808337796254036,2.1817750088850616
2D,nan,-225.0,-45.0,0,0.4467218713616837,2.1164598163800195
2D,nan,-225.0,-30.0,0,0.41401568816643086,2.049928117019881
2D,nan,-225.0,-15.0,0,0.3828773061831938,1.9827696143600595
2D,nan,-225.0,0.0,0,0.3534180053758747,1.9155261126674417
2D,nan,-225.0,15.0,0,0.3257030970874563,1.8486827040439504
2D,nan,-225.0,30.0,0,0.2997578943725977,1.782662813445581
2D,nan,-225.0,45.0,0,0.2755741914128391,1.7178265817069314
2D,nan,-225.0,60.0,0,0.2531167467080532,1.654471953913141
2D,nan,-225.0,75.0,0,0.2323294038949007,1.5928378133939356
2D,nan,-225.0,90.0,0,0.2131406142362229,1.5331085373365911
2D,nan,-225.0,105.0,0,0.1954682346628511,1.4754194254836417
2D,nan,-225.0,120.0,0,0.17922356019594934,1.4198625487178425
2D,nan,-225.0,135.0,0,0.1643146098877143,1.3664926643371003
2D,nan,-225.0,150.0,0,0.1506487241510244,1.3153329391659552
2D,nan,-225.0,165.0,0,0.1381345527984448,1.266380304303286
2D,nan,-225.0,180.0,0,0.12668352173833358,1.2196103335730861
2D,nan,-225.0,195.0,0,0.11621086608854471,1.1749815912726793
2D,nan,-225.0,210.0,0,0.10663631174266582,1.1324394346986908
2D,nan,-225.0,225.0,0,0.09788447864845826,1.091919285047591
2D,nan,-225.0,240.0,0,0.0898850690020897,1.0533493987857432
2D,nan,-225.0,255.0,0,0.0825728933991893,1.0166531825751375
2D,nan,-225.0,270.0,0,0.07588777843174746,0.9817511002291777
2D,nan,-225.0,285.0,0,0.06977439066393756,0.9485622215553926
2D,nan,-225.0,300.0,0,0.06418200451926238,0.9170054616092117
2D,nan,-210.0,-300.0,0,0.973016437793361,2.6466409130417725
2D,nan,-210.0,-285.0,0,0.9643513618991525,2.6563841637854613
2D,nan,-210.0,-270.0,0,0.9531999236413046,2.6639714216486943
2D,nan,-210.0,-255.0,0,0.9394387743961296,2.668878252321754
2D,nan,-210.0,-240.0,0,0.9229702171421745,2.6705600197293706
2D,nan,-210.0,-225.0,0,0.9037352136795453,2.6684747609265846
2D,nan,-210.0,-210.0,0,0.8817255962218087,2.6621082798610507
2D,nan,-210.0,-195.0,0,0.8569942916654804,2.6510001610272296
2D,nan,-210.0,-180.0,0,0.8296623516387812,2.6347690308183758
2D,nan,-210.0,-165.0,0,0.7999217477837118,2.613135166212576
2D,nan,-210.0,-150.0,0,0.7680332515243695,2.585938540624893
2D,nan,-210.0,-135.0,0,0.7343192379554229,2.553150647427712
2D,nan,-210.0,-120.0,0,0.6991518562734057,2.5148789466244708
2D,nan,-210.0,-105.0,0,0.6629375855639794,2.4713634788229246
2D,nan,-210.0,-90.0,0,0.6260996325300896,2.4229659768900236
2D,nan,-210.0,-75.0,0,0.589059842302896,2.370152550995109
2D,nan,-210.0,-60.0,0,0.5522217513657859,2.3134716068074748
2D,nan,-210.0,-45.0,0,0.5159561377808491,2.253528995352105
2D,nan,-210.0,-30.0,0,0.48058999068768365,2.1909624555809546
2D,nan,-210.0,-15.0,0,0.4463993243889536,2.12641722067014
2D,nan,-210.0,0.0,0,0.4136057948193856,2.060524281618419
2D,nan,-210.0,15.0,0,0.38237670614140407,1.993882322827591
2D,nan,-210.0,30.0,0,0.35282775700396846,1.9270438491175041
2D,nan,-210.0,45.0,0,0.3250277715479389,1.860505580169927
2D,nan,-210.0,60.0,0,0.2990046679271794,1.7947028396200524
2D,nan,-210.0,75.0,0,0.27475200340155226,1.7300074291623155
2D,nan,-210.0,90.0,0,0.25223556478229975,1.6667283495273777
2D,nan,-210.0,105.0,0,0.23139961630253011,1.6051146928683735
2D,nan,-210.0,120.0,0,0.21217255248114006,1.5453600614769503
2D,nan,-210.0,135.0,0,0.19447181867927257,1.4876079417074026
2D,nan,-210.0,150.0,0,0.17820805157999967,1.4319575584419617
2D,nan,-210.0,165.0,0,0.16328845570541856,1.378469838087614
2D,nan,-210.0,180.0,0,0.14961947335000209,1.3271732057794974
2D,nan,-210.0,195.0,0,0.1371088283755691,1.2780690285491985
2D,nan,-210.0,210.0,0,0.1256670338339834,1.2311365876328613
2D,nan,-210.0,225.0,0,0.11520845356731335,1.1863375193063082
2D,nan,-210.0,240.0,0,0.10565200223431011,1.143619705681954
2D,nan,-210.0,255.0,0,0.09692155925468612,1.1029206266721698
2D,nan,-210.0,270.0,0,0.08894616181977164,1.0641702040323735
2D,nan,-210.0,285.0,0,0.08166003163236173,1.0272931802331167
2D,nan,-210.0,300.0,0,0.07500248016961711,0.992211080852331
2D,nan,-195.0,-300.0,0,0.9828220027864155,2.6113913509338254
2D,nan,-195.0,-285.0,0,0.978384903882272,2.6238541119986665
2D,nan,-195.0,-270.0,0,0.9718334824406714,2.635350029927339
2D,nan,-195.0,-255.0,0,0.9630237705330092,2.645440404981379
2D,nan,-195.0,-240.0,0,0.9518110824252856,2.653626723799363
2D,nan,-195.0,-225.0,0,0.9380617847090703,2.6593665445729147
2D,nan,-195.0,-210.0,0,0.9216662218297972,2.6620930346186484
2D,nan,-195.0,-195.0,0,0.9025520247279891,2.6612378042440064
2D,nan,-195.0,-180.0,0,0.8806967814308565,2.6562562465570885
2D,nan,-195.0,-165.0,0,0.8561388700680086,2.6466541315818617
2D,nan,-195.0,-150.0,0,0.8289852092400266,2.6320137906969316
2D,nan,-195.0,-135.0,0,0.7994148181145032,2.612017951703911
2D,nan,-195.0,-120.0,0,0.7676774182526753,2.58646922662129
2D,nan,-195.0,-105.0,0,0.7340868246247984,2.5553034652407183
2D,nan,-195.0,-90.0,0,0.6990094896769771,2.5185956705336254
2D,nan,-195.0,-75.0,0,0.6628491712513522,2.4765578724761097
2D,nan,-195.0,-60.0,0,0.6260291738534643,2.429529169352747
2D,nan,-195.0,-45.0,0,0.5889738689507632,2.3779589364808595
2D,nan,-195.0,-30.0,0,0.5520911905618755,2.322384841619428
2D,nan,-195.0,-15.0,0,0.5157575456849081,2.263407698770385
2D,nan,-195.0,0.0,0,0.48030614564284324,2.2016652969714334
2D,nan,-195.0,15.0,0,0.4460192529855317,2.1378071756201202
2D,nan,-195.0,30.0,0,0.41312434760787037,2.0724719467807433
2D,nan,-195.0,45.0,0,0.38179382013254887,2.0062682765106383
2D,nan,-195.0,60.0,0,0.35214754011664395,1.9397601218692804
2D,nan,-195.0,75.0,0,0.32425752631522964,1.8734563519240865
2D,nan,-195.0,90.0,0,0.29815394528586797,1.8078045077122262
2D,nan,-195.0,105.0,0,0.2738317486170471,1.743188198456875
2D,nan,-195.0,120.0,0,0.2512573910585823,1.6799274874778447
2D,nan,-195.0,135.0,0,0.23037521998836133,1.6182815742764511
2D,nan,-195.0,150.0,0,0.21111326793878651,1.5584531049987471
2D,nan,-195.0,165.0,0,0.1933883005953462,1.5005935165808033
2D,nan,-195.0,180.0,0,0.17711006688009462,1.44480891800122
2D,nan,-195.0,195.0,0,0.1621847651468473,1.3911661178013888
2D,nan,-195.0,210.0,0,0.14851778319306536,1.3396985083494062
2D,nan,-195.0,225.0,0,0.13601579432437563,1.2904116070064817
2D,nan,-195.0,240.0,0,0.12458830196535105,1.2432881289996907
2D,nan,-195.0,255.0,0,0.11414872572172237,1.1982925257161072
2D,nan,-195.0,270.0,0,0.10461511600236696,1.1553749663059512
2D,nan,-195.0,285.0,0,0.09591057507480562,1.1144747718527401
2D,nan,-195.0,300.0,0,0.08796345172669816,1.0755233322180855
2D,nan,-180.0,-300.0,0,0.9860179206957905,2.5756890597756144
2D,nan,-180.0,-285.0,0,0.9849708549413412,2.5885052107641595
2D,nan,-180.0,-270.0,0,0.9821552688728363,2.601281822983057
2D,nan,-180.0,-255.0,0,0.9774531248696415,2.6137270244559114
2D,nan,-180.0,-240.0,0,0.9707257683134871,2.6254655492191765
2D,nan,-180.0,-225.0,0,0.9618220695150417,2.6360471592941814
2D,nan,-180.0,-210.0,0,0.950588530086434,2.644958450024903
2D,nan,-180.0,-195.0,0,0.9368811171130154,2.651638360646571
2D,nan,-180.0,-180.0,0,0.9205783560155494,2.6554974729654295
2D,nan,-180.0,-165.0,0,0.9015949422146414,2.65594082527533
2D,nan,-180.0,-150.0,0,0.8798948649981515,2.65239352089264
2D,nan,-180.0,-135.0,0,0.8555028332942683,2.6443279226663767
2D,nan,-180.0,-120.0,0,0.8285127181556411,2.63129077340367
2D,nan,-180.0,-105.0,0,0.799091836716459,2.6129282593341676
2D,nan,-180.0,-90.0,0,0.7674802235200336,2.589006927964741
2D,nan,-180.0,-75.0,0,0.733984547361007,2.5594285441287927
2D,nan,-180.0,-60.0,0,0.6989669633072672,2.524237430742107
2D,nan,-180.0,-45.0,0,0.6628298280735578,2.4836195448938323
2D,nan,-180.0,-30.0,0,0.6259977268369135,2.43789338047317
2D,nan,-180.0,-15.0,0,0.5888985568668885,2.387493626498609
2D,nan,-180.0,0.0,0,0.5519454352461307,2.332949205833004
2D,nan,-180.0,15.0,0,0.5155209564111657,2.2748577652111934
2D,nan,-180.0,30.0,0,0.4799648893284009,2.213858833948182
2D,nan,-180.0,45.0,0,0.44556587590316155,2.1506077270970145
2D,nan,-180.0,60.0,0,0.4125571763463815,2.085751902132565
2D,nan,-180.0,75.0,0,0.38111608538422126,2.0199109783168
2D,nan,-180.0,90.0,0,0.35136636051585046,1.9536610907053198
2D,nan,-180.0,105.0,0,0.3233828680116998,1.8875237563717462
2D,nan,-180.0,120.0,0,0.29719764378942154,1.821959031965503
2D,nan,-180.0,135.0,0,0.27280664913212765,1.7573624632704379
2D,nan,-180.0,150.0,0,0.2501766364812404,1.694065168656459
2D,nan,-180.0,165.0,0,0.22925169433042825,1.6323363423859734
2D,nan,-180.0,180.0,0,0.20995918783471165,1.5723874855476392
2D,nan,-180.0,195.0,0,0.19221493825551156,1.5143777453330811
2D,nan,-180.0,210.0,0,0.17592758329638206,1.4584198437508777
2D,nan,-180.0,225.0,0,0.1610021312613623,1.4045861861236224
2D,nan,-180.0,240.0,0,0.1473427679181016,1.352914844959113
2D,nan,-180.0,255.0,0,0.13485500077133628,1.3034152082376014
2D,nan,-180.0,270.0,0,0.1234472362760797,1.2560731591055267
2D,nan,-180.0,285.0,0,0.11303188600680494,1.21085571557506
2D,nan,-180.0,300.0,0,0.10352609178053115,1.167715105089804
2D,nan,-165.0,-300.0,0,0.9841682297659352,2.5436695684267123
2D,nan,-165.0,-285.0,0,0.985844315100145,2.5551424835148455
2D,nan,-165.0,-270.0,0,0.9859997043240548,2.5671599979671766
2D,nan,-165.0,-255.0,0,0.9845721323463487,2.5796076390587057
2D,nan,-165.0,-240.0,0,0.981467008886741,2.592277235559796
2D,nan,-165.0,-225.0,0,0.9765615840144508,2.6048697123226034
2D,nan,-165.0,-210.0,0,0.9697110578820898,2.617000235548197
2D,nan,-165.0,-195.0,0,0.9607567048313899,2.6282062186792143
2D,nan,-165.0,-180.0,0,0.9495359850815779,2.6379586974295415
2D,nan,-165.0,-165.0,0,0.9358944491027165,2.645677473166211
2D,nan,-165.0,-150.0,0,0.9196990046745209,2.6507501905030613
2D,nan,-165.0,-135.0,0,0.9008518359035326,2.652555156411677
2D,nan,-165.0,-120.0,0,0.8793039787262962,2.6504872461845435
2D,nan,-165.0,-105.0,0,0.8550673286635883,2.6439857262695377
2D,nan,-165.0,-90.0,0,0.8282237531100654,2.632562333229893
2D,nan,-165.0,-75.0,0,0.798930064155016,2.6158275782501454
2D,nan,-165.0,-60.0,0,0.7674179121973943,2.593513093843469
2D,nan,-165.0,-45.0,0,0.7339881714820886,2.565487974505662
2D,nan,-165.0,-30.0,0,0.6990000370796364,2.531767507118299
2D,nan,-165.0,-15.0,0,0.6628557242615108,2.492513396783314
2D,nan,-165.0,0.0,0,0.6259822229877474,2.448025464687626
2D,nan,-165.0,15.0,0,0.5888118982532347,2.3987256816509848
2D,nan,-165.0,30.0,0,0.5517637789317512,2.3451361540202726
2D,nan,-165.0,45.0,0,0.5152271492767981,2.287853178913421
2D,nan,-165.0,60.0,0,0.4795486164526615,2.2275196730106703
2D,nan,-165.0,75.0,0,0.4450232802379385,2.1647981592536594
2D,nan,-165.0,90.0,0,0.41189008866921173,2.1003461313051828
2D,nan,-165.0,105.0,0,0.38033101457954915,2.0347951019294452
2D,nan,-165.0,120.0,0,0.3504733832275639,1.9687340805404772
2D,nan,-165.0,135.0,0,0.32239453128657386,1.902697703472521
2D,nan,-165.0,150.0,0,0.29612796244305756,1.8371588163856125
2D,nan,-165.0,165.0,0,0.27167024772641957,1.7725250090252427
2D,nan,-165.0,180.0,0,0.24898805830708223,1.7091384293652891
2D,nan,-165.0,195.0,0,0.22802487873986874,1.6472781400015637
2D,nan,-165.0,210.0,0,0.20870710302618933,1.5871642983791623
2D,nan,-165.0,225.0,0,0.19094934843432818,1.528963515979263
2D,nan,-165.0,240.0,0,0.17465892572129493,1.4727948548437984
2D,nan,-165.0,255.0,0,0.15973947864256785,1.4187360330462369
2D,nan,-165.0,270.0,0,0.14609385368869576,1.3668295201834488
2D,nan,-165.0,285.0,0,0.1336262879106428,1.317088301349838
2D,nan,-165.0,300.0,0,0.12224401389960685,1.2695011693673228
2D,nan,-150.0,-300.0,0,0.9783231934437706,2.5179416909999985
2D,nan,-150.0,-285.0,0,0.9823210855592678,2.527130602104373
2D,nan,-150.0,-270.0,0,0.9849099973643843,2.537073796906941
2D,nan,-150.0,-255.0,0,0.9860976371492411,2.5478438396381686
2D,nan,-150.0,-240.0,0,0.9858549355167701,2.5594178319254786
2D,nan,-150.0,-225.0,0,0.9841167983880367,2.57167675353044
2D,nan,-150.0,-210.0,0,0.9807845287894944,2.5844062488702644
2D,nan,-150.0,-195.0,0,0.9757300224646341,2.5972991746374814
2D,nan,-150.0,-180.0,0,0.9688018660094315,2.6099603773355917
2D,nan,-150.0,-165.0,0,0.9598334402657778,2.621914264983682
2D,nan,-150.0,-150.0,0,0.9486530403008719,2.6326157480143753
2D,nan,-150.0,-135.0,0,0.9350958571130464,2.64146502494424
2D,nan,-150.0,-120.0,0,0.9190174276050244,2.6478264597796883
2D,nan,-150.0,-105.0,0,0.9003078680733152,2.6510514359088537
2D,nan,-150.0,-90.0,0,0.8789059033853578,2.650504594174145
2D,nan,-150.0,-75.0,0,0.8548114502972548,2.645592319445551
2D,nan,-150.0,-60.0,0,0.8280953818951957,2.6357918093173467
2D,nan,-150.0,-45.0,0,0.7989051587315297,2.6206786414872285
2D,nan,-150.0,-30.0,0,0.7674653012413342,2.5999505569609798
2D,nan,-150.0,-15.0,0,0.7340721894636418,2.5734452750226753
2D,nan,-150.0,0.0,0,0.6990833433701251,2.5411505831507277
2D,nan,-150.0,15.0,0,0.6629020431123017,2.503205663152919
2D,nan,-150.0,30.0,0,0.6259587529800207,2.459893518758069
2D,nan,-150.0,45.0,0,0.588691191412455,2.4116253084714487
2D,nan,-150.0,60.0,0,0.5515249698989383,2.3589181996182154
2D,nan,-150.0,75.0,0,0.514856505902836,2.3023689143513395
2D,nan,-150.0,90.0,0,0.4790394666036457,2.242625365480652
2D,nan,-150.0,105.0,0,0.4443754315406826,2.180358679983164
2D,nan,-150.0,120.0,0,0.41110889161533626,2.1162375432254894
2D,nan,-150.0,135.0,0,0.37942622534871956,2.0509062669388447
2D,nan,-150.0,150.0,0,0.34945796663475825,1.9849673972550113
2D,nan,-150.0,165.0,0,0.3212835147864713,1.9189691287451844
2D,nan,-150.0,180.0,0,0.294937417461932,1.8533973399918646
2D,nan,-150.0,195.0,0,0.2704164413010906,1.7886717463966626
2D,nan,-150.0,210.0,0,0.2476867902078471,1.7251454788976734
2D,nan,-150.0,225.0,0,0.22669099873053178,1.6631073257169393
2D,nan,-150.0,240.0,0,0.2073541896999391,1.6027858907676555
2D,nan,-150.0,255.0,0,0.1895895241212624,1.544354997298657
2D,nan,-150.0,270.0,0,0.17330277978918127,1.4879397721290482
2D,nan,-150.0,285.0,0,0.1583960725691506,1.43362296349604
2D,nan,-150.0,300.0,0,0.14477078424269874,1.3814511595200645
2D,nan,-135.0,-300.0,0,0.9689219506751463,2.4995351484701125
2D,nan,-135.0,-285.0,0,0.9751418546498357,2.5062704446401245
2D,nan,-135.0,-270.0,0,0.9799172126220935,2.5135933954054686
2D,nan,-135.0,-255.0,0,0.9833274099043608,2.521761186705624
2D,nan,-135.0,-240.0,0,0.9854165198133906,2.53093879805991
2D,nan,-135.0,-225.0,0,0.9861911295937864,2.5411960894925327
2D,nan,-135.0,-210.0,0,0.9856197155609389,2.552506065837549
2D,nan,-135.0,-195.0,0,0.983633549185821,2.564744256869797
2D,nan,-135.0,-180.0,0,0.9801291931606249,2.577689361776321
2D,nan,-135.0,-165.0,0,0.9749727105174101,2.5910255048321176
2D,nan,-135.0,-150.0,0,0.9680057415933645,2.6043466142427327
2D,nan,-135.0,-135.0,0,0.9590535843436548,2.6171635434266576
2D,nan,-135.0,-120.0,0,0.9479353266297766,2.628914576197608
2D,nan,-135.0,-105.0,0,0.9344759139308618,2.6389798669681324
2D,nan,-135.0,-90.0,0,0.9185197930339394,2.646700142443378
2D,nan,-135.0,-75.0,0,0.8999454697709448,2.651399624517779
2D,nan,-135.0,-60.0,0,0.8786799970749727,2.652412640978014
2D,nan,-135.0,-45.0,0,0.854712130926971,2.649112818182027
2D,nan,-135.0,-30.0,0,0.8281027327656529,2.6409431783970074
2D,nan,-135.0,-15.0,0,0.7989910314450227,2.627444999706567
2D,nan,-135.0,0.0,0,0.7675956332337563,2.6082830505101557
2D,nan,-135.0,15.0,0,0.7342096824770844,2.5832648742038753
2D,nan,-135.0,30.0,0,0.6991902639603813,2.5523522120756543
2D,nan,-135.0,45.0,0,0.6629428805192096,2.515663381553919
2D,nan,-135.0,60.0,0,0.6259024876977787,2.4734663670882258
2D,nan,-135.0,75.0,0,0.5885129861376504,2.4261633738371753
2D,nan,-135.0,90.0,0,0.551207179967936,2.37426846742083
2D,nan,-135.0,105.0,0,0.514389000007636,2.318380532819736
2D,nan,-135.0,120.0,0,0.4784193317454286,2.2591540514502473
2D,nan,-135.0,135.0,0,0.4436061951860454,2.1972701130970576
2D,nan,-135.0,150.0,0,0.41019942292402667,2.133409711418673
2D,nan,-135.0,165.0,0,0.37838947774902815,2.0682308226537547
2D,nan,-135.0,180.0,0,0.3483097028323652,2.002350152352497
2D,nan,-135.0,195.0,0,0.3200411216438857,1.936329854481571
2D,nan,-135.0,210.0,0,0.29361888077326914,1.8706690500335856
2D,nan,-135.0,225.0,0,0.26903951588404634,1.8057996319986778
2D,nan,-135.0,240.0,0,0.2462683728197212,1.7420856433890504
2D,nan,-135.0,255.0,0,0.22524669152142304,1.6798254369950292
2D,nan,-135.0,270.0,0,0.20589802990834058,1.6192558408223914
2D,nan,-135.0,285.0,0,0.18813385014953574,1.560557630366781
2D,nan,-135.0,300.0,0,0.17185820294894938,1.503861719843476
2D,nan,-120.0,-300.0,0,0.9557887410025426,2.487935586491769
2D,nan,-120.0,-285.0,0,0.964424106021452,2.4927963424767228
2D,nan,-120.0,-270.0,0,0.9714422638247172,2.4977168145878275
2D,nan,-120.0,-255.0,0,0.9769853875749132,2.5031283430468187
2D,nan,-120.0,-240.0,0,0.9811672774211768,2.5093775838670314
2D,nan,-120.0,-225.0,0,0.9840682068745515,2.5167210466338847
2D,nan,-120.0,-210.0,0,0.9857314891844279,2.525321319927863
2D,nan,-120.0,-195.0,0,0.9861616034245132,2.5352445312836958
2D,nan,-120.0,-180.0,0,0.9853237811892591,2.5464587780191126
2D,nan,-120.0,-165.0,0,0.9831450381071254,2.5588334799558905
2D,nan,-120.0,-150.0,0,0.9795167212271628,2.5721398259787174
2D,nan,-120.0,-135.0,0,0.974298715415049,2.5860526950096823
2D,nan,-120.0,-120.0,0,0.967325490557021,2.6001546077346727
2D,nan,-120.0,-105.0,0,0.9584141577760443,2.6139423839133213
2D,nan,-120.0,-90.0,0,0.9473746196520301,2.626837213134978
2D,nan,-120.0,-75.0,0,0.9340217344557996,2.6381987650561727
2D,nan,-120.0,-60.0,0,0.9181891664716452,2.647343743743166
2D,nan,-120.0,-45.0,0,0.8997442801435295,2.6535689185287787
2D,nan,-120.0,-30.0,0,0.8786030947990907,2.6561781535103988
2D,nan,-120.0,-15.0,0,0.8547440128852799,2.6545123551092153
2D,nan,-120.0,0.0,0,0.8282188484884833,2.6479806437229927
2D,nan,-120.0,15.0,0,0.7991596943656971,2.6360905423255327
2D,nan,-120.0,30.0,0,0.7677804292403124,2.6184746825743592
2D,nan,-120.0,45.0,0,0.7343721862236986,2.5949115584424707
2D,nan,-120.0,60.0,0,0.6992928152817623,2.565338257294716
2D,nan,-120.0,75.0,0,0.6629511538137133,2.529853841618443
2D,nan,-120.0,90.0,0,0.6257876126222753,2.4887130344739794
2D,nan,-120.0,105.0,0,0.5882530435384011,2.4423109121086086
2D,nan,-120.0,120.0,0,0.5507879879376711,2.3911602432493964
2D,nan,-120.0,135.0,0,0.5138042013451594,2.3358637798053468
2D,nan,-120.0,150.0,0,0.47766987673137795,2.2770841072882075
2D,nan,-120.0,165.0,0,0.4426993691861109,2.215513596034687
2D,nan,-120.0,180.0,0,0.40914759192579314,2.1518466200758146
2D,nan,-120.0,195.0,0,0.3772087193723191,2.086755639265493
2D,nan,-120.0,210.0,0,0.34701846365953937,2.0208720950191412
2D,nan,-120.0,225.0,0,0.31865900381843815,1.954772457997524
2D,nan,-120.0,240.0,0,0.2921656207475595,1.8889692615834
2D,nan,-120.0,255.0,0,0.26753418248568145,1.8239065946040065
2D,nan,-120.0,270.0,0,0.24472878402701712,1.759959314274848
2D,nan,-120.0,285.0,0,0.22368903051495523,1.6974351569193544
2D,nan,-120.0,300.0,0,0.20433663036161825,1.6365789390911605
2D,nan,-105.0,-300.0,0,0.9382039200574087,2.481170157990814
2D,nan,-105.0,-285.0,0,0.9496946837051076,2.485433843386396
2D,nan,-105.0,-270.0,0,0.9592889491157838,2.488899345938821
2D,nan,-105.0,-255.0,0,0.9671718051041377,2.4921515923567523
2D,nan,-105.0,-240.0,0,0.9735130168248927,2.495704814178024
2D,nan,-105.0,-225.0,0,0.9784583787188337,2.499992844148254
2D,nan,-105.0,-210.0,0,0.9821231210914046,2.5053622409337857
2D,nan,-105.0,-195.0,0,0.9845871801893585,2.512067525791366
2D,nan,-105.0,-180.0,0,0.9858921192596988,2.520267908416702
2D,nan,-105.0,-165.0,0,0.986039523779317,2.5300250403831184
2D,nan,-105.0,-150.0,0,0.9849907680699478,2.5413015381885007
2D,nan,-105.0,-135.0,0,0.9826681439645739,2.5539602435674587
2D,nan,-105.0,-120.0,0,0.9789574372189169,2.5677644190440048
2D,nan,-105.0,-105.0,0,0.9737121163468745,2.5823792946005253
2D,nan,-105.0,-90.0,0,0.9667593432152873,2.5973755670893475
2D,nan,-105.0,-75.0,0,0.9579080060253532,2.6122355832387316
2D,nan,-105.0,-60.0,0,0.9469588950100802,2.6263629805763515
2D,nan,-105.0,-45.0,0,0.9337169756629964,2.6390964867931017
2D,nan,-105.0,-30.0,0,0.9180054606060291,2.649728359195749
2D,nan,-105.0,-15.0,0,0.899681054325216,2.657527567236358
2D,nan,-105.0,0.0,0,0.8786493842958568,2.6617672923814584
2D,nan,-105.0,15.0,0,0.8548793028584768,2.661755685170602
2D,nan,-105.0,30.0,0,0.8284145311950157,2.6568681626882205
2D,nan,-105.0,45.0,0,0.7993811061873369,2.6465789672168016
2D,nan,-105.0,60.0,0,0.7679893444225323,2.630489368161943
2D,nan,-105.0,75.0,0,0.7345295641945266,2.6083498859202874
2D,nan,-105.0,90.0,0,0.6993615447839716,2.580074306270588
2D,nan,-105.0,105.0,0,0.6628985244165341,2.5457440149086583
2D,nan,-105.0,120.0,0,0.6255872776944083,2.5056022052573694
2D,nan,-105.0,135.0,0,0.5878863120296275,2.460038623981289
2D,nan,-105.0,150.0,0,0.5502443789843001,2.4095665198071785
2D,nan,-105.0,165.0,0,0.5130812946429234,2.3547941821426264
2D,nan,-105.0,180.0,0,0.47677257326757005,2.2963937956518947
2D,nan,-105.0,195.0,0,0.44163872850152935,2.23507028195239
2D,nan,-105.0,210.0,0,0.40793942976138176,2.1715324156053666
2D,nan,-105.0,225.0,0,0.3758721375639109,2.106467904933236
2D,nan,-105.0,240.0,0,0.34557445172029205,2.0405234500071683
2D,nan,-105.0,255.0,0,0.31712920950104173,1.9742901452110861
2D,nan,-105.0,270.0,0,0.29057134433165804,1.9082940616975275
2D,nan,-105.0,285.0,0,0.2658956129923282,1.84299146502554
2D,nan,-105.0,300.0,0,0.24306446822050032,1.778767899458774
2D,nan,-90.0,-300.0,0,0.9150509124676743,2.475957163326896
2D,nan,-90.0,-285.0,0,0.9299951295490696,2.481507536015779
2D,nan,-90.0,-270.0,0,0.9427103421823619,2.4851300940281513
2D,nan,-90.0,-255.0,0,0.9533919866494245,2.4875257477660138
2D,nan,-90.0,-240.0,0,0.9622402602391903,2.4893493833577622
2D,nan,-90.0,-225.0,0,0.9694475687676265,2.491193502010691
2D,nan,-90.0,-210.0,0,0.9751881507815854,2.4935760028446468
2D,nan,-90.0,-195.0,0,0.9796098967523322,2.496931429400513
2D,nan,-90.0,-180.0,0,0.9828282107400642,2.5016048996178872
2D,nan,-90.0,-165.0,0,0.9849216821539768,2.507847962993882
2D,nan,-90.0,-150.0,0,0.985929330340483,2.5158157442108204
2D,nan,-90.0,-135.0,0,0.9858492348691784,2.5255649101144817
2D,nan,-90.0,-120.0,0,0.9846384496819943,2.5370522125212362
2D,nan,-90.0,-105.0,0,0.9822142014238389,2.5501335942215455
2D,nan,-90.0,-90.0,0,0.9784564742658982,2.564564084075971
2D,nan,-90.0,-75.0,0,0.9732121684526319,2.579998933526273
2D,nan,-90.0,-60.0,0,0.9663010696710607,2.5959966421593297
2D,nan,-90.0,-45.0,0,0.9575238618434792,2.612024659652989
2D,nan,-90.0,-30.0,0,0.9466723379135953,2.627468605077057
2D,nan,-90.0,-15.0,0,0.9335417964715896,2.641645778324331
2D,nan,-90.0,0.0,0,0.9179453518587325,2.6538235213923818
2D,nan,-90.0,15.0,0,0.899729545247644,2.663242601043953
2D,nan,-90.0,30.0,0,0.8787902631580929,2.669145235767508
2D,nan,-90.0,45.0,0,0.855087615090494,2.6708067222001604
2D,nan,-90.0,60.0,0,0.8286581823960124,2.6675689147765
2D,nan,-90.0,75.0,0,0.7996230190178055,2.6588731996442854
2D,nan,-90.0,90.0,0,0.7681900301723232,2.644290218861128
2D,nan,-90.0,105.0,0,0.734649891822134,2.6235435660221924
2D,nan,-90.0,120.0,0,0.6993654415553513,2.5965250572640874
2D,nan,-90.0,135.0,0,0.6627553370334619,2.5632999643693437
2D,nan,-90.0,150.0,0,0.6252735649406133,2.5241016681716393
2D,nan,-90.0,165.0,0,0.5873869212788343,2.479316366338325
2D,nan,-90.0,180.0,0,0.5495527612998499,2.4294595379759905
2D,nan,-90.0,195.0,0,0.512199114310519,2.375146644124573
2D,nan,-90.0,210.0,0,0.4757087476239293,2.3170609170318976
2D,nan,-90.0,225.0,0,0.4404080807365692,2.2559210450305662
2D,nan,-90.0,240.0,0,0.406561148484443,2.1924511622874308
2D,nan,-90.0,255.0,0,0.3743682180667079,2.1273549271902317
2D,nan,-90.0,270.0,0,0.34396825555235333,2.061294759540382
2D,nan,-90.0,285.0,0,0.3154442326671779,1.994876627582092
2D,nan,-90.0,300.0,0,0.2888302396636053,1.928640216058316
2D,nan,-75.0,-300.0,0,0.8850508000002125,2.4679718911682196
2D,nan,-75.0,-285.0,0,0.9040691194969029,2.4771353627453467
2D,nan,-75.0,-270.0,0,0.9205511340644916,2.483070892957839
2D,nan,-75.0,-255.0,0,0.9346570507824383,2.486532410778837
2D,nan,-75.0,-240.0,0,0.9465785230419268,2.4882672130280037
2D,nan,-75.0,-225.0,0,0.9565228547313464,2.488991159218311
2D,nan,-75.0,-210.0,0,0.9646987325586531,2.4893686760424405
2D,nan,-75.0,-195.0,0,0.9713040296903345,2.489997424046467
2D,nan,-75.0,-180.0,0,0.9765158791206875,2.4913970836236716
2D,nan,-75.0,-165.0,0,0.980482963071184,2.494001495496271
2D,nan,-75.0,-150.0,0,0.9833198129798957,2.498153320808798
2D,nan,-75.0,-135.0,0,0.9851028536300737,2.504100435280259
2D,nan,-75.0,-120.0,0,0.9858679363235893,2.5119934068524414
2D,nan,-75.0,-105.0,0,0.9856091690019961,2.5218835978513185
2D,nan,-75.0,-90.0,0,0.9842789462403262,2.533721658283859
2D,nan,-75.0,-75.0,0,0.9817891915677353,2.547356419600571
2D,nan,-75.0,-60.0,0,0.9780139324761361,2.5625344440811713
2D,nan,-75.0,-45.0,0,0.9727934185250271,2.578900719457446
2D,nan,-75.0,-30.0,0,0.9659400473891904,2.5960011930474285
2D,nan,-75.0,-15.0,0,0.9572463628433002,2.613287989719807
2D,nan,-75.0,0.0,0,0.9464953123352189,2.630128221650203
2D,nan,-75.0,15.0,0,0.9334727832142146,2.6458172388287733
2D,nan,-75.0,30.0,0,0.9179821692412587,2.6595969532787915
2D,nan,-75.0,45.0,0,0.8998603648323933,2.670679475008285
2D,nan,-75.0,60.0,0,0.8789941824695529,2.6782757276165654
2D,nan,-75.0,75.0,0,0.8553358080157448,2.6816280085335933
2D,nan,-75.0,90.0,0,0.8289156428905694,2.6800447110047605
2D,nan,-75.0,105.0,0,0.7998508308828689,2.6729347608940834
2D,nan,-75.0,120.0,0,0.7683480069609974,2.6598388901346395
2D,nan,-75.0,135.0,0,0.7346993553813603,2.6404548040351705
2D,nan,-75.0,150.0,0,0.6992718646465562,2.6146536786154018
2D,nan,-75.0,165.0,0,0.6624905783656121,2.5824862330691953
2D,nan,-75.0,180.0,0,0.6248174762823481,2.544177746551999
2D,nan,-75.0,195.0,0,0.5867281959378198,2.500112632727716
2D,nan,-75.0,210.0,0,0.5486890011911247,2.450810323059959
2D,nan,-75.0,225.0,0,0.5111361955590744,2.3968950418818715
2D,nan,-75.0,240.0,0,0.4744596422140144,2.3390624618839793
2D,nan,-75.0,255.0,0,0.43899133290618864,2.278046187756429
2D,nan,-75.0,270.0,0,0.4049992084050813,2.214586600483185
2D,nan,-75.0,285.0,0,0.37268580922284283,2.1494039368333118
2D,nan,-75.0,300.0,0,0.34219090795177826,2.0831767271537136
2D,nan,-60.0,-300.0,0,0.847085096200566,2.452290216006197
2D,nan,-60.0,-285.0,0,0.8706426115504655,2.4675727117699227
2D,nan,-60.0,-270.0,0,0.8914796439481605,2.4783123385982146
2D,nan,-60.0,-255.0,0,0.9096674676451765,2.4852239777498273
2D,nan,-60.0,-240.0,0,0.9253382882648631,2.489070426870327
2D,nan,-60.0,-225.0,0,0.9386689595212092,2.4906299231884743
2D,nan,-60.0,-210.0,0,0.9498643189065964,2.4906674265820468
2D,nan,-60.0,-195.0,0,0.9591414236456117,2.4899106218793894
2D,nan,-60.0,-180.0,0,0.9667155468985597,2.4890309049284074
2D,nan,-60.0,-165.0,0,0.972788386433507,2.48862907146463
2D,nan,-60.0,-150.0,0,0.9775386030308746,2.489225062546208
2D,nan,-60.0,-135.0,0,0.9811145710954631,2.4912509302782397
2D,nan,-60.0,-120.0,0,0.9836290916247213,2.4950461461354694
2D,nan,-60.0,-105.0,0,0.9851557746168128,2.5008544464128066
2D,nan,-60.0,-90.0,0,0.9857268241139822,2.508821561140505
2D,nan,-60.0,-75.0,0,0.9853320333179432,2.5189933760929324
2D,nan,-60.0,-60.0,0,0.9839189005052278,2.5313143114067
2D,nan,-60.0,-45.0,0,0.9813938921981262,2.545625949688194
2D,nan,-60.0,-30.0,0,0.977624992979161,2.561666198960517
2D,nan,-60.0,-15.0,0,0.9724457758520879,2.5790695180153405
2D,nan,-60.0,0.0,0,0.9656612855399986,2.5973689456887046
2D,nan,-60.0,15.0,0,0.9570560294190903,2.6160008359774527
2D,nan,-60.0,30.0,0,0.9464042955979183,2.634313274431494
2D,nan,-60.0,45.0,0,0.9334828465604491,2.651579099029109
2D,nan,-60.0,60.0,0,0.9180857613572765,2.667014232942174
2D,nan,-60.0,75.0,0,0.9000408303163269,2.6798016315650686
2D,nan,-60.0,90.0,0,0.8792264825668978,2.6891205527828332
2D,nan,-60.0,105.0,0,0.8555878197633908,2.6941801193161385
2D,nan,-60.0,120.0,0,0.829150037814849,2.6942553458353706
2D,nan,-60.0,135.0,0,0.8000274489468645,2.68872308714212
2D,nan,-60.0,150.0,0,0.7684265525937999,2.6770948865619975
2D,nan,-60.0,165.0,0,0.7346421699267,2.659043611350487
2D,nan,-60.0,180.0,0,0.6990464928812149,2.6344211407707068
2D,nan,-60.0,195.0,0,0.6620718585188284,2.6032652124208946
2D,nan,-60.0,210.0,0,0.6241889440424484,2.5657947140403863
2D,nan,-60.0,225.0,0,0.5858826909649605,2.5223940244472103
2D,nan,-60.0,240.0,0,0.5476284777468341,2.473588215716242
2D,nan,-60.0,255.0,0,0.5098708423932686,2.420011815441156
2D,nan,-60.0,270.0,0,0.47300649094789354,2.3623742623747517
2D,nan,-60.0,285.0,0,0.4373725687363484,2.3014251487961537
2D,nan,-60.0,300.0,0,0.4032403928173263,2.237921905610864
2D,nan,-45.0,-300.0,0,0.800568865052025,2.424034765036816
2D,nan,-45.0,-285.0,0,0.8287824934167913,2.4477581588553288
2D,nan,-45.0,-270.0,0,0.8543125322268251,2.465812271809739
2D,nan,-45.0,-255.0,0,0.8770923094151846,2.4787597159379713
2D,nan,-45.0,-240.0,0,0.8971402216864235,2.487273986132484
2D,nan,-45.0,-225.0,0,0.9145480030929534,2.4921043475999562
2D,nan,-45.0,-210.0,0,0.9294655637159215,2.4940409708639746
2D,nan,-45.0,-195.0,0,0.9420842097021225,2.4938826592707337
2D,nan,-45.0,-180.0,0,0.9526198361577515,2.4924087540740607
2D,nan,-45.0,-165.0,0,0.9612973014396451,2.4903560207342874
2D,nan,-45.0,-150.0,0,0.9683367538506638,2.4884006349969336
2D,nan,-45.0,-135.0,0,0.9739422757337444,2.48714486687113
2D,nan,-45.0,-120.0,0,0.9782928883269999,2.4871077267827553
2D,nan,-45.0,-105.0,0,0.9815357445447489,2.4887186790792675
2D,nan,-45.0,-90.0,0,0.9837812235866279,2.49231351305028
2D,nan,-45.0,-75.0,0,0.985099614883809,2.498131554084378
2D,nan,-45.0,-60.0,0,0.9855191181386147,2.506313563683189
2D,nan,-45.0,-45.0,0,0.9850249701209465,2.516899890010321
2D,nan,-45.0,-30.0,0,0.9835596191144576,2.5298286713515084
2D,nan,-45.0,-15.0,0,0.9810239888127813,2.544934149990656
2D,nan,-45.0,0.0,0,0.977279990688189,2.561945412703883
2D,nan,-45.0,15.0,0,0.9721545423059622,2.5804861239565167
2D,nan,-45.0,30.0,0,0.9654454111644569,2.6000760412212163
2D,nan,-45.0,45.0,0,0.9569292086788906,2.6201352726571403
2D,nan,-45.0,60.0,0,0.9463717843736219,2.639992320670909
2D,nan,-45.0,75.0,0,0.9335410960920044,2.6588969089505836
2D,nan,-45.0,90.0,0,0.918222347810797,2.676038373992612
2D,nan,-45.0,105.0,0,0.9002348019585981,2.6905699854913485
2D,nan,-45.0,120.0,0,0.8794492271140705,2.701638941286615
2D,nan,-45.0,135.0,0,0.8558045086073348,2.708421003062706
2D,nan,-45.0,150.0,0,0.8293216327272206,2.7101578926997183
2D,nan,-45.0,165.0,0,0.8001131690796306,2.7061947994822595
2D,nan,-45.0,180.0,0,0.7683866111188101,2.6960148258810928
2D,nan,-45.0,195.0,0,0.7344405210067315,2.6792670820210756
2D,nan,-45.0,210.0,0,0.6986533002587735,2.655785521909815
2D,nan,-45.0,225.0,0,0.6614654184759248,2.6255964906769154
2D,nan,-45.0,240.0,0,0.6233568667030203,2.588914196420291
2D,nan,-45.0,255.0,0,0.5848222502661143,2.5461247125867996
2D,nan,-45.0,270.0,0,0.5463461580103529,2.4977603975246536
2D,nan,-45.0,285.0,0,0.5083812127087833,2.4444675579275255
2D,nan,-45.0,300.0,0,0.4713306080088407,2.3869706426692194
2D,nan,-30.0,-300.0,0,0.7457822263095064,2.3791620296038944
2D,nan,-30.0,-285.0,0,0.7782695730839623,2.413049754685486
2D,nan,-30.0,-270.0,0,0.8083963235827769,2.4405458770568806
2D,nan,-30.0,-255.0,0,0.8359323804823757,2.461949884260107
2D,nan,-30.0,-240.0,0,0.8607410250858211,2.4777285940606815
2D,nan,-30.0,-225.0,0,0.8827774057178428,2.488487577410772
2D,nan,-30.0,-210.0,0,0.9020806186614377,2.4949373420580474
2D,nan,-30.0,-195.0,0,0.9187608971307761,2.4978574927078725
2D,nan,-30.0,-180.0,0,0.9329837393187028,2.49806174851701
2D,nan,-30.0,-165.0,0,0.9449527887015117,2.49636605039332
2D,nan,-30.0,-150.0,0,0.9548930086191355,2.493561196751384
2D,nan,-30.0,-135.0,0,0.963035280404248,2.4903906598385435
2D,nan,-30.0,-120.0,0,0.9696031077810061,2.4875335657641564
2D,nan,-30.0,-105.0,0,0.9748017108781593,2.485592328886245
2D,nan,-30.0,-90.0,0,0.9788094873292892,2.4850841289188046
2D,nan,-30.0,-75.0,0,0.9817716207715997,2.486435289313933
2D,nan,-30.0,-60.0,0,0.983795521993975,2.489977624317107
2D,nan,-30.0,-45.0,0,0.9849477767582753,2.495945932105249
2D,nan,-30.0,-30.0,0,0.9852523250519885,2.5044759894584754
2D,nan,-30.0,-15.0,0,0.984689688619274,2.51560262423188
2D,nan,-30.0,0.0,0,0.9831971796034685,2.529257688213853
2D,nan,-30.0,15.0,0,0.9806701483590989,2.5452680132078633
2D,nan,-30.0,30.0,0,0.9769644494044092,2.5633536978846743
2D,nan,-30.0,45.0,0,0.9719004064430303,2.5831273305724354
2D,nan,-30.0,60.0,0,0.9652686227437847,2.604094986038825
2D,nan,-30.0,75.0,0,0.9568379905321324,2.6256600156755234
2D,nan,-30.0,90.0,0,0.9463661786052279,2.647130743391962
2D,nan,-30.0,105.0,0,0.9336126992752279,2.6677331393296977
2D,nan,-30.0,120.0,0,0.9183543619051628,2.686629325046282
2D,nan,-30.0,135.0,0,0.9004025190814554,2.7029423338528535
2D,nan,-30.0,150.0,0,0.8796210424386639,2.7157869038781475
2D,nan,-30.0,165.0,0,0.8559435052250286,2.724305260286259
2D,nan,-30.0,180.0,0,0.829387707397082,2.727705944775968
2D,nan,-30.0,195.0,0,0.8000655781043843,2.7253029267264988
2D,nan,-30.0,210.0,0,0.7681867282353451,2.716551663482477
2D,nan,-30.0,225.0,0,0.7340545353490018,2.7010786373692985
2D,nan,-30.0,240.0,0,0.6980545613452399,2.6787012888365256
2D,nan,-30.0,255.0,0,0.6606361671216704,2.649436183204002
2D,nan,-30.0,270.0,0,0.6222891724452546,2.6134945607684266
2D,nan,-30.0,285.0,0,0.5835180902358358,2.5712658917507896
2D,nan,-30.0,300.0,0,0.5448166933647266,2.523291411324185
2D,nan,-15.0,-300.0,0,0.6840340125223033,2.315222192808932
2D,nan,-15.0,-285.0,0,0.7198701633042064,2.3600364044146502
2D,nan,-15.0,-270.0,0,0.7539533353027162,2.39830860968647
2D,nan,-15.0,-255.0,0,0.7859042118746098,2.430000744971207
2D,nan,-15.0,-240.0,0,0.8154220805192239,2.455273221204986
2D,nan,-15.0,-225.0,0,0.8422964715018575,2.4744729594171417
2D,nan,-15.0,-210.0,0,0.8664114337161516,2.4881109259112923
2D,nan,-15.0,-195.0,0,0.8877425846945057,2.4968318390222266
2D,nan,-15.0,-180.0,0,0.906347961246824,2.5013792546338993
2D,nan,-15.0,-165.0,0,0.9223542982224998,2.5025592568667694
2D,nan,-15.0,-150.0,0,0.9359406102362517,2.5012055638626722
2D,nan,-15.0,-135.0,0,0.9473208721641136,2.498148156730087
2D,nan,-15.0,-120.0,0,0.9567272798048633,2.4941867228984673
2D,nan,-15.0,-105.0,0,0.9643951375637263,2.4900694217316617
2D,nan,-15.0,-90.0,0,0.9705499706469856,2.4864768321556494
2D,nan,-15.0,-75.0,0,0.9753970702928509,2.4840104791562476
2D,nan,-15.0,-60.0,0,0.9791133919438035,2.483185064510263
2D,nan,-15.0,-45.0,0,0.9818415479276484,2.4844234244353784
2D,nan,-15.0,-30.0,0,0.983685558136076,2.4880532668609154
2D,nan,-15.0,-15.0,0,0.9847080245072103,2.494304865998234
2D,nan,-15.0,0.0,0,0.9849284557357086,2.503309079730667
2D,nan,-15.0,15.0,0,0.9843225675496838,2.5150952824885326
2D,nan,-15.0,30.0,0,0.9828225046106656,2.5295890572842143
2D,nan,-15.0,45.0,0,0.9803180589191904,2.5466097555407368
2D,nan,-15.0,60.0,0,0.9766590837293451,2.565868304033456
2D,nan,-15.0,75.0,0,0.9716594070881281,2.5869659038071435
2D,nan,-15.0,90.0,0,0.9651026174017944,2.609394508603788
2D,nan,-15.0,105.0,0,0.9567501027206863,2.632540162331604
2D,nan,-15.0,120.0,0,0.946351650554047,2.655690377404068
2D,nan,-15.0,135.0,0,0.9336587323383483,2.67804670062187
2D,nan,-15.0,150.0,0,0.9184402923576992,2.6987433916269534
2D,nan,-15.0,165.0,0,0.9005004423015459,2.7168726937819514
2D,nan,-15.0,180.0,0,0.879696970018569,2.7315165014687928
2D,nan,-15.0,195.0,0,0.8559590845574532,2.7417833626567494
2D,nan,-15.0,210.0,0,0.8293024548344828,2.7468488035214356
2D,nan,-15.0,225.0,0,0.7998394858217087,2.745996083592038
2D,nan,-15.0,240.0,0,0.767783019655208,2.738653880079332
2D,nan,-15.0,255.0,0,0.7334422861361836,2.724427241388026
2D,nan,-15.0,270.0,0,0.6972108912834671,2.7031185557455424
2D,nan,-15.0,285.0,0,0.6595477513631566,2.6747362468281484
2D,nan,-15.0,300.0,0,0.6209529128980773,2.6394902936980777
2D,nan,0.0,-300.0,0,0.6175602660658822,2.2318620275459513
2D,nan,0.0,-285.0,0,0.6553815563084535,2.2872126479084405
2D,nan,0.0,-270.0,0,0.6922614603678346,2.3365021447372523
2D,nan,0.0,-255.0,0,0.7277271528400413,2.3793462222981945
2D,nan,0.0,-240.0,0,0.761348454313863,2.4155515120648565
2D,nan,0.0,-225.0,0,0.7927599960319688,2.44512586952828
2D,nan,0.0,-210.0,0,0.8216782936851919,2.4682760841080187
2D,nan,0.0,-195.0,0,0.847912062898804,2.485393569789406
2D,nan,0.0,-180.0,0,0.8713650817663716,2.4970299266111344
2D,nan,0.0,-165.0,0,0.8920319232620934,2.503865210383311
2D,nan,0.0,-150.0,0,0.9099877311141447,2.5066721898200814
2D,nan,0.0,-135.0,0,0.9253737528971206,2.5062797988660805
2D,nan,0.0,-120.0,0,0.9383805264084525,2.503538504763622
2D,nan,0.0,-105.0,0,0.9492304820707944,2.499289568438882
2D,nan,0.0,-90.0,0,0.9581613745656155,2.49433934380126
2D,nan,0.0,-75.0,0,0.9654115078177344,2.4894389890485584
2D,nan,0.0,-60.0,0,0.9712072704190949,2.485269339249205
2D,nan,0.0,-45.0,0,0.9757531227804817,2.4824302566726324
2D,nan,0.0,-30.0,0,0.9792239066259493,2.481433533197512
2D,nan,0.0,-15.0,0,0.981759187217595,2.482698341120308
2D,nan,0.0,0.0,0,0.9834592761556122,2.4865482771749905
2D,nan,0.0,15.0,0,0.984382596812931,2.4932091820872953
2D,nan,0.0,30.0,0,0.9845441234545533,2.5028071137460506
2D,nan,0.0,45.0,0,0.9839147296265517,2.5153660842848997
2D,nan,0.0,60.0,0,0.982421405974176,2.5308054263866757
2D,nan,0.0,75.0,0,0.9799484394892414,2.548936923569933
2D,nan,0.0,90.0,0,0.9763397731246064,2.569462115988379
2D,nan,0.0,105.0,0,0.9714028726805269,2.5919704670032653
2D,nan,0.0,120.0,0,0.9649144987642732,2.615939328504771
2D,nan,0.0,135.0,0,0.9566287924154979,2.640736845646257
2D,nan,0.0,150.0,0,0.9462880070769244,2.6656290530418385
2D,nan,0.0,165.0,0,0.9336360315422362,2.689792383496563
2D,nan,0.0,180.0,0,0.9184345328069243,2.7123325840263535
2D,nan,0.0,195.0,0,0.9004811109042314,2.7323105714538625
2D,nan,0.0,210.0,0,0.879628341104659,2.7487750517992233
2D,nan,0.0,225.0,0,0.8558020661097658,2.7608008162021953
2D,nan,0.0,240.0,0,0.8290169140388763,2.767530618691267
2D,nan,0.0,255.0,0,0.7993868946891135,2.76821760821674
2D,nan,0.0,270.0,0,0.7671291794586433,2.762264636608554
2D,nan,0.0,285.0,0,0.732559838865935,2.7492565909302775
2D,nan,0.0,300.0,0,0.696081325209609,2.728982324567522
2D,nan,15.0,-300.0,0,0.5491611752882278,2.1308879712592215
2D,nan,15.0,-285.0,0,0.5873938953628934,2.195290057683501
2D,nan,15.0,-270.0,0,0.6255633549202245,2.254666301151778
2D,nan,15.0,-255.0,0,0.6631830970204671,2.3083504497263356
2D,nan,15.0,-240.0,0,0.699764050413152,2.3558213927139184
2D,nan,15.0,-225.0,0,0.7348396594155815,2.396733134041457
2D,nan,15.0,-210.0,0,0.7679904900449591,2.4309347911738763
2D,nan,15.0,-195.0,0,0.7988656625760016,2.4584785992611637
2D,nan,15.0,-180.0,0,0.8271988296661358,2.4796152803821876
2D,nan,15.0,-165.0,0,0.8528171890361078,2.4947776020332375
2D,nan,15.0,-150.0,0,0.8756430180183373,2.504554224136924
2D,nan,15.0,-135.0,0,0.8956882211287108,2.509656801988961
2D,nan,15.0,-120.0,0,0.913043187489484,2.5108836636147958
2D,nan,15.0,-105.0,0,0.9278617339660397,2.509083226185336
2D,nan,15.0,-90.0,0,0.9403440317798282,2.5051197690634117
2D,nan,15.0,-75.0,0,0.9507192341211833,2.49984340574735
2D,nan,15.0,-60.0,0,0.9592291453742716,2.494065262362108
2D,nan,15.0,-45.0,0,0.9661138152961298,2.4885381120679666
2D,nan,15.0,-30.0,0,0.9715995009157727,2.483942117345462
2D,nan,15.0,-15.0,0,0.9758890781253656,2.4808749290406222
2D,nan,15.0,0.0,0,0.9791547322574312,2.4798451763293348
2D,nan,15.0,15.0,0,0.9815326137561985,2.481268325806007
2D,nan,15.0,30.0,0,0.9831190964786364,2.4854639522442934
2D,nan,15.0,45.0,0,0.983968300665322,2.4926536114130236
2D,nan,15.0,60.0,0,0.9840906186026763,2.5029587073895625
2D,nan,15.0,75.0,0,0.9834520900968331,2.5163979830902425
2D,nan,15.0,90.0,0,0.9819746025789331,2.5328845213018143
2D,nan,15.0,105.0,0,0.9795370250382226,2.552222417391032
2D,nan,15.0,120.0,0,0.9759775144108271,2.5741035679397344
2D,nan,15.0,135.0,0,0.9710973435988074,2.5981053017826863
2D,nan,15.0,150.0,0,0.9646666734730444,2.6236898429183158
2D,nan,15.0,165.0,0,0.9564327030406733,2.6502068081209593
2D,nan,15.0,180.0,0,0.9461305543583306,2.6769000620836767
2D,nan,15.0,195.0,0,0.9334970545319187,2.7029202250671327
2D,nan,15.0,210.0,0,0.9182872491420517,2.727343895333905
2D,nan,15.0,225.0,0,0.9002930255807393,2.7492001666068004
2D,nan,15.0,240.0,0,0.8793626836941615,2.7675042779704166
2D,nan,15.0,255.0,0,0.8554197526629175,2.781297273540237
2D,nan,15.0,270.0,0,0.8284789459194092,2.7896894851877576
2D,nan,15.0,285.0,0,0.7986570158033212,2.7919046646022716
2D,nan,15.0,300.0,0,0.7661765360155528,2.7873209020184437
2D,nan,30.0,-300.0,0,0.48169912209847926,2.0158605709382393
2D,nan,30.0,-285.0,0,0.51883301023666,2.087024464223007
2D,nan,30.0,-270.0,0,0.5567028210825218,2.1545633278640355
2D,nan,30.0,-255.0,0,0.5948843636965043,2.2176452404007447
2D,nan,30.0,-240.0,0,0.6329118412570551,2.2755144241417837
2D,nan,30.0,-225.0,0,0.6702976436043676,2.327531095833434
2D,nan,30.0,-210.0,0,0.7065558974892562,2.373207355795883
2D,nan,30.0,-195.0,0,0.7412276348857204,2.4122355835103053
2D,nan,30.0,-180.0,0,0.7739049901375001,2.444506429795451
2D,nan,30.0,-165.0,0,0.8042518144080301,2.4701146045228635
2D,nan,30.0,-150.0,0,0.8320185368208571,2.4893520684879595
2D,nan,30.0,-135.0,0,0.857049919900674,2.50268968652946
2D,nan,30.0,-120.0,0,0.8792853682806137,2.510749618226117
2D,nan,30.0,-105.0,0,0.8987524305675678,2.514271509852187
2D,nan,30.0,-90.0,0,0.9155548908910248,2.5140758163486563
2D,nan,30.0,-75.0,0,0.9298572661241313,2.511027354990559
2D,nan,30.0,-60.0,0,0.9418675919056366,2.5060015962810196
2D,nan,30.0,-45.0,0,0.9518201609074248,2.499855400778221
2D,nan,30.0,-30.0,0,0.9599594796596274,2.4934030785119865
2D,nan,30.0,-15.0,0,0.9665262502085511,2.4873979085752747
2D,nan,30.0,0.0,0,0.971745751914889,2.4825186865342275
2D,nan,30.0,15.0,0,0.9758186539783001,2.4793604928954687
2D,nan,30.0,30.0,0,0.9789140541432418,2.478428686296139
2D,nan,30.0,45.0,0,0.9811644115922024,2.4801350885396807
2D,nan,30.0,60.0,0,0.9826620058299675,2.4847954063290327
2D,nan,30.0,75.0,0,0.9834565866387487,2.4926270907435555
2D,nan,30.0,90.0,0,0.983553961914956,2.503747042515307
2D,nan,30.0,105.0,0,0.9829153829537262,2.5181688107440547
2D,nan,30.0,120.0,0,0.9814577169637406,2.5357991945388565
2D,nan,30.0,135.0,0,0.9790545331150284,2.5564344355060946
2D,nan,30.0,150.0,0,0.9755383600679022,2.579756478661393
2D,nan,30.0,165.0,0,0.9707044857843272,2.6053300704014797
2D,nan,30.0,180.0,0,0.9643167455210623,2.632601735616731
2D,nan,30.0,195.0,0,0.9561157562399193,2.660901899902896
2D,nan,30.0,210.0,0,0.9458299756602148,2.68945155079414
2D,nan,30.0,225.0,0,0.9331897628590423,2.7173748059234892
2D,nan,30.0,240.0,0,0.917944276115858,2.743718514999331
2D,nan,30.0,255.0,0,0.8998805681552166,2.7674795184193117
2D,nan,30.0,270.0,0,0.8788436733901241,2.7876394051932247
2D,nan,30.0,285.0,0,0.8547559185353002,2.8032056020447427
2D,nan,30.0,300.0,0,0.8276332627962004,2.8132565040925677
2D,nan,45.0,-300.0,0,0.4176362018672531,1.8913692170484744
2D,nan,45.0,-285.0,0,0.4524483399336091,1.9666209317418117
2D,nan,45.0,-270.0,0,0.4886108996807723,2.039777527177512
2D,nan,45.0,-255.0,0,0.5258107586064367,2.109971617281144
2D,nan,45.0,-240.0,0,0.5636711233425972,2.1763413091114674
2D,nan,45.0,-225.0,0,0.6017613404645809,2.238068144847495
2D,nan,45.0,-210.0,0,0.6396123476514488,2.2944173460124544
2D,nan,45.0,-195.0,0,0.6767370786466164,2.344777108434823
2D,nan,45.0,-180.0,0,0.7126543044993664,2.388693345779862
2D,nan,45.0,-165.0,0,0.746913694105533,2.425896435373155
2D,nan,45.0,-150.0,0,0.7791194904439698,2.4563172217673017
2D,nan,45.0,-135.0,0,0.8089502485569162,2.4800906962703277
2D,nan,45.0,-120.0,0,0.836172584636143,2.4975471952773325
2D,nan,45.0,-105.0,0,0.8606477401693656,2.5091923813676043
2D,nan,45.0,-90.0,0,0.8823307784107483,2.515678428576564
2D,nan,45.0,-75.0,0,0.9012631812393287,2.517769540497321
2D,nan,45.0,-60.0,0,0.917560320164054,2.5163051152675764
2D,nan,45.0,-45.0,0,0.9313956381624493,2.512163580807628
2D,nan,45.0,-30.0,0,0.9429833976726866,2.5062292887394038
2D,nan,45.0,-15.0,0,0.9525615981959902,2.4993640457862725
2D,nan,45.0,0.0,0,0.9603762560249034,2.4923840378495963
2D,nan,45.0,15.0,0,0.9666677802876675,2.486042184874535
2D,nan,45.0,30.0,0,0.9716597604255254,2.4810154223363923
2D,nan,45.0,45.0,0,0.9755501520011434,2.4778960578591476
2D,nan,45.0,60.0,0,0.9785046293358529,2.4771861846325365
2D,nan,45.0,75.0,0,0.9806517603241859,2.479294113571686
2D,nan,45.0,90.0,0,0.9820796333702746,2.484531875020354
2D,nan,45.0,105.0,0,0.9828336070369685,2.4931130036465596
2D,nan,45.0,120.0,0,0.9829149393847394,2.5051500310440695
2D,nan,45.0,135.0,0,0.9822801696189283,2.520651352910747
2D,nan,45.0,150.0,0,0.9808412568939077,2.53951740271265
2D,nan,45.0,165.0,0,0.9784666194571896,2.5615363469097834
2D,nan,45.0,180.0,0,0.9749833509151998,2.5863798134025973
2D,nan,45.0,195.0,0,0.970181005266518,2.613599465039175
2D,nan,45.0,210.0,0,0.9638174189459414,2.642625514001147
2D,nan,45.0,225.0,0,0.9556270503624483,2.672768506967425
2D,nan,45.0,240.0,0,0.9453322341907242,2.7032258459964527
2D,nan,45.0,255.0,0,0.9326575383460405,2.7330944843500786
2D,nan,45.0,270.0,0,0.9173470562737968,2.7613909849582514
2D,nan,45.0,285.0,0,0.899183971427836,2.787079600535875
2D,nan,45.0,300.0,0,0.8780111410379612,2.809108214335498
2D,nan,60.0,-300.0,0,0.35874723781475243,1.7622322531503452
2D,nan,60.0,-285.0,0,0.390418067713323,1.8389301370181652
2D,nan,60.0,-270.0,0,0.42382582307190014,1.914978264703352
2D,nan,60.0,-255.0,0,0.45878265582227784,1.9895822219746284
2D,nan,60.0,-240.0,0,0.495033523818847,2.0618983181678336
2D,nan,60.0,-225.0,0,0.5322563294319854,2.131061255969635
2D,nan,60.0,-210.0,0,0.570066990073601,2.196217982812791
2D,nan,60.0,-195.0,0,0.6080300547586013,2.2565659704886705
2D,nan,60.0,-180.0,0,0.6456748523328335,2.311393289147784
2D,nan,60.0,-165.0,0,0.6825163674189185,2.360117175280253
2D,nan,60.0,-150.0,0,0.7180792273294839,2.4023175167967965
2D,nan,60.0,-135.0,0,0.7519225276728699,2.437761914352444
2D,nan,60.0,-120.0,0,0.7836629000141023,2.4664197482932684
2D,nan,60.0,-105.0,0,0.8129933405643878,2.488463883665211
2D,nan,60.0,-90.0,0,0.8396958745653857,2.5042600722337003
2D,nan,60.0,-75.0,0,0.8636470106743535,2.5143454949355353
2D,nan,60.0,-60.0,0,0.8848159454531606,2.5193989803672574
2D,nan,60.0,-45.0,0,0.9032563935225214,2.5202060646866276
2D,nan,60.0,-30.0,0,0.9190935735558169,2.5176221713976354
2D,nan,60.0,-15.0,0,0.9325081907947094,2.512536844888933
2D,nan,60.0,0.0,0,0.9437192334029899,2.5058413074270196
2D,nan,60.0,15.0,0,0.9529671227743056,2.498400794406242
2D,nan,60.0,30.0,0,0.9604983387600844,2.4910323121263565
2D,nan,60.0,45.0,0,0.9665521877558891,2.4844877690210483
2D,nan,60.0,60.0,0,0.9713499759413022,2.4794419161072394
2D,nan,60.0,75.0,0,0.9750865381777584,2.476484210282735
2D,nan,60.0,90.0,0,0.9779238703302205,2.4761135674737282
2D,nan,60.0,105.0,0,0.979986512437575,2.47873496729159
2D,nan,60.0,120.0,0,0.9813583140530838,2.484656968807635
2D,nan,60.0,135.0,0,0.9820802598238808,2.4940893651149882
2D,nan,60.0,150.0,0,0.9821491234684224,2.507140418215345
2D,nan,60.0,165.0,0,0.9815168361892673,2.523813360562274
2D,nan,60.0,180.0,0,0.9800905893826696,2.544002117863516
2D,nan,60.0,195.0,0,0.9777338313658955,2.567486495923485
2D,nan,60.0,210.0,0,0.9742684531302653,2.5939273781559797
2D,nan,60.0,225.0,0,0.9694785746634162,2.622862789931004
2D,nan,60.0,240.0,0,0.9631164209863009,2.653705980377331
2D,nan,60.0,255.0,0,0.9549107884977228,2.6857469160112095
2D,nan,60.0,270.0,0,0.9445785148998918,2.7181587215431255
2D,nan,60.0,285.0,0,0.9318391476756627,2.750010575963086
2D,nan,60.0,300.0,0,0.916432635886725,2.780288307563532
2D,nan,75.0,-300.0,0,0.30604535168201047,1.6328407542749086
2D,nan,75.0,-285.0,0,0.33416381183425165,1.7086864040770582
2D,nan,75.0,-270.0,0,0.36419041443366545,1.7850977987420305
2D,nan,75.0,-255.0,0,0.3960492425870042,1.861420892551818
2D,nan,75.0,-240.0,0,0.42960690178300676,1.9369210903215384
2D,nan,75.0,-225.0,0,0.464666419602557,2.0107979218960095
2D,nan,75.0,-210.0,0,0.5009640369692704,2.082206712138735
2D,nan,75.0,-195.0,0,0.5381700344922831,2.1502871000949733
2D,nan,75.0,-180.0,0,0.5758945464803249,2.214197443299079
2D,nan,75.0,-165.0,0,0.6136988899848612,2.273153238402845
2D,nan,75.0,-150.0,0,0.6511122895047023,2.326466843378254
2D,nan,75.0,-135.0,0,0.6876530886350247,2.3735851770358627
2D,nan,75.0,-120.0,0,0.7228527510338013,2.414121866866946
2D,nan,75.0,-105.0,0,0.7562803438981746,2.4478806248688256
2D,nan,75.0,-90.0,0,0.7875649327352049,2.474867458330171
2D,nan,75.0,-75.0,0,0.8164134907839143,2.4952905529464946
2D,nan,75.0,-60.0,0,0.8426225244731107,2.5095480826647605
2D,nan,75.0,-45.0,0,0.8660825106556835,2.5182055414082276
2D,nan,75.0,-30.0,0,0.8867752318617956,2.521965217425277
2D,nan,75.0,-15.0,0,0.9047649725410201,2.521630987478888
2D,nan,75.0,0.0,0,0.9201851440849149,2.5180716568760966
2D,nan,75.0,15.0,0,0.9332221693433592,2.512185682274366
2D,nan,75.0,30.0,0,0.9440983984677228,2.504869429451202
2D,nan,75.0,45.0,0,0.9530555316428532,2.4969903044103283
2D,nan,75.0,60.0,0,0.9603396016862106,2.4893653022330238
2D,nan,75.0,75.0,0,0.9661881245338453,2.4827448493333653
2D,nan,75.0,90.0,0,0.9708196343260975,2.4778013256939753
2D,nan,75.0,105.0,0,0.974425523984338,2.4751213545576807
2D,nan,75.0,120.0,0,0.9771639238667458,2.475200818183101
2D,nan,75.0,135.0,0,0.9791552620740805,2.4784415650348945
2D,nan,75.0,150.0,0,0.9804791417770045,2.4851488790455933
2D,nan,75.0,165.0,0,0.9811722226547828,2.4955289536642375
2D,nan,75.0,180.0,0,0.9812268865098807,2.509685829654998
2D,nan,75.0,195.0,0,0.9805905866924675,2.527617502670328
2D,nan,75.0,210.0,0,0.979165916029615,2.549211178283055
2D,nan,75.0,225.0,0,0.9768115690664464,2.574237945668625
2D,nan,75.0,240.0,0,0.9733445111110579,2.6023474525555
2D,nan,75.0,255.0,0,0.9685437843779799,2.6330634830794324
2D,nan,75.0,270.0,0,0.9621564595444425,2.665781644868977
2D,nan,75.0,285.0,0,0.95390625089211,2.699770624327946
2D,nan,75.0,300.0,0,0.9435052208321929,2.73417861455225
2D,nan,90.0,-300.0,0,0.2598717458389014,1.5067576099739708
2D,nan,90.0,-285.0,0,0.28436516959106645,1.579961787719892
2D,nan,90.0,-270.0,0,0.3107686940039206,1.6546512307852776
2D,nan,90.0,-255.0,0,0.3390907382265608,1.7303376010487128
2D,nan,90.0,-240.0,0,0.3692978376343959,1.8064426137327736
2D,nan,90.0,-225.0,0,0.40130621329471217,1.8823015099165554
2D,nan,90.0,-210.0,0,0.4349742259985459,1.9571721958558606
2D,nan,90.0,-195.0,0,0.4700967170210334,2.030250891974972
2D,nan,90.0,-180.0,0,0.5064023622945735,2.100694688646602
2D,nan,90.0,-165.0,0,0.5435551488708716,2.167650751177032
2D,nan,90.0,-150.0,0,0.5811608644070831,2.2302910959426576
2D,nan,90.0,-135.0,0,0.6187790416303165,2.2878509715753395
2D,nan,90.0,-120.0,0,0.6559401408877047,2.3396680718246836
2D,nan,90.0,-105.0,0,0.6921669709722374,2.3852192549057345
2D,nan,90.0,-90.0,0,0.7269985878245441,2.424151307244257
2D,nan,90.0,-75.0,0,0.7600143487546331,2.4563026624498514
2D,nan,90.0,-60.0,0,0.7908555917751546,2.4817138593386594
2D,nan,90.0,-45.0,0,0.8192426355690898,2.5006257686494315
2D,nan,90.0,-30.0,0,0.8449854262657469,2.5134660160757805
2D,nan,90.0,-15.0,0,0.8679870571303748,2.520825321298407
2D,nan,90.0,0.0,0,0.888240356356741,2.523426432208251
2D,nan,90.0,15.0,0,0.9058185743651599,2.522088821995064
2D,nan,90.0,30.0,0,0.9208617594400881,2.517692309512261
2D,nan,90.0,45.0,0,0.9335606311214197,2.5111423387460357
2D,nan,90.0,60.0,0,0.9441396726144683,2.503338955548882
2D,nan,90.0,75.0,0,0.9528408537516124,2.495150712293127
2D,nan,90.0,90.0,0,0.9599089739933963,2.4873939561847482
2D,nan,90.0,105.0,0,0.9655791801211479,2.480817312977201
2D,nan,90.0,120.0,0,0.9700668366961459,2.476090713365819
2D,nan,90.0,135.0,0,0.9735596467702854,2.473798031048026
2D,nan,90.0,150.0,0,0.976211745156365,2.474432287961374
2D,nan,90.0,165.0,0,0.9781394074395838,2.478392399020968
2D,nan,90.0,180.0,0,0.9794180163386621,2.48598053973103
2D,nan,90.0,195.0,0,0.9800799827184622,2.497399395191228
2D,nan,90.0,210.0,0,0.9801134137150158,2.5127487672170608
2D,nan,90.0,225.0,0,0.979461441232165,2.532021265601401
2D,nan,90.0,240.0,0,0.9780222600495325,2.5550970848237053
2D,nan,90.0,255.0,0,0.975650066870906,2.5817381666792354
2D,nan,90.0,270.0,0,0.9721572293864325,2.6115823685504473
2D,nan,90.0,285.0,0,0.9673181330058315,2.64413858552554
2D,nan,90.0,300.0,0,0.9608752306643783,2.6787840890253833
2D,nan,105.0,-300.0,0,0.22006775736441025,1.3865722823835205
2D,nan,105.0,-285.0,0,0.24110138987798446,1.455891053052295
2D,nan,105.0,-270.0,0,0.26393372223986683,1.527317023257337
2D,nan,105.0,-255.0,0,0.288627483632498,1.6005213123600441
2D,nan,105.0,-240.0,0,0.3152192051463927,1.6750910111566988
2D,nan,105.0,-225.0,0,0.3437112210968755,1.7505252676313678
2D,nan,105.0,-210.0,0,0.3740632639664234,1.8262349310343913
2D,nan,105.0,-195.0,0,0.4061842452896164,1.9015468751877351
2D,nan,105.0,-180.0,0,0.4399250358260369,1.975714033886228
2D,nan,105.0,-165.0,0,0.47507324930531786,2.047931918737512
2D,nan,105.0,-150.0,0,0.5113511401095775,2.11736192412072
2D,nan,105.0,-135.0,0,0.5484176842609262,2.183161057914433
2D,nan,105.0,-120.0,0,0.5858756709120224,2.24451691922412
2D,nan,105.0,-105.0,0,0.6232841640118211,2.3006858780990385
2D,nan,105.0,-90.0,0,0.6601760286032968,2.351031646413329
2D,nan,105.0,-75.0,0,0.6960794450354427,2.3950609341798534
2D,nan,105.0,-60.0,0,0.7305416052492278,2.4324528114529262
2D,nan,105.0,-45.0,0,0.7631522701020717,2.4630788243007133
2D,nan,105.0,-30.0,0,0.7935647104211838,2.487011820989528
2D,nan,105.0,-15.0,0,0.8215118239139875,2.504522695113275
2D,nan,105.0,0.0,0,0.846815874237029,2.516065623590375
2D,nan,105.0,15.0,0,0.8693911961848727,2.5222536177519044
2D,nan,105.0,30.0,0,0.8892401540661035,2.5238271011716336
2D,nan,105.0,45.0,0,0.9064434356074726,2.521618654462683
2D,nan,105.0,60.0,0,0.9211462769800364,2.516517012185976
2D,nan,105.0,75.0,0,0.9335423981772598,2.5094329451820316
2D,nan,105.0,90.0,0,0.9438573164124282,2.5012689577013543
2D,nan,105.0,105.0,0,0.9523323869257462,2.4928939316756216
2D,nan,105.0,120.0,0,0.9592105023115175,2.4851230962344326
2D,nan,105.0,135.0,0,0.9647239581990965,2.4787030808930925
2D,nan,105.0,150.0,0,0.9690846312627936,2.4743013693044222
2D,nan,105.0,165.0,0,0.9724763492495253,2.4724992107240977
2D,nan,105.0,180.0,0,0.975049169330873,2.4737869460445356
2D,nan,105.0,195.0,0,0.9769152104966758,2.4785607302809294
2D,nan,105.0,210.0,0,0.9781456896074645,2.4871197489486354
2D,nan,105.0,225.0,0,0.9787688695229525,2.499663203255971
2D,nan,105.0,240.0,0,0.9787687244690425,2.5162865589347
2D,nan,105.0,255.0,0,0.9780842494340464,2.5369768051756076
2D,nan,105.0,270.0,0,0.9766094769878647,2.5616067493187917
2D,nan,105.0,285.0,0,0.974194407683119,2.5899286780761317
2D,nan,105.0,300.0,0,0.9706471985979439,2.621568043276863
2D,nan,120.0,-300.0,0,0.1861585413722899,1.2739444834586113
2D,nan,120.0,-285.0,0,0.20403839863981493,1.3386278873887432
2D,nan,120.0,-270.0,0,0.22354238129534704,1.405781052414611
2D,nan,120.0,-255.0,0,0.24476206685634178,1.4752103831372305
2D,nan,120.0,-240.0,0,0.26777555665887964,1.5466522025553342
2D,nan,120.0,-225.0,0,0.2926412104727952,1.6197652277128138
2D,nan,120.0,-210.0,0,0.31939043336751904,1.6941246897017312
2D,nan,120.0,-195.0,0,0.3480197351112403,1.7692190496045843
2D,nan,120.0,-180.0,0,0.3784824619316116,1.8444503740287843
2D,nan,120.0,-165.0,0,0.4106808093917254,1.9191394585112516
2D,nan,120.0,-150.0,0,0.4444589389385369,1.9925366787916672
2D,nan,120.0,-135.0,0,0.47959819887346894,2.0638392673528436
2D,nan,120.0,-120.0,0,0.5158155385074897,2.132215231240511
2D,nan,120.0,-105.0,0,0.552766141853214,2.196833454906792
2D,nan,120.0,-90.0,0,0.5900510443930521,2.2568987226257247
2D,nan,120.0,-75.0,0,0.6272300149282337,2.3116895546298086
2D,nan,120.0,-60.0,0,0.6638393181673851,2.3605960283104106
2D,nan,120.0,-45.0,0,0.699413218639281,2.4031543158198967
2D,nan,120.0,-30.0,0,0.7335073908002548,2.4390746521974758
2D,nan,120.0,-15.0,0,0.7657219301790664,2.468259922855819
2D,nan,120.0,0.0,0,0.7957215506545168,2.4908129912575676
2D,nan,120.0,15.0,0,0.8232508581059098,2.507032133700041
2D,nan,120.0,30.0,0,0.8481432600772469,2.5173952865408333
2D,nan,120.0,45.0,0,0.8703229599552832,2.5225349983417393
2D,nan,120.0,60.0,0,0.8898003981446767,2.523206813935973
2D,nan,120.0,75.0,0,0.9066622577372606,2.520254188614239
2D,nan,120.0,90.0,0,0.9210576250008886,2.51457293569405
2D,nan,120.0,105.0,0,0.9331820470534855,2.507077739144835
2D,nan,120.0,120.0,0,0.9432610994799318,2.49867255838558
2D,nan,120.0,135.0,0,0.9515347540532992,2.490225969025927
2D,nan,120.0,150.0,0,0.9582434247597185,2.4825517506561234
2D,nan,120.0,165.0,0,0.9636161595273018,2.476394436588538
2D,nan,120.0,180.0,0,0.9678610975993499,2.472419119983421
2D,nan,120.0,195.0,0,0.9711580594635667,2.47120456740967
2D,nan,120.0,210.0,0,0.9736529833499636,2.4732386017402224
2D,nan,120.0,225.0,0,0.975453859001869,2.4789147479340317
2D,nan,120.0,240.0,0,0.9766278177691105,2.48852925426562
2D,nan,120.0,255.0,0,0.9771990992247291,2.502277780863241
2D,nan,120.0,270.0,0,0.9771477123239881,2.520251268908405
2D,nan,120.0,285.0,0,0.9764087312274637,2.542430758011443
2D,nan,120.0,300.0,0,0.9748723028377134,2.568681202664221
2D,nan,135.0,-300.0,0,0.1575073624648138,1.169753105032616
2D,nan,135.0,-285.0,0,0.17260341908102603,1.229450806365048
2D,nan,135.0,-270.0,0,0.18912363830443263,1.2917766418315633
2D,nan,135.0,-255.0,0,0.20717001740994664,1.356641672567168
2D,nan,135.0,-240.0,0,0.2268400028047442,1.423903204403549
2D,nan,135.0,-225.0,0,0.2482221985581157,1.4933563991238838
2D,nan,135.0,-210.0,0,0.27139108010030916,1.5647262095807604
2D,nan,135.0,-195.0,0,0.29640070776132393,1.6376602683087222
2D,nan,135.0,-180.0,0,0.3232775359320753,1.7117235263130182
2D,nan,135.0,-165.0,0,0.35201255472233806,1.7863955874856337
2D,nan,135.0,-150.0,0,0.3825531801219262,1.8610717825341667
2D,nan,135.0,-135.0,0,0.41479551390884933,1.935069034121485
2D,nan,135.0,-120.0,0,0.44857780027783206,2.0076374382802027
2D,nan,135.0,-105.0,0,0.48367607134953366,2.077978187559259
2D,nan,135.0,-90.0,0,0.519803044411523,2.145267968384844
2D,nan,135.0,-75.0,0,0.5566112520098899,2.2086892913382496
2D,nan,135.0,-60.0,0,0.5937011060521808,2.267465416529705
2D,nan,135.0,-45.0,0,0.6306341060619073,2.320897724704681
2D,nan,135.0,-30.0,0,0.6669507388693534,2.3684027053254484
2D,nan,135.0,-15.0,0,0.702191881449831,2.4095453447558333
2D,nan,135.0,0.0,0,0.7359218571628946,2.44406573091666
2D,nan,135.0,15.0,0,0.76775086828794,2.471896203004383
2D,nan,135.0,30.0,0,0.7973544588852144,2.4931673217186816
2D,nan,135.0,45.0,0,0.8244879953575974,2.50820216919739
2D,nan,135.0,60.0,0,0.8489948293498846,2.517499789143071
2D,nan,135.0,75.0,0,0.8708076824302062,2.521709711642054
2D,nan,135.0,90.0,0,0.8899436749545001,2.52160028484862
2D,nan,135.0,105.0,0,0.906494137810132,2.5180238582196783
2D,nan,135.0,120.0,0,0.9206107822072801,2.5118817347327655
2D,nan,135.0,135.0,0,0.9324899282791806,2.5040913248305663
2D,nan,135.0,150.0,0,0.9423563504259911,2.495557234363095
2D,nan,135.0,165.0,0,0.9504479739879806,2.487147251518041
2D,nan,135.0,180.0,0,0.9570022541479309,2.479673486938973
2D,nan,135.0,195.0,0,0.9622446701371511,2.473878347342045
2D,nan,135.0,210.0,0,0.9663794342100379,2.4704246216088768
2D,nan,135.0,225.0,0,0.9695822739745344,2.469888729224609
2D,nan,135.0,240.0,0,0.9719950029886439,2.472756101085614
2D,nan,135.0,255.0,0,0.9737215373565439,2.4794176996187103
2D,nan,135.0,270.0,0,0.9748250279357771,2.4901668067858336
2D,nan,135.0,285.0,0,0.9753258406174575,2.505195389315576
2D,nan,135.0,300.0,0,0.9752002155826734,2.524589573607982
2D,nan,150.0,-300.0,0,0.13342646797559157,1.0742814307194943
2D,nan,150.0,-285.0,0,0.14612006753693824,1.1289386731432196
2D,nan,150.0,-270.0,0,0.16003731378052738,1.1862345904230263
2D,nan,150.0,-255.0,0,0.17527890534703813,1.2461551974592575
2D,nan,150.0,-240.0,0,0.19194652372030985,1.3086480421215803
2D,nan,150.0,-225.0,0,0.2101402199501088,1.3736145263726385
2D,nan,150.0,-210.0,0,0.22995498710253617,1.4409018266599574
2D,nan,150.0,-195.0,0,0.25147641827824585,1.5102947477310682
2D,nan,150.0,-180.0,0,0.2747753888696419,1.5815079872875044
2D,nan,150.0,-165.0,0,0.29990176947811314,1.6541794476987046
2D,nan,150.0,-150.0,0,0.3268772790495838,1.727865391130044
2D,nan,150.0,-135.0,0,0.35568772969661133,1.802038373051798
2D,nan,150.0,-120.0,0,0.3862750924498555,1.876088974189071
2D,nan,150.0,-105.0,0,0.4185300138322364,1.94933234307411
2D,nan,150.0,-90.0,0,0.45228561021118735,2.021020418468016
2D,nan,150.0,-75.0,0,0.48731351912111026,2.0903603874398713
2D,nan,150.0,-60.0,0,0.5233232411789336,2.1565394343010547
2D,nan,150.0,-45.0,0,0.5599657074660592,2.2187551645650063
2D,nan,150.0,-30.0,0,0.5968417136429987,2.276250307936146
2D,nan,150.0,-15.0,0,0.6335153657535767,2.32834952368736
2D,nan,150.0,0.0,0,0.6695320272590479,2.3744954951911255
2D,nan,150.0,15.0,0,0.7044395432446638,2.4142811603594208
2D,nan,150.0,30.0,0,0.7378108904362796,2.447475001714498
2D,nan,150.0,45.0,0,0.769266013798541,2.474036861035602
2D,nan,150.0,60.0,0,0.798490576703682,2.4941226967767403
2D,nan,150.0,75.0,0,0.8252497061785194,2.508077917445024
2D,nan,150.0,90.0,0,0.8493954934764901,2.5164201854175245
2D,nan,150.0,105.0,0,0.8708678669228651,2.5198136677450917
2D,nan,150.0,120.0,0,0.8896893050592223,2.5190374359535213
2D,nan,150.0,135.0,0,0.9059545378712854,2.514950997355503
2D,nan,150.0,150.0,0,0.919816788199073,2.508459787785347
2D,nan,150.0,165.0,0,0.9314722094151081,2.500482963710626
2D,nan,150.0,180.0,0,0.9411440236800026,2.4919251391144797
2D,nan,150.0,195.0,0,0.949067543937806,2.483652962980592
2D,nan,150.0,210.0,0,0.9554768688505503,2.4764767441289113
2D,nan,150.0,225.0,0,0.9605936551761021,2.4711367772010577
2D,nan,150.0,240.0,0,0.9646180516274694,2.4682936394674724
2D,nan,150.0,255.0,0,0.9677216483997084,2.4685215113464523
2D,nan,150.0,270.0,0,0.9700421609035846,2.472303501362129
2D,nan,150.0,285.0,0,0.9716795141579334,2.4800279973135546
2D,nan,150.0,300.0,0,0.9726930089000307,2.4919851890548044
2D,nan,165.0,-300.0,0,0.11324697471877768,0.9873948123243091
2D,nan,165.0,-285.0,0,0.12389928842996355,1.0371581271136943
2D,nan,165.0,-270.0,0,0.1355884402616885,1.0894718740301628
2D,nan,165.0,-255.0,0,0.14840733462469166,1.1443718961606948
2D,nan,165.0,-240.0,0,0.16245284942109986,1.2018682573221786
2D,nan,165.0,-225.0,0,0.17782444502844907,1.2619389430758412
2D,nan,165.0,-210.0,0,0.1946221934921448,1.3245228702978005
2D,nan,165.0,-195.0,0,0.21294411148253523,1.3895123340763718
2D,nan,165.0,-180.0,0,0.2328826845432438,1.4567451167012504
2D,nan,165.0,-165.0,0,0.25452048934017796,1.5259966032297376
2D,nan,165.0,-150.0,0,0.2779248616104884,1.5969723889186933
2D,nan,165.0,-135.0,0,0.3031416272877982,1.6693020179564686
2D,nan,165.0,-120.0,0,0.33018801881055354,1.7425346457402977
2D,nan,165.0,-105.0,0,0.359045040572818,1.816137545352752
2D,nan,165.0,-90.0,0,0.389649723063685,1.889498451177637
2D,nan,165.0,-75.0,0,0.421887900589368,1.9619327103015216
2D,nan,165.0,-60.0,0,0.45558833552000205,2.0326960554156743
2D,nan,165.0,-45.0,0,0.4905191516265784,2.101003488700976
2D,nan,165.0,-30.0,0,0.5263875785553327,2.1660542616846943
2D,nan,165.0,-15.0,0,0.5628438961487517,2.2270622715282538
2D,nan,165.0,0.0,0,0.5994901634568331,2.2832904333138906
2D,nan,165.0,15.0,0,0.6358938194755518,2.334086839274387
2D,nan,165.0,30.0,0,0.6716055979263315,2.378919920657945
2D,nan,165.0,45.0,0,0.7061805083832728,2.4174095316610433
2D,nan,165.0,60.0,0,0.7392000420027703,2.4493509887788405
2D,nan,165.0,75.0,0,0.77029340808797,2.4747296611760436
2D,nan,165.0,90.0,0,0.7991556032743973,2.49372465993891
2D,nan,165.0,105.0,0,0.8255604843856678,2.5067013652370345
2D,nan,165.0,120.0,0,0.849367690831625,2.5141937501362737
2D,nan,165.0,135.0,0,0.8705230980431332,2.5168784920355494
2D,nan,165.0,150.0,0,0.8890533026527878,2.5155435409581406
2D,nan,165.0,165.0,0,0.905055285979657,2.5110540588844312
2D,nan,165.0,180.0,0,0.9186827787165099,2.5043184727209375
2D,nan,165.0,195.0,0,0.9301309365682593,2.4962568892856227
2D,nan,165.0,210.0,0,0.9396207795812705,2.4877734390812956
2D,nan,165.0,225.0,0,0.9473845313607666,2.4797333848346197
2D,nan,165.0,240.0,0,0.9536526111464155,2.4729451628640824
2D,nan,165.0,255.0,0,0.9586426600427185,2.468146991822991
2D,nan,165.0,270.0,0,0.9625506745653808,2.465997314568967
2D,nan,165.0,285.0,0,0.9655441007256476,2.4670681326642248
2D,nan,165.0,300.0,0,0.9677566131459852,2.47184022711838
2D,nan,180.0,-300.0,0,0.09635699323337198,0.9086895344290485
2D,nan,180.0,-285.0,0,0.10529298125781675,0.9538304893155221
2D,nan,180.0,-270.0,0,0.115099490430476,1.0013735043678245
2D,nan,180.0,-255.0,0,0.12585870897710227,1.05138479421447
2D,nan,180.0,-240.0,0,0.1376580932693286,1.103914517684624
2D,nan,180.0,-225.0,0,0.1505897761395044,1.158991972767862
2D,nan,180.0,-210.0,0,0.16474960152686333,1.2166200655182757
2D,nan,180.0,-195.0,0,0.18023568716946334,1.2767690643012106
2D,nan,180.0,-180.0,0,0.1971464068332632,1.3393697043174682
2D,nan,180.0,-165.0,0,0.21557767910898964,1.404305780887096
2D,nan,180.0,-150.0,0,0.2356194553371301,1.4714064657862813
2D,nan,180.0,-135.0,0,0.25735132018967866,1.5404386992909156
2D,nan,180.0,-120.0,0,0.28083716126285857,1.6111001483712508
2D,nan,180.0,-105.0,0,0.30611893537435464,1.6830133705102737
2D,nan,180.0,-90.0,0,0.3332096645766894,1.7557219678664728
2D,nan,180.0,-75.0,0,0.3620859361877822,1.828689634862132
2D,nan,180.0,-60.0,0,0.3926803538336366,1.9013030624925134
2D,nan,180.0,-45.0,0,0.4248745760111953,1.972879627435609
2D,nan,180.0,-30.0,0,0.4584937575992383,2.0426806253683076
2D,nan,180.0,-15.0,0,0.4933033373320164,2.109930475913008
2D,nan,180.0,0.0,0,0.5290091402785924,2.1738418216444924
2D,nan,180.0,15.0,0,0.565261638911929,2.233645788735197
2D,nan,180.0,30.0,0,0.6016649054296732,2.2886259373708886
2D,nan,180.0,45.0,0,0.6377902920188364,2.3381537137745285
2D,nan,180.0,60.0,0,0.6731942442951772,2.38172265961094
2D,nan,180.0,75.0,0,0.7074389875751099,2.418978377325954
2D,nan,180.0,90.0,0,0.7401142632989339,2.449741394197293
2D,nan,180.0,105.0,0,0.7708579728140994,2.4740206438664036
2D,nan,180.0,120.0,0,0.799373605078647,2.492016229084972
2D,nan,180.0,135.0,0,0.825442703097946,2.504111292939701
2D,nan,180.0,150.0,0,0.8489312903766856,2.5108540034806666
2D,nan,180.0,165.0,0,0.8697899911919245,2.512931641876546
2D,nan,180.0,180.0,0,0.8880483665526335,2.511139420447765
2D,nan,180.0,195.0,0,0.9038046025631346,2.5063468724837286
2D,nan,180.0,210.0,0,0.9172120403344596,2.499464470870411
2D,nan,180.0,225.0,0,0.9284641103627856,2.4914126403293277
2D,nan,180.0,240.0,0,0.9377790752448552,2.4830946597609436
2D,nan,180.0,255.0,0,0.9453856745754327,2.4753742396946317
2D,nan,180.0,270.0,0,0.9515103940320402,2.4690579122973135
2D,nan,180.0,285.0,0,0.9563667216889714,2.4648818557316248
2D,nan,180.0,300.0,0,0.9601464579209465,2.463502419399658
2D,nan,195.0,-300.0,0,0.08221808197175477,0.8376068820489555
2D,nan,195.0,-285.0,0,0.08972061715227095,0.8784651439981508
2D,nan,195.0,-270.0,0,0.09794989218639918,0.9215453040135062
2D,nan,195.0,-255.0,0,0.10697666295408707,0.9669298395001498
2D,nan,195.0,-240.0,0,0.11687722247089873,1.0146921932227502
2D,nan,195.0,-225.0,0,0.12773328564693778,1.0648932998109755
2D,nan,195.0,-210.0,0,0.1396316534387328,1.117577473955335
2D,nan,195.0,-195.0,0,0.15266358497353627,1.1727676172600419
2D,nan,195.0,-180.0,0,0.16692379310685915,1.230459725083122
2D,nan,195.0,-165.0,0,0.18250896663762445,1.2906167123765626
2D,nan,195.0,-150.0,0,0.19951571312695596,1.3531616317797175
2D,nan,195.0,-135.0,0,0.21803781300672798,1.417970430955836
2D,nan,195.0,-120.0,0,0.23816268262493281,1.4848644913381237
2D,nan,195.0,-105.0,0,0.259966966410024,1.5536033069633244
2D,nan,195.0,-90.0,0,0.2835112226664003,1.623877796397338
2D,nan,195.0,-75.0,0,0.3088337399600115,1.6953048843376652
2D,nan,195.0,-60.0,0,0.3359436265927708,1.7674241270844646
2D,nan,195.0,-45.0,0,0.36481345566666606,1.839697264718284
2D,nan,195.0,-30.0,0,0.3953719174649078,1.911511631861075
2D,nan,195.0,-15.0,0,0.42749711420382186,1.9821883123440305
2D,nan,195.0,0.0,0,0.4610113020949104,2.050995744977354
2D,nan,195.0,15.0,0,0.4956780019818389,2.1171691507288855
2D,nan,195.0,30.0,0,0.5312024140059418,2.179935649148587
2D,nan,195.0,45.0,0,0.5672359366086296,2.2385442893189804
2D,nan,195.0,60.0,0,0.6033852751504154,2.2922995040711265
2D,nan,195.0,75.0,0,0.6392261341435077,2.3405958118426775
2D,nan,195.0,90.0,0,0.6743208708109767,2.382951070980825
2D,nan,195.0,105.0,0,0.7082388467178097,2.4190353682265124
2D,nan,195.0,120.0,0,0.7405776815640744,2.448692791289222
2D,nan,195.0,135.0,0,0.7709833209769825,2.471953918612709
2D,nan,195.0,150.0,0,0.7991668680726569,2.4890377918727533
2D,nan,195.0,165.0,0,0.8249165107563857,2.5003432699547936
2D,nan,195.0,180.0,0,0.8481035312977684,2.5064307992172963
2D,nan,195.0,195.0,0,0.8686821729448553,2.5079965763207923
2D,nan,195.0,210.0,0,0.8866838964894211,2.505841679291087
2D,nan,195.0,225.0,0,0.9022071466150172,2.5008389343828568
2D,nan,195.0,240.0,0,0.9154040802372988,2.493900093197754
2D,nan,195.0,255.0,0,0.9264657733882443,2.485945407815932
2D,nan,195.0,270.0,0,0.9356072648130713,2.4778770384307696
2D,nan,195.0,285.0,0,0.9430534924269404,2.4705570359217526
2D,nan,195.0,300.0,0,0.9490268186808191,2.464790013600002
2D,nan,210.0,-300.0,0,0.0703683783842795,0.7735147704529595
2D,nan,210.0,-285.0,0,0.07667837600865529,0.8104582296991593
2D,nan,210.0,-270.0,0,0.08359320439736505,0.849431200279825
2D,nan,210.0,-255.0,0,0.09117269675468742,0.890522742956547
2D,nan,210.0,-240.0,0,0.09948193362751526,0.9338177068570941
2D,nan,210.0,-225.0,0,0.10859138407273772,0.9793943268398253
2D,nan,210.0,-210.0,0,0.11857692879114837,1.0273213107313552
2D,nan,210.0,-195.0,0,0.12951971797911505,1.0776543563184313
2D,nan,210.0,-180.0,0,0.14150580533167367,1.1304320454508199
2D,nan,210.0,-165.0,0,0.15462548728654515,1.1856710776572494
2D,nan,210.0,-150.0,0,0.1689722639928238,1.2433608309173585
2D,nan,210.0,-135.0,0,0.1846413269533429,1.3034572756424043
2D,nan,210.0,-120.0,0,0.20172746992424137,1.3658763225503336
2D,nan,210.0,-105.0,0,0.22032231751772247,1.43048675868122
2D,nan,210.0,-90.0,0,0.24051077420211908,1.497103019927639
2D,nan,210.0,-75.0,0,0.2623666202653905,1.5654781627049574
2D,nan,210.0,-60.0,0,0.28594722681158474,1.635297527893724
2D,nan,210.0,-45.0,0,0.31128743497943956,1.7061737281136657
2D,nan,210.0,-30.0,0,0.33839274981809947,1.777643719430146
2D,nan,210.0,-15.0,0,0.3672321374346852,1.8491688180055856
2D,nan,210.0,0.0,0,0.39773087934542745,1.920138561096495
2D,nan,210.0,15.0,0,0.4297641149187304,1.9898792555474711
2D,nan,210.0,30.0,0,0.4631518639272577,2.057667871577911
2D,nan,210.0,45.0,0,0.49765642721704706,2.1227516004886273
2D,nan,210.0,60.0,0,0.532983067527641,2.184372897595221
2D,nan,210.0,75.0,0,0.5687847300050696,2.2417992034889616
2D,nan,210.0,90.0,0,0.6046712454689369,2.294355843906632
2D,nan,210.0,105.0,0,0.6402229752606668,2.3414599550590824
2D,nan,210.0,120.0,0,0.6750082567059634,2.382652795107845
2D,nan,210.0,135.0,0,0.7086033914665401,2.4176276086409363
2D,nan,210.0,150.0,0,0.7406134137037346,2.4462503971681677
2D,nan,210.0,165.0,0,0.7706916065296385,2.4685715332949867
2D,nan,210.0,180.0,0,0.7985557869262668,2.4848270719303382
2D,nan,210.0,195.0,0,0.8239997611172524,2.495429713086379
2D,nan,210.0,210.0,0,0.846898992308979,2.500950466473257
2D,nan,210.0,225.0,0,0.8672102861431107,2.5020929694916685
2D,nan,210.0,240.0,0,0.8849660290822187,2.4996629778685033
2D,nan,210.0,255.0,0,0.9002640770535576,2.49453572172294
2D,nan,210.0,270.0,0,0.913254707626725,2.4876236229324977
2D,nan,210.0,285.0,0,0.9241261071414656,2.4798463914059106
2D,nan,210.0,300.0,0,0.9330897087502525,2.4721048808632347
2D,nan,225.0,-300.0,0,0.06041838499054966,0.7157627484057849
2D,nan,225.0,-285.0,0,0.0657380780798745,0.749161208122791
2D,nan,225.0,-270.0,0,0.0715605487359915,0.784397316148971
2D,nan,225.0,-255.0,0,0.07793580628977481,0.8215604247115392
2D,nan,225.0,-240.0,0,0.0849185562447664,0.8607388327894533
2D,nan,225.0,-225.0,0,0.09256845974683865,0.9020181903271202
2D,nan,225.0,-210.0,0,0.10095033871553977,0.945479518686867
2D,nan,225.0,-195.0,0,0.1101342975220074,0.9911967889149047
2D,nan,225.0,-180.0,0,0.12019572378059504,1.0392339985325314
2D,nan,225.0,-165.0,0,0.13121512106439118,1.0896416903952972
2D,nan,225.0,-150.0,0,0.14327771529274913,1.1424528654153707
2D,nan,225.0,-135.0,0,0.1564727645679347,1.1976782567625723
2D,nan,225.0,-120.0,0,0.1708924901509517,1.2553009590952426
2D,nan,225.0,-105.0,0,0.1866305354196092,1.3152704452694384
2D,nan,225.0,-90.0,0,0.2037798521531802,1.3774960577068769
2D,nan,225.0,-75.0,0,0.22242991238052445,1.4418401346486032
2D,nan,225.0,-60.0,0,0.24266315340773265,1.5081110242419253
2D,nan,225.0,-45.0,0,0.26455058861555253,1.5760563510557724
2D,nan,225.0,-30.0,0,0.2881465629706401,1.6453570260503725
2D,nan,225.0,-15.0,0,0.3134827055812529,1.7156226232202785
2D,nan,225.0,0.0,0,0.34056123612226874,1.7863888688073668
2D,nan,225.0,15.0,0,0.36934791786984295,1.8571180797663478
2D,nan,225.0,30.0,0,0.3997651111808778,1.927203418012549
2D,nan,225.0,45.0,0,0.43168555181088825,1.995977762689233
2D,nan,225.0,60.0,0,0.46492763126691533,2.0627278122316226
2D,nan,225.0,75.0,0,0.4992530530855306,2.126713688925502
2D,nan,225.0,90.0,0,0.5343677344761429,2.187193828703763
2D,nan,225.0,105.0,0,0.5699266751276253,2.243454326586017
2D,nan,225.0,120.0,0,0.6055431993782691,2.294841239311742
2D,nan,225.0,135.0,0,0.6408025026480169,2.3407937227310596
2D,nan,225.0,150.0,0,0.6752788504998425,2.3808754254334232
2D,nan,225.0,165.0,0,0.7085551852883536,2.4148013906550743
2D,nan,225.0,180.0,0,0.740243414690597,2.442457917193082
2D,nan,225.0,195.0,0,0.7700034078287362,2.463913411180069
2D,nan,225.0,210.0,0,0.7975587858065226,2.4794191562464705
2D,nan,225.0,225.0,0,0.8227079712333428,2.4893999979746937
2D,nan,225.0,240.0,0,0.8453295845968419,2.4944359955675717
2D,nan,225.0,255.0,0,0.8653820140316786,2.4952369588339405
2D,nan,225.0,270.0,0,0.8828976885745894,2.492612329405035
2D,nan,225.0,285.0,0,0.8979731253754166,2.4874390251233143
2D,nan,225.0,300.0,0,0.9107561242126487,2.480629669659573
2D,nan,240.0,-300.0,0,0.05204329452961967,0.6637168157888197
2D,nan,240.0,-285.0,0,0.05654085502506745,0.6939257427406843
2D,nan,240.0,-270.0,0,0.06145645646076371,0.7257887491603215
2D,nan,240.0,-255.0,0,0.06683159042130216,0.7593916364006603
2D,nan,240.0,-240.0,0,0.07271180764419607,0.7948211127663725
2D,nan,240.0,-225.0,0,0.07914701517242424,0.8321637782287438
2D,nan,240.0,-210.0,0,0.08619175609654293,0.8715048324157324
2D,nan,240.0,-195.0,0,0.09390545507413137,0.9129264567039309
2D,nan,240.0,-180.0,0,0.10235260723620172,0.9565058170749858
2D,nan,240.0,-165.0,0,0.11160288125199332,1.0023126316917064
2D,nan,240.0,-150.0,0,0.12173109912239378,1.050406246877538
2D,nan,240.0,-135.0,0,0.13281704569868427,1.100832168665482
2D,nan,240.0,-120.0,0,0.14494505013264608,1.1536180060073542
2D,nan,240.0,-105.0,0,0.15820326987543484,1.2087687981903181
2D,nan,240.0,-90.0,0,0.17268259627044677,1.2662617254565964
2D,nan,240.0,-75.0,0,0.1884750906006554,1.3260402409727035
2D,nan,240.0,-60.0,0,0.20567185276129293,1.3880077168580973
2D,nan,240.0,-45.0,0,0.224360224547407,1.4520207692095233
2D,nan,240.0,-30.0,0,0.24462023989292417,1.5178825180639313
2D,nan,240.0,-15.0,0,0.26652026024011727,1.585336147021791
2D,nan,240.0,0.0,0,0.2901117801142358,1.6540592494431405
2D,nan,240.0,15.0,0,0.3154234612615231,1.723659574616435
2D,nan,240.0,30.0,0,0.34245455705661293,1.7936729029310452
2D,nan,240.0,45.0,0,0.37116802218910777,1.8635638619469328
2D,nan,240.0,60.0,0,0.40148375932164276,1.9327305172266804
2D,nan,240.0,75.0,0,0.43327261868109257,2.000513501079896
2D,nan,240.0,90.0,0,0.4663519115780467,2.0662102487885137
2D,nan,240.0,105.0,0,0.5004832873529318,2.1290945749818295
2D,nan,240.0,120.0,0,0.5353738119758916,2.1884413420475988
2D,nan,240.0,135.0,0,0.5706809357566226,2.2435553770174774
2D,nan,240.0,150.0,0,0.6060217249070622,2.2938031482184478
2D,nan,240.0,165.0,0,0.6409862667679196,2.3386451165713695
2D,nan,240.0,180.0,0,0.6751545935361615,2.377666246937536
2D,nan,240.0,195.0,0,0.7081158980429169,2.4106020152253302
2D,nan,240.0,210.0,0,0.7394883564113776,2.437357453218093
2D,nan,240.0,225.0,0,0.7689376399341525,2.458017346506863
2D,nan,240.0,240.0,0,0.7961922651315912,2.472846574130744
2D,nan,240.0,255.0,0,0.8210543016320617,2.482280613997188
2D,nan,240.0,270.0,0,0.843404562779858,2.4869072587903025
2D,nan,240.0,285.0,0,0.8632021183532577,2.4874414199894677
2D,nan,240.0,300.0,0,0.8804786481080757,2.484695416291732
2D,nan,255.0,-300.0,0,0.04497418091263752,0.6167797906972329
2D,nan,255.0,-285.0,0,0.04878864275140401,0.6441311469987188
2D,nan,255.0,-270.0,0,0.05295113154129717,0.6729656146744325
2D,nan,255.0,-255.0,0,0.05749592371491386,0.703363296738724
2D,nan,255.0,-240.0,0,0.062460727427764075,0.7354063346937544
2D,nan,255.0,-225.0,0,0.06788697396606151,0.7691782961796246
2D,nan,255.0,-210.0,0,0.0738201115551716,0.8047633694074361
2D,nan,255.0,-195.0,0,0.08030989255564042,0.842245326101212
2D,nan,255.0,-180.0,0,0.08741064152132579,0.8817062098240249
2D,nan,255.0,-165.0,0,0.09518148714968361,0.9232247020189394
2D,nan,255.0,-150.0,0,0.10368653562299344,0.9668741143583326
2D,nan,255.0,-135.0,0,0.11299495608369961,1.0127199537727334
2D,nan,255.0,-120.0,0,0.12318094091778731,1.0608170068038147
2D,nan,255.0,-105.0,0,0.1343234941441184,1.1112058939822227
2D,nan,255.0,-90.0,0,0.14650599069833484,1.1639090544233044
2D,nan,255.0,-75.0,0,0.15981543819524896,1.2189261377862022
2D,nan,255.0,-60.0,0,0.1743413616836401,1.2762288075227481
2D,nan,255.0,-45.0,0,0.1901742223495386,1.335754998534355
2D,nan,255.0,-30.0,0,0.2074032751757624,1.397402726496015
2D,nan,255.0,-15.0,0,0.2261137711984977,1.461023617252947
2D,nan,255.0,0.0,0,0.24638342115028153,1.5264164137342553
2D,nan,255.0,15.0,0,0.2682780637610114,1.593320823544437
2D,nan,255.0,30.0,0,0.2918465291384483,1.66141218827119
2D,nan,255.0,45.0,0,0.3171147605006733,1.7302975764553963
2D,nan,255.0,60.0,0,0.3440793594050206,1.7995140111628722
2D,nan,255.0,75.0,0,0.3727008500553079,1.86852961881541
2D,nan,255.0,90.0,0,0.4028971104622261,1.9367485012115955
2D,nan,255.0,105.0,0,0.43453757644065855,2.003520057095361
2D,nan,255.0,120.0,0,0.4674389623438074,2.0681532847379605
2D,nan,255.0,135.0,0,0.5013633238903554,2.1299362640820028
2D,nan,255.0,150.0,0,0.5360192719363612,2.188160546795879
2D,nan,255.0,165.0,0,0.571066993966575,2.2421496046011185
2D,nan,255.0,180.0,0,0.6061274319253313,2.2912898641164245
2D,nan,255.0,195.0,0,0.6407955114653586,2.335062285477903
2D,nan,255.0,210.0,0,0.6746567701664823,2.3730720355895287
2D,nan,255.0,225.0,0,0.7073061815988917,2.4050736725349053
2D,nan,255.0,240.0,0,0.7383675325307554,2.430989467067159
2D,nan,255.0,255.0,0,0.7675114906428468,2.450919049351169
2D,nan,255.0,270.0,0,0.7944705688111219,2.4651394182271806
2D,nan,255.0,285.0,0,0.819049553186931,2.474095353360673
2D,nan,255.0,300.0,0,0.8411305487161123,2.4783812574864483
2D,nan,270.0,-300.0,0,0.03898933597796493,0.5744018032629408
2D,nan,270.0,-285.0,0,0.04223526860375386,0.5991996447471198
2D,nan,270.0,-270.0,0,0.04577152681031983,0.6253242260716652
2D,nan,270.0,-255.0,0,0.04962636670529228,0.652848932151229
2D,nan,270.0,-240.0,0,0.05383090450188509,0.6818497646480383
2D,nan,270.0,-225.0,0,0.058419381365443654,0.7124050008074976
2D,nan,270.0,-210.0,0,0.06342944014215092,0.7445947209470778
2D,nan,270.0,-195.0,0,0.06890240964016675,0.7785001762310451
2D,nan,270.0,-180.0,0,0.07488359003182318,0.8142029639736971
2D,nan,270.0,-165.0,0,0.08142253021402132,0.8517839731305503
2D,nan,270.0,-150.0,0,0.08857328446579397,0.8913220580765737
2D,nan,270.0,-135.0,0,0.09639463133005134,0.9328923945726679
2D,nan,270.0,-120.0,0,0.10495023217391493,0.9765644684827569
2D,nan,270.0,-105.0,0,0.1143087002215844,1.0223996460353753
2D,nan,270.0,-90.0,0,0.12454354292822184,1.0704482751811326
2D,nan,270.0,-75.0,0,0.13573293139434625,1.1207462721515538
2D,nan,270.0,-60.0,0,0.14795924029647547,1.1733111572751722
2D,nan,270.0,-45.0,0,0.1613082909836102,1.2281375214200483
2D,nan,270.0,-30.0,0,0.17586821980026188,1.285191931373497
2D,nan,270.0,-15.0,0,0.19172788472231983,1.3444073215013452
2D,nan,270.0,0.0,0,0.20897471810909432,1.405676972529231
2D,nan,270.0,15.0,0,0.22769193470570046,1.4688482481269391
2D,nan,270.0,30.0,0,0.2479550158142178,1.5337163468551032
2D,nan,270.0,45.0,0,0.26982741745618094,1.6000184295602997
2D,nan,270.0,60.0,0,0.2933554974900763,1.6674285958792012
2D,nan,270.0,75.0,0,0.31856272877977676,1.735554299047849
2D,nan,270.0,90.0,0,0.3454433656442931,1.8039348910573505
2D,nan,270.0,105.0,0,0.37395585822189686,1.8720430595880337
2D,nan,270.0,120.0,0,0.4040164571121347,1.9392899279030174
2D,nan,270.0,135.0,0,0.4354936031351407,2.005034509927343
2D,nan,270.0,150.0,0,0.46820382856988635,2.068598018159708
2D,nan,270.0,165.0,0,0.5019099717923278,2.1292831946430337
2D,nan,270.0,180.0,0,0.5363224869922114,2.1863983766416486
2D,nan,270.0,195.0,0,0.571104478879056,2.239285448321449
2D,nan,270.0,210.0,0,0.605880790048094,2.2873502296090207
2D,nan,270.0,225.0,0,0.6402510271735234,2.3300933054937714
2D,nan,270.0,240.0,0,0.6738058816633531,2.367138912214619
2D,nan,270.0,255.0,0,0.7061455686231207,2.39825937371635
2D,nan,270.0,270.0,0,0.7368987847555795,2.4233927903987444
2D,nan,270.0,285.0,0,0.7657403751476294,2.44265223048429
2D,nan,270.0,300.0,0,0.7924059666800273,2.4563254982938467
2D,nan,285.0,-300.0,0,0.03390637804230674,0.5360843304269808
2D,nan,285.0,-285.0,0,0.03667805876269626,0.5586034764972895
2D,nan,285.0,-270.0,0,0.03969255175815875,0.5823081062521595
2D,nan,285.0,-255.0,0,0.04297313811337349,0.6072645876858913
2D,nan,285.0,-240.0,0,0.04654546095046755,0.6335421272370898
2D,nan,285.0,-225.0,0,0.05043775587998381,0.6612126057660762
2D,nan,285.0,-210.0,0,0.054681096911546476,0.6903503274157159
2D,nan,285.0,-195.0,0,0.059309656165783174,0.721031661025034
2D,nan,285.0,-180.0,0,0.06436097453157831,0.753334550210764
2D,nan,285.0,-165.0,0,0.06987623881402527,0.7873378643169192
2D,nan,285.0,-150.0,0,0.07590055881704154,0.8231205582398281
2D,nan,285.0,-135.0,0,0.08248323508226792,0.8607606047856943
2D,nan,285.0,-120.0,0,0.08967800453024533,0.9003336589423073
2D,nan,285.0,-105.0,0,0.09754324687970457,0.9419114095745589
2D,nan,285.0,-90.0,0,0.10614212931684826,0.9855595710911725
2D,nan,285.0,-75.0,0,0.11554266033094786,1.0313354662676897
2D,nan,285.0,-60.0,0,0.12581761585934112,1.0792851525982583
2D,nan,285.0,-45.0,0,0.1370442919279945,1.12944004951575
2D,nan,285.0,-30.0,0,0.1493040280341433,1.1818130341248325
2D,nan,285.0,-15.0,0,0.1626814350580145,1.2363939906327754
2D,nan,285.0,0.0,0,0.17726325135497809,1.2931448256051286
2D,nan,285.0,15.0,0,0.19313674223748797,1.3519939998649373
2D,nan,285.0,30.0,0,0.21038755335753015,1.4128306805186772
2D,nan,285.0,45.0,0,0.2290969304098151,1.4754986849431286
2D,nan,285.0,60.0,0,0.24933822983403292,1.5397904731385192
2D,nan,285.0,75.0,0,0.2711726723168428,1.6054415441347245
2D,nan,285.0,90.0,0,0.2946443377909037,1.6721257014858022
2D,nan,285.0,105.0,0,0.3197744718021823,1.7394517633355935
2D,nan,285.0,120.0,0,0.34655527131552555,1.8069623897739342
2D,nan,285.0,135.0,0,0.3749434423120097,1.874135764111917
2D,nan,285.0,150.0,0,0.40485396491554715,1.9403908700716994
2D,nan,285.0,165.0,0,0.43615464893957323,2.0050970259148957
2D,nan,285.0,180.0,0,0.46866218864369935,2.067588143700501
2D,nan,285.0,195.0,0,0.5021404962850387,2.1271818611680136
2D,nan,285.0,210.0,0,0.5363020714572678,2.1832032474855145
2D,nan,285.0,225.0,0,0.57081301315313,2.235012241205055
2D,nan,285.0,240.0,0,0.6053019862215028,2.2820333993389386
2D,nan,285.0,255.0,0,0.6393730247412003,2.3237860091458433
2D,nan,285.0,270.0,0,0.6726215405557061,2.359912243566223
2D,nan,285.0,285.0,0,0.7046523904470078,2.39020092567596
2D,nan,285.0,300.0,0,0.7350984458197531,2.4146046720491
2D,nan,300.0,-300.0,0,0.029575374752385825,0.5013802002157943
2D,nan,300.0,-285.0,0,0.03195037957204,0.5218667857933438
2D,nan,300.0,-270.0,0,0.03452905741522706,0.5434123358175619
2D,nan,300.0,-255.0,0,0.03733060263217286,0.5660763419895036
2D,nan,300.0,-240.0,0,0.04037614939261155,0.5899211356143202
2D,nan,300.0,-225.0,0,0.04368896689325691,0.6150118355385088
2D,nan,300.0,-210.0,0,0.04729467043264054,0.6414162397552032
2D,nan,300.0,-195.0,0,0.051221448129974034,0.6692046464622424
2D,nan,300.0,-180.0,0,0.055500302420486605,0.6984495876539732
2D,nan,300.0,-165.0,0,0.060165304570798536,0.7292254552576999
2D,nan,300.0,-150.0,0,0.0652538592554532,0.7616079963959533
2D,nan,300.0,-135.0,0,0.07080697463635188,0.7956736506034985
2D,nan,300.0,-120.0,0,0.07686953129111995,0.8314986978224661
2D,nan,300.0,-105.0,0,0.08349054062976842,0.8691581818839068
2D,nan,300.0,-90.0,0,0.09072337999314882,0.9087245701746384
2D,nan,300.0,-75.0,0,0.09862598730619451,0.9502661066272948
2D,nan,300.0,-60.0,0,0.10726099283160483,0.9938448125500667
2D,nan,300.0,-45.0,0,0.11669575912601911,1.0395140888164751
2D,nan,300.0,-30.0,0,0.1270022926848372,1.0873158744877212
2D,nan,300.0,-15.0,0,0.13825698201747183,1.137277322240093
2D,nan,300.0,0.0,0,0.150540107232958,1.1894069615279599
2D,nan,300.0,15.0,0,0.1639350561050476,1.2436903380498154
2D,nan,300.0,30.0,0,0.17852717186955427,1.3000851448869042
2D,nan,300.0,45.0,0,0.19440215004069192,1.3585158988689903
2D,nan,300.0,60.0,0,0.2116438973340958,1.4188682673934183
2D,nan,300.0,75.0,0,0.23033176815350176,1.4809832176408513
2D,nan,300.0,90.0,0,0.25053710667518103,1.5446512423051577
2D,nan,300.0,105.0,0,0.2723190497172559,1.6096070119906314
2D,nan,300.0,120.0,0,0.2957195920280934,1.6755249096951352
2D,nan,300.0,135.0,0,0.3207579856491671,1.7420160084956084
2D,nan,300.0,150.0,0,0.34742464113545013,1.8086271457640692
2D,nan,300.0,165.0,0,0.37567481957131277,1.8748428065159117
2D,nan,300.0,180.0,0,0.4054225435522614,1.9400905305707619
2D,nan,300.0,195.0,0,0.43653529760925136,2.0037504764669127
2D,nan,300.0,210.0,0,0.4688302096270681,2.0651695852172898
2D,nan,300.0,225.0,0,0.5020724719371777,2.123680473988087
2D,nan,300.0,240.0,0,0.5359767370938858,2.1786247562406795
2D,nan,300.0,255.0,0,0.5702120761932489,2.2293799589546377
2D,nan,300.0,270.0,0,0.6044108000908375,2.275388647286605
2D,nan,300.0,285.0,0,0.6381810271076661,2.3161878577212676
2D,nan,300.0,300.0,0,0.6711223818185501,2.3514365830046238
